month,cve,advisory,advisory_title,cvss_base,cvss_vector,ssvc_exploitation,ssvc_automatable,ssvc_technical_impact
2024-01,CVE-2022-4304,ICSA-24-004-02,Mitsubishi Electric Factory Automation Products,5.9,CVSS:3.1/AV:N/AC:H/PR:N/UI:N/S:U/C:H/I:N/A:N,none,no,partial
2024-01,CVE-2022-44037,ICSA-24-023-01,APsystems Energy Communication Unit (ECU-C) Power Control Software,8.8,CVSS:3.1/AV:A/AC:L/PR:N/UI:N/S:U/C:H/I:H/A:H,none,no,total
2024-01,CVE-2022-4450,ICSA-24-004-02,Mitsubishi Electric Factory Automation Products,7.5,CVSS:3.1/AV:N/AC:L/PR:N/UI:N/S:U/C:N/I:N/A:H,none,yes,partial
2024-01,CVE-2022-47378,ICSA-24-030-07,Rockwell Automation LP30/40/50 and BM40 Operator Interface,6.5,CVSS:3.1/AV:N/AC:L/PR:L/UI:N/S:U/C:N/I:N/A:H,none,no,partial
2024-01,CVE-2022-47379,ICSA-24-030-07,Rockwell Automation LP30/40/50 and BM40 Operator Interface,8.8,CVSS:3.1/AV:N/AC:L/PR:L/UI:N/S:U/C:H/I:H/A:H,none,no,total
2024-01,CVE-2022-47380,ICSA-24-030-07,Rockwell Automation LP30/40/50 and BM40 Operator Interface,8.8,CVSS:3.1/AV:N/AC:L/PR:L/UI:N/S:U/C:H/I:H/A:H,none,no,total
2024-01,CVE-2022-47381,ICSA-24-030-07,Rockwell Automation LP30/40/50 and BM40 Operator Interface,8.8,CVSS:3.1/AV:N/AC:L/PR:L/UI:N/S:U/C:H/I:H/A:H,none,no,total
2024-01,CVE-2022-47382,ICSA-24-030-07,Rockwell Automation LP30/40/50 and BM40 Operator Interface,8.8,CVSS:3.1/AV:N/AC:L/PR:L/UI:N/S:U/C:H/I:H/A:H,none,no,total
2024-01,CVE-2022-47383,ICSA-24-030-07,Rockwell Automation LP30/40/50 and BM40 Operator Interface,8.8,CVSS:3.1/AV:N/AC:L/PR:L/UI:N/S:U/C:H/I:H/A:H,none,no,total
2024-01,CVE-2022-47384,ICSA-24-030-07,Rockwell Automation LP30/40/50 and BM40 Operator Interface,8.8,CVSS:3.1/AV:N/AC:L/PR:L/UI:N/S:U/C:H/I:H/A:H,none,no,total
2024-01,CVE-2022-47385,ICSA-24-030-07,Rockwell Automation LP30/40/50 and BM40 Operator Interface,8.8,CVSS:3.1/AV:N/AC:L/PR:L/UI:N/S:U/C:H/I:H/A:H,none,no,total
2024-01,CVE-2022-47386,ICSA-24-030-07,Rockwell Automation LP30/40/50 and BM40 Operator Interface,8.8,CVSS:3.1/AV:N/AC:L/PR:L/UI:N/S:U/C:H/I:H/A:H,none,no,total
2024-01,CVE-2022-47387,ICSA-24-030-07,Rockwell Automation LP30/40/50 and BM40 Operator Interface,8.8,CVSS:3.1/AV:N/AC:L/PR:L/UI:N/S:U/C:H/I:H/A:H,none,no,total
2024-01,CVE-2022-47388,ICSA-24-030-07,Rockwell Automation LP30/40/50 and BM40 Operator Interface,8.8,CVSS:3.1/AV:N/AC:L/PR:L/UI:N/S:U/C:H/I:H/A:H,none,no,total
2024-01,CVE-2022-47392,ICSA-24-030-07,Rockwell Automation LP30/40/50 and BM40 Operator Interface,6.5,CVSS:3.1/AV:N/AC:L/PR:L/UI:N/S:U/C:N/I:N/A:H,none,no,partial
2024-01,CVE-2022-47393,ICSA-24-030-07,Rockwell Automation LP30/40/50 and BM40 Operator Interface,6.5,CVSS:3.1/AV:N/AC:L/PR:L/UI:N/S:U/C:N/I:N/A:H,none,no,partial
2024-01,CVE-2023-0286,ICSA-24-004-02,Mitsubishi Electric Factory Automation Products,7.4,CVSS:3.1/AV:N/AC:H/PR:N/UI:N/S:U/C:H/I:N/A:H,none,no,partial
2024-01,CVE-2023-31274,ICSA-24-018-01,AVEVA PI Server,5.3,CVSS:3.0/AV:N/AC:L/PR:N/UI:N/S:U/C:N/I:N/A:L,none,yes,partial
2024-01,CVE-2023-34348,ICSA-24-018-01,AVEVA PI Server,7.5,CVSS:3.0/AV:N/AC:L/PR:N/UI:N/S:U/C:N/I:N/A:H,none,yes,partial
2024-01,CVE-2023-38545,ICSA-24-004-01,Rockwell Automation FactoryTalk Activation,9.8,CVSS:3.1/AV:N/AC:L/PR:N/UI:N/S:U/C:H/I:H/A:H,poc,no,total
2024-01,CVE-2023-3935,ICSA-24-004-01,Rockwell Automation FactoryTalk Activation,7.5,CVSS:3.1/AV:N/AC:L/PR:N/UI:N/S:U/C:N/I:N/A:H,none,yes,total
2024-01,CVE-2023-42797,ICSA-24-011-08,Siemens SICAM A8000,6.6,CVSS:3.1/AV:N/AC:H/PR:H/UI:N/S:U/C:H/I:H/A:H/E:P/RL:O/RC:C,none,no,total
2024-01,CVE-2023-44120,ICSA-24-011-07,Siemens Spectrum Power 7,7.8,CVSS:3.1/AV:L/AC:L/PR:L/UI:N/S:U/C:H/I:H/A:H/E:P/RL:O/RC:C,none,no,total
2024-01,CVE-2023-49121,ICSA-24-011-11,Siemens Solid Edge,7.8,CVSS:3.1/AV:L/AC:L/PR:N/UI:R/S:U/C:H/I:H/A:H/E:P/RL:O/RC:C,none,no,total
2024-01,CVE-2023-49122,ICSA-24-011-11,Siemens Solid Edge,7.8,CVSS:3.1/AV:L/AC:L/PR:N/UI:R/S:U/C:H/I:H/A:H/E:P/RL:O/RC:C,none,no,total
2024-01,CVE-2023-49123,ICSA-24-011-11,Siemens Solid Edge,7.8,CVSS:3.1/AV:L/AC:L/PR:N/UI:R/S:U/C:H/I:H/A:H/E:P/RL:O/RC:C,none,no,total
2024-01,CVE-2023-49124,ICSA-24-011-11,Siemens Solid Edge,7.8,CVSS:3.1/AV:L/AC:L/PR:N/UI:R/S:U/C:H/I:H/A:H/E:P/RL:O/RC:C,none,no,total
2024-01,CVE-2023-49126,ICSA-24-011-11,Siemens Solid Edge,7.8,CVSS:3.1/AV:L/AC:L/PR:N/UI:R/S:U/C:H/I:H/A:H/E:P/RL:O/RC:C,none,no,total
2024-01,CVE-2023-49127,ICSA-24-011-11,Siemens Solid Edge,7.8,CVSS:3.1/AV:L/AC:L/PR:N/UI:R/S:U/C:H/I:H/A:H/E:P/RL:O/RC:C,none,no,total
2024-01,CVE-2023-49128,ICSA-24-011-11,Siemens Solid Edge,7.8,CVSS:3.1/AV:L/AC:L/PR:N/UI:R/S:U/C:H/I:H/A:H/E:P/RL:O/RC:C,none,no,total
2024-01,CVE-2023-49129,ICSA-24-011-11,Siemens Solid Edge,7.8,CVSS:3.1/AV:L/AC:L/PR:N/UI:R/S:U/C:H/I:H/A:H/E:P/RL:O/RC:C,none,no,total
2024-01,CVE-2023-49130,ICSA-24-011-11,Siemens Solid Edge,7.8,CVSS:3.1/AV:L/AC:L/PR:N/UI:R/S:U/C:H/I:H/A:H/E:P/RL:O/RC:C,none,no,total
2024-01,CVE-2023-49131,ICSA-24-011-11,Siemens Solid Edge,7.8,CVSS:3.1/AV:L/AC:L/PR:N/UI:R/S:U/C:H/I:H/A:H/E:P/RL:O/RC:C,none,no,total
2024-01,CVE-2023-49132,ICSA-24-011-11,Siemens Solid Edge,7.8,CVSS:3.1/AV:L/AC:L/PR:N/UI:R/S:U/C:H/I:H/A:H/E:P/RL:O/RC:C,none,no,total
2024-01,CVE-2023-49251,ICSA-24-011-09,Siemens SIMATIC CN 4100,8.8,CVSS:3.1/AV:N/AC:L/PR:L/UI:N/S:U/C:H/I:H/A:H/E:P/RL:O/RC:C,none,no,total
2024-01,CVE-2023-49252,ICSA-24-011-09,Siemens SIMATIC CN 4100,7.5,CVSS:3.1/AV:N/AC:L/PR:N/UI:N/S:U/C:N/I:N/A:H/E:P/RL:O/RC:C,none,yes,partial
2024-01,CVE-2023-49621,ICSA-24-011-09,Siemens SIMATIC CN 4100,9.8,CVSS:3.1/AV:N/AC:L/PR:N/UI:N/S:U/C:H/I:H/A:H/E:P/RL:O/RC:C,none,yes,total
2024-01,CVE-2023-51438,ICSA-24-011-10,Siemens SIMATIC,10.0,CVSS:3.1/AV:N/AC:L/PR:N/UI:N/S:C/C:H/I:H/A:H/E:P/RL:O/RC:C,poc,yes,total
2024-01,CVE-2023-51439,ICSA-24-011-06,Siemens Teamcenter Visualization and JT2Go,7.8,CVSS:3.1/AV:L/AC:L/PR:N/UI:R/S:U/C:H/I:H/A:H/E:P/RL:O/RC:C,none,no,partial
2024-01,CVE-2023-51744,ICSA-24-011-06,Siemens Teamcenter Visualization and JT2Go,3.3,CVSS:3.1/AV:L/AC:L/PR:N/UI:R/S:U/C:N/I:N/A:L/E:P/RL:O/RC:C,none,no,partial
2024-01,CVE-2023-51745,ICSA-24-011-06,Siemens Teamcenter Visualization and JT2Go,7.8,CVSS:3.1/AV:L/AC:L/PR:N/UI:R/S:U/C:H/I:H/A:H/E:P/RL:O/RC:C,none,no,total
2024-01,CVE-2023-51746,ICSA-24-011-06,Siemens Teamcenter Visualization and JT2Go,7.8,CVSS:3.1/AV:L/AC:L/PR:N/UI:R/S:U/C:H/I:H/A:H/E:P/RL:O/RC:C,none,no,total
2024-01,CVE-2023-6374,ICSA-24-030-03,Mitsubishi Electric MELSEC WS Series Ethernet Interface Module,5.9,CVSS:3.1/AV:N/AC:H/PR:N/UI:N/S:U/C:N/I:H/A:N,none,no,partial
2024-01,CVE-2023-6926,ICSA-24-023-02,Crestron AM-300,8.4,CVSS:3.1/AV:L/AC:L/PR:N/UI:N/S:U/C:H/I:H/A:H,none,no,total
2024-01,CVE-2023-6942,ICSA-24-030-02,Mitsubishi Electric FA Engineering Software Products (Update D),7.5,CVSS:3.1/AV:N/AC:L/PR:N/UI:N/S:U/C:N/I:H/A:N,none,yes,partial
2024-01,CVE-2023-6943,ICSA-24-030-02,Mitsubishi Electric FA Engineering Software Products (Update D),9.8,CVSS:3.1/AV:N/AC:L/PR:N/UI:N/S:U/C:H/I:H/A:H,none,yes,total
2024-01,CVE-2023-7032,ICSA-24-011-05,Schneider Electric Easergy Studio,7.8,CVSS:3.1/AV:L/AC:L/PR:L/UI:N/S:U/C:H/I:H/A:H,none,no,total
2024-01,CVE-2023-7206,ICSA-24-011-04,Horner Automation Cscape,7.8,CVSS:3.0/AV:L/AC:L/PR:N/UI:R/S:U/C:H/I:H/A:H,none,no,total
2024-01,CVE-2023-7227,ICSA-24-025-02,SystemK NVR 504/508/516,9.8,CVSS:3.1/AV:N/AC:L/PR:N/UI:N/S:U/C:H/I:H/A:H,none,yes,total
2024-01,CVE-2023-7234,ICSA-24-016-02,Integration Objects OPC UA Server Toolkit (Update A),5.3,CVSS:3.1/AV:N/AC:L/PR:N/UI:N/S:U/C:N/I:L/A:N,none,yes,partial
2024-01,CVE-2023-7237,ICSA-24-023-05,Lantronix XPort,5.7,CVSS:3.1/AV:A/AC:L/PR:N/UI:R/S:U/C:H/I:N/A:N,none,no,total
2024-01,CVE-2024-22768,ICSA-24-030-04,Hitron Systems Security Camera DVR,7.4,CVSS:3.1/AV:A/AC:L/PR:N/UI:N/S:C/C:N/I:N/A:H,none,no,partial
2024-01,CVE-2024-22769,ICSA-24-030-04,Hitron Systems Security Camera DVR,7.4,CVSS:3.1/AV:A/AC:L/PR:N/UI:N/S:C/C:N/I:N/A:H,none,no,partial
2024-01,CVE-2024-22770,ICSA-24-030-04,Hitron Systems Security Camera DVR,7.4,CVSS:3.1/AV:A/AC:L/PR:N/UI:N/S:C/C:N/I:N/A:H,none,yes,partial
2024-01,CVE-2024-22771,ICSA-24-030-04,Hitron Systems Security Camera DVR,7.4,CVSS:3.1/AV:A/AC:L/PR:N/UI:N/S:C/C:N/I:N/A:H,none,yes,partial
2024-01,CVE-2024-22772,ICSA-24-030-04,Hitron Systems Security Camera DVR,7.4,CVSS:3.1/AV:A/AC:L/PR:N/UI:N/S:C/C:N/I:N/A:H,none,yes,partial
2024-01,CVE-2024-23842,ICSA-24-030-04,Hitron Systems Security Camera DVR,7.4,CVSS:3.1/AV:A/AC:L/PR:N/UI:N/S:C/C:N/I:N/A:H,none,yes,partial
2024-02,CVE-2019-11043,ICSA-26-027-02,Festo Didactic SE MES PC,9.8,CVSS:3.1/AV:N/AC:L/PR:N/UI:N/S:U/C:H/I:H/A:H,active,no,total
2024-02,CVE-2020-1971,ICSA-24-046-02,Siemens SIDIS Prime,5.9,CVSS:3.1/AV:N/AC:H/PR:N/UI:N/S:U/C:N/I:N/A:H,none,no,partial
2024-02,CVE-2020-2752,ICSA-26-027-02,Festo Didactic SE MES PC,5.3,CVSS:3.1/AV:N/AC:H/PR:L/UI:N/S:U/C:N/I:N/A:H,none,no,partial
2024-02,CVE-2020-2760,ICSA-26-027-02,Festo Didactic SE MES PC,5.5,CVSS:3.1/AV:N/AC:L/PR:H/UI:N/S:U/C:N/I:L/A:H,none,no,partial
2024-02,CVE-2020-2780,ICSA-26-027-02,Festo Didactic SE MES PC,6.5,CVSS:3.1/AV:N/AC:L/PR:L/UI:N/S:U/C:N/I:N/A:H,none,no,partial
2024-02,CVE-2020-2812,ICSA-26-027-02,Festo Didactic SE MES PC,4.9,CVSS:3.1/AV:N/AC:L/PR:H/UI:N/S:U/C:N/I:N/A:H,none,no,partial
2024-02,CVE-2020-2814,ICSA-26-027-02,Festo Didactic SE MES PC,4.9,CVSS:3.1/AV:N/AC:L/PR:H/UI:N/S:U/C:N/I:N/A:H,none,no,partial
2024-02,CVE-2020-2922,ICSA-26-027-02,Festo Didactic SE MES PC,3.7,CVSS:3.1/AV:N/AC:H/PR:N/UI:N/S:U/C:L/I:N/A:N,none,no,partial
2024-02,CVE-2021-2007,ICSA-26-027-02,Festo Didactic SE MES PC,3.7,CVSS:3.1/AV:N/AC:H/PR:N/UI:N/S:U/C:L/I:N/A:N,none,no,partial
2024-02,CVE-2021-2011,ICSA-26-027-02,Festo Didactic SE MES PC,5.9,CVSS:3.1/AV:N/AC:H/PR:N/UI:N/S:U/C:N/I:N/A:H,none,no,partial
2024-02,CVE-2021-2022,ICSA-26-027-02,Festo Didactic SE MES PC,4.4,CVSS:3.1/AV:N/AC:H/PR:H/UI:N/S:U/C:N/I:N/A:H,none,no,partial
2024-02,CVE-2021-2032,ICSA-26-027-02,Festo Didactic SE MES PC,4.3,CVSS:3.1/AV:N/AC:L/PR:L/UI:N/S:U/C:L/I:N/A:N,none,no,partial
2024-02,CVE-2021-2144,ICSA-26-027-02,Festo Didactic SE MES PC,7.2,CVSS:3.1/AV:N/AC:L/PR:H/UI:N/S:U/C:H/I:H/A:H,none,no,total
2024-02,CVE-2021-2154,ICSA-26-027-02,Festo Didactic SE MES PC,4.9,CVSS:3.1/AV:N/AC:L/PR:H/UI:N/S:U/C:N/I:N/A:H,none,no,partial
2024-02,CVE-2021-2166,ICSA-26-027-02,Festo Didactic SE MES PC,4.9,CVSS:3.1/AV:N/AC:L/PR:H/UI:N/S:U/C:N/I:N/A:H,none,no,partial
2024-02,CVE-2021-2174,ICSA-26-027-02,Festo Didactic SE MES PC,4.4,CVSS:3.1/AV:N/AC:H/PR:H/UI:N/S:U/C:N/I:N/A:H,none,no,partial
2024-02,CVE-2021-2180,ICSA-26-027-02,Festo Didactic SE MES PC,4.9,CVSS:3.1/AV:N/AC:L/PR:H/UI:N/S:U/C:N/I:N/A:H,none,no,partial
2024-02,CVE-2021-2194,ICSA-26-027-02,Festo Didactic SE MES PC,4.9,CVSS:3.1/AV:N/AC:L/PR:H/UI:N/S:U/C:N/I:N/A:H,none,no,partial
2024-02,CVE-2021-2372,ICSA-26-027-02,Festo Didactic SE MES PC,4.4,CVSS:3.1/AV:N/AC:H/PR:H/UI:N/S:U/C:N/I:N/A:H,none,no,partial
2024-02,CVE-2021-2389,ICSA-26-027-02,Festo Didactic SE MES PC,5.9,CVSS:3.1/AV:N/AC:H/PR:N/UI:N/S:U/C:N/I:N/A:H,none,no,partial
2024-02,CVE-2021-35604,ICSA-26-027-02,Festo Didactic SE MES PC,5.5,CVSS:3.1/AV:N/AC:L/PR:H/UI:N/S:U/C:N/I:L/A:H,none,no,partial
2024-02,CVE-2021-36369,ICSA-24-046-11,Siemens SCALANCE XCM-/XRM-300,7.5,CVSS:3.1/AV:N/AC:L/PR:N/UI:N/S:U/C:N/I:H/A:N/E:P/RL:O/RC:C,none,yes,partial
2024-02,CVE-2021-43666,ICSA-24-046-11,Siemens SCALANCE XCM-/XRM-300,7.5,CVSS:3.1/AV:N/AC:L/PR:N/UI:N/S:U/C:N/I:N/A:H/E:P/RL:O/RC:C,poc,yes,partial
2024-02,CVE-2022-0778,ICSA-24-046-02,Siemens SIDIS Prime,7.5,CVSS:3.1/AV:N/AC:L/PR:N/UI:N/S:U/C:N/I:N/A:H,none,yes,partial
2024-02,CVE-2022-1348,ICSA-24-046-11,Siemens SCALANCE XCM-/XRM-300,6.5,CVSS:3.1/AV:N/AC:L/PR:L/UI:N/S:U/C:N/I:N/A:H/E:P/RL:O/RC:C,none,no,partial
2024-02,CVE-2022-21595,ICSA-26-027-02,Festo Didactic SE MES PC,4.4,CVSS:3.1/AV:N/AC:H/PR:H/UI:N/S:U/C:N/I:N/A:H,none,no,partial
2024-02,CVE-2022-23471,ICSA-24-046-11,Siemens SCALANCE XCM-/XRM-300,5.7,CVSS:3.1/AV:N/AC:L/PR:L/UI:R/S:U/C:N/I:N/A:H,none,no,partial
2024-02,CVE-2022-23521,ICSA-24-046-11,Siemens SCALANCE XCM-/XRM-300,9.8,CVSS:3.1/AV:N/AC:L/PR:N/UI:N/S:U/C:H/I:H/A:H,none,yes,total
2024-02,CVE-2022-23808,ICSA-26-027-02,Festo Didactic SE MES PC,6.1,CVSS:3.1/AV:N/AC:L/PR:N/UI:R/S:C/C:L/I:L/A:N,none,no,partial
2024-02,CVE-2022-24834,ICSA-24-046-11,Siemens SCALANCE XCM-/XRM-300,7.0,CVSS:3.1/AV:L/AC:H/PR:L/UI:N/S:U/C:H/I:H/A:H,poc,no,total
2024-02,CVE-2022-2586,ICSA-24-046-11,Siemens SCALANCE XCM-/XRM-300,6.7,CVSS:3.1/AV:L/AC:L/PR:H/UI:N/S:U/C:H/I:H/A:H/E:P/RL:O/RC:C,active,no,total
2024-02,CVE-2022-28737,ICSA-24-046-11,Siemens SCALANCE XCM-/XRM-300,7.8,CVSS:3.1/AV:L/AC:L/PR:N/UI:R/S:U/C:H/I:H/A:H/E:P/RL:O/RC:C,none,no,total
2024-02,CVE-2022-29162,ICSA-24-046-11,Siemens SCALANCE XCM-/XRM-300,5.9,CVSS:3.1/AV:L/AC:L/PR:N/UI:N/S:U/C:L/I:L/A:L,none,no,partial
2024-02,CVE-2022-31628,ICSA-26-027-02,Festo Didactic SE MES PC,5.5,CVSS:3.1/AV:L/AC:L/PR:L/UI:N/S:U/C:N/I:N/A:H,none,no,partial
2024-02,CVE-2022-31629,ICSA-26-027-02,Festo Didactic SE MES PC,6.5,CVSS:3.1/AV:N/AC:L/PR:N/UI:R/S:U/C:N/I:H/A:N,none,no,partial
2024-02,CVE-2022-32148,ICSA-24-046-11,Siemens SCALANCE XCM-/XRM-300,6.5,CVSS:3.1/AV:N/AC:L/PR:N/UI:N/S:U/C:L/I:L/A:N/E:P/RL:O/RC:C,none,yes,partial
2024-02,CVE-2022-3294,ICSA-24-046-11,Siemens SCALANCE XCM-/XRM-300,6.6,CVSS:3.1/AV:N/AC:H/PR:H/UI:N/S:U/C:H/I:H/A:H,none,no,total
2024-02,CVE-2022-3437,ICSA-24-046-11,Siemens SCALANCE XCM-/XRM-300,6.5,CVSS:3.1/AV:N/AC:L/PR:L/UI:N/S:U/C:N/I:N/A:H/E:P/RL:O/RC:C,none,no,partial
2024-02,CVE-2022-3515,ICSA-24-046-11,Siemens SCALANCE XCM-/XRM-300,9.8,CVSS:3.1/AV:N/AC:L/PR:N/UI:N/S:U/C:H/I:H/A:H/E:P/RL:O/RC:C,poc,yes,total
2024-02,CVE-2022-36021,ICSA-24-046-11,Siemens SCALANCE XCM-/XRM-300,5.5,CVSS:3.1/AV:L/AC:L/PR:L/UI:N/S:U/C:N/I:N/A:H,none,no,partial
2024-02,CVE-2022-36760,ICSA-24-046-11,Siemens SCALANCE XCM-/XRM-300,9.0,CVSS:3.1/AV:N/AC:H/PR:N/UI:N/S:C/C:H/I:H/A:H/E:P/RL:O/RC:C,none,no,total
2024-02,CVE-2022-37436,ICSA-24-046-11,Siemens SCALANCE XCM-/XRM-300,5.3,CVSS:3.1/AV:N/AC:L/PR:N/UI:N/S:U/C:N/I:L/A:N/E:P/RL:O/RC:C,none,yes,partial
2024-02,CVE-2022-37454,ICSA-24-046-11,Siemens SCALANCE XCM-/XRM-300,9.8,CVSS:3.1/AV:N/AC:L/PR:N/UI:N/S:U/C:H/I:H/A:H/E:P/RL:O/RC:C,poc,yes,total
2024-02,CVE-2022-38725,ICSA-24-046-11,Siemens SCALANCE XCM-/XRM-300,7.5,CVSS:3.1/AV:N/AC:L/PR:N/UI:N/S:U/C:N/I:N/A:H/E:P/RL:O/RC:C,none,yes,partial
2024-02,CVE-2022-39189,ICSA-24-046-11,Siemens SCALANCE XCM-/XRM-300,7.8,CVSS:3.1/AV:L/AC:L/PR:L/UI:N/S:U/C:H/I:H/A:H/E:P/RL:O/RC:C,none,no,total
2024-02,CVE-2022-41409,ICSA-24-046-11,Siemens SCALANCE XCM-/XRM-300,7.5,CVSS:3.1/AV:N/AC:L/PR:N/UI:N/S:U/C:N/I:N/A:H/E:P/RL:O/RC:C,poc,yes,partial
2024-02,CVE-2022-41723,ICSA-24-046-11,Siemens SCALANCE XCM-/XRM-300,7.5,CVSS:3.1/AV:N/AC:L/PR:N/UI:N/S:U/C:N/I:N/A:H/E:P/RL:O/RC:C,none,yes,partial
2024-02,CVE-2022-41860,ICSA-24-046-11,Siemens SCALANCE XCM-/XRM-300,7.5,CVSS:3.1/AV:N/AC:L/PR:N/UI:N/S:U/C:N/I:N/A:H/E:P/RL:O/RC:C,none,yes,partial
2024-02,CVE-2022-41861,ICSA-24-046-11,Siemens SCALANCE XCM-/XRM-300,6.5,CVSS:3.1/AV:N/AC:L/PR:L/UI:N/S:U/C:N/I:N/A:H/E:P/RL:O/RC:C,none,no,partial
2024-02,CVE-2022-41862,ICSA-24-046-11,Siemens SCALANCE XCM-/XRM-300,3.7,CVSS:3.1/AV:N/AC:H/PR:N/UI:N/S:U/C:L/I:N/A:N/E:P/RL:O/RC:C,none,no,partial
2024-02,CVE-2022-41903,ICSA-24-046-11,Siemens SCALANCE XCM-/XRM-300,9.8,CVSS:3.1/AV:N/AC:L/PR:N/UI:N/S:U/C:H/I:H/A:H,none,yes,total
2024-02,CVE-2022-4203,ICSA-24-046-15,Siemens SINEC NMS,4.9,CVSS:3.1/AV:N/AC:L/PR:H/UI:N/S:U/C:N/I:N/A:H/E:P/RL:O/RC:C,none,no,partial
2024-02,CVE-2022-42919,ICSA-24-046-11,Siemens SCALANCE XCM-/XRM-300,7.8,CVSS:3.1/AV:L/AC:L/PR:L/UI:N/S:U/C:H/I:H/A:H/E:P/RL:O/RC:C,none,no,total
2024-02,CVE-2022-4304,ICSA-24-046-15,Siemens SINEC NMS,5.9,CVSS:3.1/AV:N/AC:H/PR:N/UI:N/S:U/C:N/I:H/A:N/E:U/RL:O/RC:C,none,no,partial
2024-02,CVE-2022-4415,ICSA-24-046-11,Siemens SCALANCE XCM-/XRM-300,5.5,CVSS:3.1/AV:L/AC:L/PR:L/UI:N/S:U/C:H/I:N/A:N/E:P/RL:O/RC:C,poc,no,partial
2024-02,CVE-2022-4450,ICSA-24-046-15,Siemens SINEC NMS,5.9,CVSS:3.1/AV:N/AC:H/PR:N/UI:N/S:U/C:N/I:N/A:H/E:U/RL:O/RC:C,none,yes,partial
2024-02,CVE-2022-45061,ICSA-24-046-11,Siemens SCALANCE XCM-/XRM-300,7.5,CVSS:3.1/AV:N/AC:L/PR:N/UI:N/S:U/C:N/I:N/A:H/E:P/RL:O/RC:C,poc,yes,partial
2024-02,CVE-2022-45142,ICSA-24-046-11,Siemens SCALANCE XCM-/XRM-300,7.5,CVSS:3.1/AV:N/AC:L/PR:N/UI:N/S:U/C:N/I:H/A:N/E:P/RL:O/RC:C,none,yes,partial
2024-02,CVE-2022-46392,ICSA-24-046-11,Siemens SCALANCE XCM-/XRM-300,5.3,CVSS:3.1/AV:N/AC:H/PR:N/UI:R/S:U/C:H/I:N/A:N/E:P/RL:O/RC:C,none,no,partial
2024-02,CVE-2022-46393,ICSA-24-046-11,Siemens SCALANCE XCM-/XRM-300,9.8,CVSS:3.1/AV:N/AC:L/PR:N/UI:N/S:U/C:H/I:H/A:H/E:P/RL:O/RC:C,none,yes,total
2024-02,CVE-2022-4743,ICSA-24-046-11,Siemens SCALANCE XCM-/XRM-300,7.5,CVSS:3.1/AV:N/AC:L/PR:N/UI:N/S:U/C:N/I:N/A:H/E:P/RL:O/RC:C,none,yes,partial
2024-02,CVE-2022-4744,ICSA-24-046-11,Siemens SCALANCE XCM-/XRM-300,7.8,CVSS:3.1/AV:L/AC:L/PR:L/UI:N/S:U/C:H/I:H/A:H/E:P/RL:O/RC:C,none,no,total
2024-02,CVE-2022-47629,ICSA-24-046-11,Siemens SCALANCE XCM-/XRM-300,9.8,CVSS:3.1/AV:N/AC:L/PR:N/UI:N/S:U/C:H/I:H/A:H/E:P/RL:O/RC:C,none,no,partial
2024-02,CVE-2022-48303,ICSA-24-046-11,Siemens SCALANCE XCM-/XRM-300,5.5,CVSS:3.1/AV:L/AC:L/PR:N/UI:R/S:U/C:N/I:N/A:H/E:P/RL:O/RC:C,poc,no,partial
2024-02,CVE-2022-48434,ICSA-24-046-11,Siemens SCALANCE XCM-/XRM-300,8.1,CVSS:3.1/AV:N/AC:H/PR:N/UI:N/S:U/C:H/I:H/A:H/E:P/RL:O/RC:C,none,no,total
2024-02,CVE-2022-4904,ICSA-24-046-11,Siemens SCALANCE XCM-/XRM-300,8.6,CVSS:3.1/AV:N/AC:L/PR:N/UI:N/S:U/C:L/I:L/A:H/E:P/RL:O/RC:C,none,yes,partial
2024-02,CVE-2023-0160,ICSA-24-046-11,Siemens SCALANCE XCM-/XRM-300,5.5,CVSS:3.1/AV:L/AC:L/PR:L/UI:N/S:U/C:N/I:N/A:H/E:P/RL:O/RC:C,none,no,partial
2024-02,CVE-2023-0215,ICSA-24-046-15,Siemens SINEC NMS,5.9,CVSS:3.1/AV:N/AC:H/PR:N/UI:N/S:U/C:N/I:N/A:H/E:U/RL:O/RC:C,none,yes,partial
2024-02,CVE-2023-0216,ICSA-24-046-15,Siemens SINEC NMS,7.5,CVSS:3.1/AV:N/AC:L/PR:N/UI:N/S:U/C:N/I:N/A:H/E:P/RL:O/RC:C,none,yes,partial
2024-02,CVE-2023-0217,ICSA-24-046-15,Siemens SINEC NMS,7.5,CVSS:3.1/AV:N/AC:L/PR:N/UI:N/S:U/C:N/I:N/A:H/E:P/RL:O/RC:C,none,yes,partial
2024-02,CVE-2023-0286,ICSA-24-046-15,Siemens SINEC NMS,7.4,CVSS:3.1/AV:N/AC:H/PR:N/UI:N/S:U/C:H/I:N/A:H/E:U/RL:O/RC:C,none,no,partial
2024-02,CVE-2023-0330,ICSA-24-046-11,Siemens SCALANCE XCM-/XRM-300,6.0,CVSS:3.1/AV:L/AC:L/PR:H/UI:N/S:C/C:N/I:N/A:H/E:P/RL:O/RC:C,none,no,partial
2024-02,CVE-2023-0401,ICSA-24-046-15,Siemens SINEC NMS,7.5,CVSS:3.1/AV:N/AC:L/PR:N/UI:N/S:U/C:N/I:N/A:H/E:P/RL:O/RC:C,none,yes,partial
2024-02,CVE-2023-0494,ICSA-24-046-11,Siemens SCALANCE XCM-/XRM-300,7.8,CVSS:3.1/AV:L/AC:L/PR:L/UI:N/S:U/C:H/I:H/A:H/E:P/RL:O/RC:C,none,no,total
2024-02,CVE-2023-0567,ICSA-24-046-11,Siemens SCALANCE XCM-/XRM-300,7.7,CVSS:3.1/AV:L/AC:L/PR:N/UI:N/S:U/C:H/I:H/A:N,none,no,total
2024-02,CVE-2023-0568,ICSA-26-027-02,Festo Didactic SE MES PC,8.1,CVSS:3.1/AV:N/AC:H/PR:N/UI:N/S:U/C:H/I:H/A:H,none,no,total
2024-02,CVE-2023-0662,ICSA-24-046-11,Siemens SCALANCE XCM-/XRM-300,7.5,CVSS:3.1/AV:N/AC:L/PR:N/UI:N/S:U/C:N/I:N/A:H,none,yes,partial
2024-02,CVE-2023-1206,ICSA-24-046-11,Siemens SCALANCE XCM-/XRM-300,5.7,CVSS:3.1/AV:A/AC:L/PR:L/UI:N/S:U/C:N/I:N/A:H/E:P/RL:O/RC:C,none,no,partial
2024-02,CVE-2023-1255,ICSA-24-046-15,Siemens SINEC NMS,5.9,CVSS:3.1/AV:N/AC:H/PR:N/UI:N/S:U/C:N/I:N/A:H/E:P/RL:O/RC:C,none,no,partial
2024-02,CVE-2023-1393,ICSA-24-046-11,Siemens SCALANCE XCM-/XRM-300,7.8,CVSS:3.1/AV:L/AC:L/PR:L/UI:N/S:U/C:H/I:H/A:H/E:P/RL:O/RC:C,none,no,total
2024-02,CVE-2023-1611,ICSA-24-046-11,Siemens SCALANCE XCM-/XRM-300,6.3,CVSS:3.1/AV:L/AC:H/PR:L/UI:N/S:U/C:H/I:N/A:H/E:P/RL:O/RC:C,none,no,partial
2024-02,CVE-2023-1670,ICSA-24-046-11,Siemens SCALANCE XCM-/XRM-300,7.8,CVSS:3.1/AV:L/AC:L/PR:L/UI:N/S:U/C:H/I:H/A:H/E:P/RL:O/RC:C,none,no,total
2024-02,CVE-2023-1855,ICSA-24-046-11,Siemens SCALANCE XCM-/XRM-300,6.3,CVSS:3.1/AV:L/AC:H/PR:L/UI:N/S:U/C:H/I:N/A:H/E:P/RL:O/RC:C,none,no,partial
2024-02,CVE-2023-1859,ICSA-24-046-11,Siemens SCALANCE XCM-/XRM-300,4.7,CVSS:3.1/AV:L/AC:H/PR:L/UI:N/S:U/C:N/I:N/A:H/E:P/RL:O/RC:C,none,no,partial
2024-02,CVE-2023-1989,ICSA-24-046-11,Siemens SCALANCE XCM-/XRM-300,7.0,CVSS:3.1/AV:L/AC:H/PR:L/UI:N/S:U/C:H/I:H/A:H/E:P/RL:O/RC:C,none,no,total
2024-02,CVE-2023-1990,ICSA-24-046-11,Siemens SCALANCE XCM-/XRM-300,4.7,CVSS:3.1/AV:L/AC:H/PR:L/UI:N/S:U/C:N/I:N/A:H/E:P/RL:O/RC:C,none,no,partial
2024-02,CVE-2023-20593,ICSA-24-046-11,Siemens SCALANCE XCM-/XRM-300,5.5,CVSS:3.1/AV:L/AC:L/PR:L/UI:N/S:U/C:H/I:N/A:N/E:P/RL:O/RC:C,poc,no,partial
2024-02,CVE-2023-21554,ICSA-24-051-03,Mitsubishi Electric Electrical discharge machines,9.8,CVSS:3.1/AV:N/AC:L/PR:N/UI:N/S:U/C:H/I:H/A:H,none,yes,total
2024-02,CVE-2023-2194,ICSA-24-046-11,Siemens SCALANCE XCM-/XRM-300,6.7,CVSS:3.1/AV:L/AC:L/PR:H/UI:N/S:U/C:H/I:H/A:H/E:P/RL:O/RC:C,none,no,total
2024-02,CVE-2023-22742,ICSA-24-046-11,Siemens SCALANCE XCM-/XRM-300,5.3,CVSS:3.1/AV:N/AC:H/PR:N/UI:R/S:U/C:N/I:H/A:N,none,no,partial
2024-02,CVE-2023-22745,ICSA-24-046-11,Siemens SCALANCE XCM-/XRM-300,6.4,CVSS:3.1/AV:L/AC:H/PR:H/UI:N/S:U/C:H/I:H/A:H,poc,no,total
2024-02,CVE-2023-23454,ICSA-24-046-11,Siemens SCALANCE XCM-/XRM-300,5.5,CVSS:3.1/AV:L/AC:L/PR:L/UI:N/S:U/C:N/I:N/A:H/E:P/RL:O/RC:C,none,no,partial
2024-02,CVE-2023-23931,ICSA-24-046-11,Siemens SCALANCE XCM-/XRM-300,4.8,CVSS:3.1/AV:N/AC:H/PR:N/UI:N/S:U/C:N/I:L/A:L,poc,no,partial
2024-02,CVE-2023-23934,ICSA-24-046-11,Siemens SCALANCE XCM-/XRM-300,2.6,CVSS:3.1/AV:A/AC:H/PR:N/UI:R/S:U/C:N/I:L/A:N,none,no,partial
2024-02,CVE-2023-24538,ICSA-24-046-11,Siemens SCALANCE XCM-/XRM-300,9.8,CVSS:3.1/AV:N/AC:L/PR:N/UI:N/S:U/C:H/I:H/A:H/E:P/RL:O/RC:C,none,no,total
2024-02,CVE-2023-2454,ICSA-24-046-15,Siemens SINEC NMS,7.2,CVSS:3.1/AV:N/AC:L/PR:H/UI:N/S:U/C:H/I:H/A:H/E:P/RL:O/RC:C,none,no,total
2024-02,CVE-2023-2455,ICSA-24-046-15,Siemens SINEC NMS,5.4,CVSS:3.1/AV:N/AC:L/PR:L/UI:N/S:U/C:L/I:L/A:N/E:P/RL:O/RC:C,none,no,partial
2024-02,CVE-2023-25153,ICSA-24-046-11,Siemens SCALANCE XCM-/XRM-300,6.2,CVSS:3.1/AV:L/AC:L/PR:N/UI:N/S:U/C:N/I:N/A:H,none,no,partial
2024-02,CVE-2023-25155,ICSA-24-046-11,Siemens SCALANCE XCM-/XRM-300,5.5,CVSS:3.1/AV:L/AC:L/PR:L/UI:N/S:U/C:N/I:N/A:H,none,no,partial
2024-02,CVE-2023-25193,ICSA-24-046-11,Siemens SCALANCE XCM-/XRM-300,7.5,CVSS:3.1/AV:N/AC:L/PR:N/UI:N/S:U/C:N/I:N/A:H/E:P/RL:O/RC:C,none,yes,partial
2024-02,CVE-2023-25588,ICSA-24-046-11,Siemens SCALANCE XCM-/XRM-300,5.5,CVSS:3.1/AV:L/AC:L/PR:N/UI:R/S:U/C:N/I:N/A:H/E:P/RL:O/RC:C,poc,no,partial
2024-02,CVE-2023-25690,ICSA-24-046-11,Siemens SCALANCE XCM-/XRM-300,9.8,CVSS:3.1/AV:N/AC:L/PR:N/UI:N/S:U/C:H/I:H/A:H/E:P/RL:O/RC:C,poc,yes,total
2024-02,CVE-2023-25727,ICSA-24-046-11,Siemens SCALANCE XCM-/XRM-300,5.4,CVSS:3.1/AV:N/AC:L/PR:L/UI:R/S:C/C:L/I:L/A:N/E:P/RL:O/RC:C,none,no,partial
2024-02,CVE-2023-26081,ICSA-24-046-11,Siemens SCALANCE XCM-/XRM-300,7.5,CVSS:3.1/AV:N/AC:L/PR:N/UI:N/S:U/C:H/I:N/A:N/E:P/RL:O/RC:C,poc,yes,partial
2024-02,CVE-2023-2650,ICSA-24-046-15,Siemens SINEC NMS,6.5,CVSS:3.1/AV:N/AC:L/PR:N/UI:R/S:U/C:N/I:N/A:H/E:P/RL:O/RC:C,none,no,partial
2024-02,CVE-2023-26965,ICSA-24-046-11,Siemens SCALANCE XCM-/XRM-300,5.5,CVSS:3.1/AV:L/AC:L/PR:N/UI:R/S:U/C:N/I:N/A:H/E:P/RL:O/RC:C,none,no,partial
2024-02,CVE-2023-27522,ICSA-24-046-11,Siemens SCALANCE XCM-/XRM-300,7.5,CVSS:3.1/AV:N/AC:L/PR:N/UI:N/S:U/C:N/I:H/A:N/E:P/RL:O/RC:C,none,yes,partial
2024-02,CVE-2023-27533,ICSA-24-046-15,Siemens SINEC NMS,8.8,CVSS:3.1/AV:N/AC:L/PR:N/UI:R/S:U/C:H/I:H/A:H/E:P/RL:O/RC:C,poc,yes,total
2024-02,CVE-2023-27535,ICSA-24-046-11,Siemens SCALANCE XCM-/XRM-300,5.9,CVSS:3.1/AV:N/AC:H/PR:N/UI:N/S:U/C:H/I:N/A:N/E:P/RL:O/RC:C,poc,no,partial
2024-02,CVE-2023-27536,ICSA-24-046-11,Siemens SCALANCE XCM-/XRM-300,5.9,CVSS:3.1/AV:N/AC:H/PR:N/UI:N/S:U/C:H/I:N/A:N/E:P/RL:O/RC:C,poc,no,partial
2024-02,CVE-2023-27538,ICSA-24-046-15,Siemens SINEC NMS,7.5,CVSS:3.1/AV:N/AC:L/PR:N/UI:N/S:U/C:N/I:H/A:N/E:P/RL:O/RC:C,none,no,partial
2024-02,CVE-2023-27975,ICSA-24-331-03,"Schneider Electric EcoStruxure Control Expert, EcoStruxure Process Expert, and Modicon M340, M580 and M580 Safety PLCs",7.1,CVSS:3.1/AV:L/AC:L/PR:L/UI:N/S:U/C:H/I:H/A:N,none,no,partial
2024-02,CVE-2023-28319,ICSA-24-046-15,Siemens SINEC NMS,7.5,CVSS:3.1/AV:N/AC:L/PR:N/UI:N/S:U/C:H/I:N/A:N/E:P/RL:O/RC:C,poc,yes,partial
2024-02,CVE-2023-28320,ICSA-24-046-15,Siemens SINEC NMS,5.9,CVSS:3.1/AV:N/AC:H/PR:N/UI:N/S:U/C:N/I:N/A:H/E:P/RL:O/RC:C,poc,no,partial
2024-02,CVE-2023-28321,ICSA-24-046-15,Siemens SINEC NMS,5.9,CVSS:3.1/AV:N/AC:H/PR:N/UI:N/S:U/C:N/I:H/A:N/E:P/RL:O/RC:C,poc,no,partial
2024-02,CVE-2023-28322,ICSA-24-046-15,Siemens SINEC NMS,3.7,CVSS:3.1/AV:N/AC:H/PR:N/UI:N/S:U/C:L/I:N/A:N/E:P/RL:O/RC:C,poc,yes,partial
2024-02,CVE-2023-28450,ICSA-24-046-11,Siemens SCALANCE XCM-/XRM-300,7.5,CVSS:3.1/AV:N/AC:L/PR:N/UI:N/S:U/C:N/I:N/A:H/E:P/RL:O/RC:C,none,yes,partial
2024-02,CVE-2023-28466,ICSA-24-046-11,Siemens SCALANCE XCM-/XRM-300,7.0,CVSS:3.1/AV:L/AC:H/PR:L/UI:N/S:U/C:H/I:H/A:H/E:P/RL:O/RC:C,none,no,total
2024-02,CVE-2023-2861,ICSA-24-046-11,Siemens SCALANCE XCM-/XRM-300,7.1,CVSS:3.1/AV:L/AC:L/PR:L/UI:N/S:U/C:H/I:H/A:N/E:P/RL:O/RC:C,poc,no,partial
2024-02,CVE-2023-28709,ICSA-24-046-15,Siemens SINEC NMS,7.5,CVSS:3.1/AV:N/AC:L/PR:N/UI:N/S:U/C:N/I:N/A:H/E:P/RL:O/RC:C,none,yes,partial
2024-02,CVE-2023-29402,ICSA-24-046-11,Siemens SCALANCE XCM-/XRM-300,9.8,CVSS:3.1/AV:N/AC:L/PR:N/UI:N/S:U/C:H/I:H/A:H/E:P/RL:O/RC:C,none,yes,total
2024-02,CVE-2023-29404,ICSA-24-046-11,Siemens SCALANCE XCM-/XRM-300,9.8,CVSS:3.1/AV:N/AC:L/PR:N/UI:N/S:U/C:H/I:H/A:H/E:P/RL:O/RC:C,none,yes,total
2024-02,CVE-2023-29405,ICSA-24-046-11,Siemens SCALANCE XCM-/XRM-300,9.8,CVSS:3.1/AV:N/AC:L/PR:N/UI:N/S:U/C:H/I:H/A:H/E:P/RL:O/RC:C,none,yes,total
2024-02,CVE-2023-29406,ICSA-24-046-11,Siemens SCALANCE XCM-/XRM-300,6.5,CVSS:3.1/AV:N/AC:L/PR:N/UI:R/S:U/C:N/I:H/A:N/E:P/RL:O/RC:C,none,no,partial
2024-02,CVE-2023-29409,ICSA-24-046-11,Siemens SCALANCE XCM-/XRM-300,5.3,CVSS:3.1/AV:N/AC:L/PR:N/UI:N/S:U/C:N/I:N/A:L/E:P/RL:O/RC:C,none,no,partial
2024-02,CVE-2023-2953,ICSA-24-046-11,Siemens SCALANCE XCM-/XRM-300,7.5,CVSS:3.1/AV:N/AC:L/PR:N/UI:N/S:U/C:N/I:N/A:H/E:P/RL:O/RC:C,none,yes,partial
2024-02,CVE-2023-2975,ICSA-24-046-15,Siemens SINEC NMS,5.3,CVSS:3.1/AV:N/AC:L/PR:N/UI:N/S:U/C:N/I:L/A:N/E:P/RL:O/RC:C,none,yes,partial
2024-02,CVE-2023-3006,ICSA-24-046-11,Siemens SCALANCE XCM-/XRM-300,5.5,CVSS:3.1/AV:L/AC:L/PR:L/UI:N/S:U/C:H/I:N/A:N/E:P/RL:O/RC:C,none,no,partial
2024-02,CVE-2023-30086,ICSA-24-046-11,Siemens SCALANCE XCM-/XRM-300,5.5,CVSS:3.1/AV:L/AC:L/PR:L/UI:N/S:U/C:N/I:N/A:H/E:P/RL:O/RC:C,none,no,partial
2024-02,CVE-2023-30456,ICSA-24-046-11,Siemens SCALANCE XCM-/XRM-300,6.5,CVSS:3.1/AV:L/AC:L/PR:L/UI:N/S:C/C:N/I:N/A:H/E:P/RL:O/RC:C,none,no,partial
2024-02,CVE-2023-30581,ICSA-24-046-15,Siemens SINEC NMS,7.5,CVSS:3.1/AV:N/AC:L/PR:N/UI:N/S:U/C:N/I:H/A:N/E:P/RL:O/RC:C,none,yes,partial
2024-02,CVE-2023-30586,ICSA-24-046-15,Siemens SINEC NMS,7.5,CVSS:3.1/AV:N/AC:L/PR:N/UI:N/S:U/C:N/I:H/A:N/E:P/RL:O/RC:C,none,yes,partial
2024-02,CVE-2023-30772,ICSA-24-046-11,Siemens SCALANCE XCM-/XRM-300,6.4,CVSS:3.1/AV:P/AC:H/PR:N/UI:N/S:U/C:H/I:H/A:H/E:P/RL:O/RC:C,none,no,total
2024-02,CVE-2023-3090,ICSA-24-046-11,Siemens SCALANCE XCM-/XRM-300,7.8,CVSS:3.1/AV:L/AC:L/PR:L/UI:N/S:U/C:H/I:H/A:H,poc,no,total
2024-02,CVE-2023-31084,ICSA-24-046-11,Siemens SCALANCE XCM-/XRM-300,5.5,CVSS:3.1/AV:L/AC:L/PR:L/UI:N/S:U/C:N/I:N/A:H/E:P/RL:O/RC:C,none,no,partial
2024-02,CVE-2023-3111,ICSA-24-046-11,Siemens SCALANCE XCM-/XRM-300,7.8,CVSS:3.1/AV:L/AC:L/PR:L/UI:N/S:U/C:H/I:H/A:H/E:P/RL:O/RC:C,none,no,total
2024-02,CVE-2023-31124,ICSA-24-046-11,Siemens SCALANCE XCM-/XRM-300,3.7,CVSS:3.1/AV:N/AC:H/PR:N/UI:N/S:U/C:N/I:L/A:N/E:P/RL:O/RC:C,none,no,partial
2024-02,CVE-2023-31130,ICSA-24-046-11,Siemens SCALANCE XCM-/XRM-300,4.1,CVSS:3.1/AV:L/AC:H/PR:H/UI:N/S:U/C:N/I:N/A:H/E:P/RL:O/RC:C,none,no,partial
2024-02,CVE-2023-31147,ICSA-24-046-11,Siemens SCALANCE XCM-/XRM-300,5.9,CVSS:3.1/AV:N/AC:H/PR:N/UI:N/S:U/C:N/I:H/A:N/E:P/RL:O/RC:C,none,no,partial
2024-02,CVE-2023-3141,ICSA-24-046-11,Siemens SCALANCE XCM-/XRM-300,7.1,CVSS:3.1/AV:L/AC:L/PR:L/UI:N/S:U/C:H/I:N/A:H/E:P/RL:O/RC:C,none,no,partial
2024-02,CVE-2023-31436,ICSA-24-046-11,Siemens SCALANCE XCM-/XRM-300,7.8,CVSS:3.1/AV:L/AC:L/PR:L/UI:N/S:U/C:H/I:H/A:H/E:P/RL:O/RC:C,none,no,total
2024-02,CVE-2023-32002,ICSA-24-046-15,Siemens SINEC NMS,9.8,CVSS:3.1/AV:N/AC:L/PR:N/UI:N/S:U/C:H/I:H/A:H/E:P/RL:O/RC:C,none,yes,total
2024-02,CVE-2023-32003,ICSA-24-046-15,Siemens SINEC NMS,5.3,CVSS:3.1/AV:N/AC:L/PR:N/UI:N/S:U/C:N/I:L/A:N/E:P/RL:O/RC:C,none,yes,partial
2024-02,CVE-2023-32004,ICSA-24-046-15,Siemens SINEC NMS,8.8,CVSS:3.1/AV:N/AC:L/PR:L/UI:N/S:U/C:H/I:H/A:H/E:P/RL:O/RC:C,none,no,total
2024-02,CVE-2023-32005,ICSA-24-046-15,Siemens SINEC NMS,5.3,CVSS:3.1/AV:N/AC:L/PR:N/UI:N/S:U/C:L/I:N/A:N/E:P/RL:O/RC:C,poc,yes,partial
2024-02,CVE-2023-32006,ICSA-24-046-15,Siemens SINEC NMS,8.8,CVSS:3.1/AV:N/AC:L/PR:L/UI:N/S:U/C:H/I:H/A:H/E:P/RL:O/RC:C,none,no,total
2024-02,CVE-2023-32067,ICSA-24-046-11,Siemens SCALANCE XCM-/XRM-300,7.5,CVSS:3.1/AV:N/AC:L/PR:N/UI:N/S:U/C:N/I:N/A:H/E:P/RL:O/RC:C,none,yes,partial
2024-02,CVE-2023-32233,ICSA-24-046-11,Siemens SCALANCE XCM-/XRM-300,7.8,CVSS:3.1/AV:L/AC:L/PR:L/UI:N/S:U/C:H/I:H/A:H/E:P/RL:O/RC:C,none,no,total
2024-02,CVE-2023-3247,ICSA-24-046-11,Siemens SCALANCE XCM-/XRM-300,2.6,CVSS:3.1/AV:N/AC:H/PR:L/UI:R/S:U/C:L/I:N/A:N,none,no,partial
2024-02,CVE-2023-32559,ICSA-24-046-15,Siemens SINEC NMS,7.5,CVSS:3.1/AV:N/AC:H/PR:L/UI:N/S:U/C:H/I:H/A:H/E:P/RL:O/RC:C,none,no,total
2024-02,CVE-2023-32573,ICSA-24-046-11,Siemens SCALANCE XCM-/XRM-300,6.5,CVSS:3.1/AV:N/AC:L/PR:N/UI:R/S:U/C:N/I:N/A:H/E:P/RL:O/RC:C,none,no,partial
2024-02,CVE-2023-3268,ICSA-24-046-11,Siemens SCALANCE XCM-/XRM-300,7.1,CVSS:3.1/AV:L/AC:L/PR:L/UI:N/S:U/C:H/I:N/A:H/E:P/RL:O/RC:C,none,no,partial
2024-02,CVE-2023-3301,ICSA-24-046-11,Siemens SCALANCE XCM-/XRM-300,5.6,CVSS:3.1/AV:L/AC:H/PR:L/UI:N/S:C/C:N/I:N/A:H/E:P/RL:O/RC:C,none,no,partial
2024-02,CVE-2023-3316,ICSA-24-046-11,Siemens SCALANCE XCM-/XRM-300,5.9,CVSS:3.1/AV:N/AC:H/PR:N/UI:N/S:U/C:N/I:N/A:H,none,no,partial
2024-02,CVE-2023-33203,ICSA-24-046-11,Siemens SCALANCE XCM-/XRM-300,6.4,CVSS:3.1/AV:P/AC:H/PR:N/UI:N/S:U/C:H/I:H/A:H/E:P/RL:O/RC:C,none,no,total
2024-02,CVE-2023-34035,ICSA-24-046-15,Siemens SINEC NMS,5.3,CVSS:3.1/AV:N/AC:L/PR:N/UI:N/S:U/C:N/I:L/A:N/E:P/RL:O/RC:C,none,no,partial
2024-02,CVE-2023-34256,ICSA-24-046-11,Siemens SCALANCE XCM-/XRM-300,5.5,CVSS:3.1/AV:L/AC:L/PR:L/UI:N/S:U/C:N/I:N/A:H/E:P/RL:O/RC:C,none,no,partial
2024-02,CVE-2023-3446,ICSA-24-046-15,Siemens SINEC NMS,5.3,CVSS:3.1/AV:N/AC:L/PR:N/UI:N/S:U/C:N/I:N/A:L/E:P/RL:O/RC:C,none,yes,partial
2024-02,CVE-2023-34872,ICSA-24-046-11,Siemens SCALANCE XCM-/XRM-300,5.5,CVSS:3.1/AV:L/AC:L/PR:N/UI:R/S:U/C:N/I:N/A:H/E:P/RL:O/RC:C,none,no,partial
2024-02,CVE-2023-34969,ICSA-24-046-11,Siemens SCALANCE XCM-/XRM-300,6.5,CVSS:3.1/AV:N/AC:L/PR:L/UI:N/S:U/C:N/I:N/A:H/E:P/RL:O/RC:C,none,no,partial
2024-02,CVE-2023-35789,ICSA-24-046-11,Siemens SCALANCE XCM-/XRM-300,5.5,CVSS:3.1/AV:L/AC:L/PR:L/UI:N/S:U/C:H/I:N/A:N/E:P/RL:O/RC:C,none,no,partial
2024-02,CVE-2023-35823,ICSA-24-046-11,Siemens SCALANCE XCM-/XRM-300,7.0,CVSS:3.1/AV:L/AC:H/PR:L/UI:N/S:U/C:H/I:H/A:H/E:P/RL:O/RC:C,none,no,total
2024-02,CVE-2023-35824,ICSA-24-046-11,Siemens SCALANCE XCM-/XRM-300,7.0,CVSS:3.1/AV:L/AC:H/PR:L/UI:N/S:U/C:H/I:H/A:H/E:P/RL:O/RC:C,none,no,total
2024-02,CVE-2023-35828,ICSA-24-046-11,Siemens SCALANCE XCM-/XRM-300,7.0,CVSS:3.1/AV:L/AC:H/PR:L/UI:N/S:U/C:H/I:H/A:H/E:P/RL:O/RC:C,none,no,total
2024-02,CVE-2023-35945,ICSA-24-046-15,Siemens SINEC NMS,7.5,CVSS:3.1/AV:N/AC:L/PR:N/UI:N/S:U/C:N/I:N/A:H/E:P/RL:O/RC:C,poc,yes,partial
2024-02,CVE-2023-36054,ICSA-24-046-11,Siemens SCALANCE XCM-/XRM-300,6.5,CVSS:3.1/AV:N/AC:L/PR:L/UI:N/S:U/C:N/I:N/A:H/E:P/RL:O/RC:C,none,no,partial
2024-02,CVE-2023-3611,ICSA-24-046-11,Siemens SCALANCE XCM-/XRM-300,7.8,CVSS:3.1/AV:L/AC:L/PR:L/UI:N/S:U/C:H/I:H/A:H,none,no,total
2024-02,CVE-2023-36664,ICSA-24-046-11,Siemens SCALANCE XCM-/XRM-300,7.8,CVSS:3.1/AV:L/AC:L/PR:N/UI:R/S:U/C:H/I:H/A:H/E:P/RL:O/RC:C,none,no,total
2024-02,CVE-2023-3776,ICSA-24-046-11,Siemens SCALANCE XCM-/XRM-300,7.8,CVSS:3.1/AV:L/AC:L/PR:L/UI:N/S:U/C:H/I:H/A:H,none,no,total
2024-02,CVE-2023-37920,ICSA-24-046-11,Siemens SCALANCE XCM-/XRM-300,7.5,CVSS:3.1/AV:N/AC:L/PR:N/UI:N/S:U/C:N/I:H/A:N,none,yes,partial
2024-02,CVE-2023-38039,ICSA-24-046-15,Siemens SINEC NMS,7.5,CVSS:3.1/AV:N/AC:L/PR:N/UI:N/S:U/C:N/I:N/A:H/E:P/RL:O/RC:C,poc,yes,partial
2024-02,CVE-2023-3817,ICSA-24-046-15,Siemens SINEC NMS,5.3,CVSS:3.1/AV:N/AC:L/PR:N/UI:N/S:U/C:N/I:N/A:L/E:P/RL:O/RC:C,none,yes,partial
2024-02,CVE-2023-38199,ICSA-24-046-15,Siemens SINEC NMS,9.8,CVSS:3.1/AV:N/AC:L/PR:N/UI:N/S:U/C:H/I:H/A:H/E:P/RL:O/RC:C,none,yes,total
2024-02,CVE-2023-38545,ICSA-24-046-15,Siemens SINEC NMS,8.8,CVSS:3.1/AV:N/AC:L/PR:N/UI:R/S:U/C:H/I:H/A:H/E:P/RL:O/RC:C,poc,no,total
2024-02,CVE-2023-38546,ICSA-24-046-15,Siemens SINEC NMS,3.7,CVSS:3.1/AV:N/AC:H/PR:N/UI:N/S:U/C:N/I:L/A:N/E:P/RL:O/RC:C,none,no,partial
2024-02,CVE-2023-38559,ICSA-24-046-11,Siemens SCALANCE XCM-/XRM-300,5.5,CVSS:3.1/AV:L/AC:L/PR:N/UI:R/S:U/C:N/I:N/A:H/E:P/RL:O/RC:C,none,no,partial
2024-02,CVE-2023-39417,ICSA-24-046-15,Siemens SINEC NMS,8.8,CVSS:3.1/AV:N/AC:L/PR:L/UI:N/S:U/C:H/I:H/A:H/E:P/RL:O/RC:C,none,no,total
2024-02,CVE-2023-39418,ICSA-24-046-15,Siemens SINEC NMS,4.3,CVSS:3.1/AV:N/AC:L/PR:L/UI:N/S:U/C:N/I:L/A:N/E:P/RL:O/RC:C,none,no,partial
2024-02,CVE-2023-41080,ICSA-24-046-15,Siemens SINEC NMS,6.1,CVSS:3.1/AV:N/AC:L/PR:N/UI:R/S:C/C:L/I:L/A:N/E:P/RL:O/RC:C,none,no,partial
2024-02,CVE-2023-44317,ICSA-24-046-09,Siemens SCALANCE SC-600 Family,7.2,CVSS:3.1/AV:N/AC:L/PR:H/UI:N/S:U/C:H/I:H/A:H/E:P/RL:O/RC:C,none,yes,total
2024-02,CVE-2023-44320,ICSA-24-046-09,Siemens SCALANCE SC-600 Family,4.3,CVSS:3.1/AV:N/AC:L/PR:L/UI:N/S:U/C:N/I:L/A:N/E:P/RL:O/RC:C,none,yes,partial
2024-02,CVE-2023-44321,ICSA-24-046-09,Siemens SCALANCE SC-600 Family,2.7,CVSS:3.1/AV:N/AC:L/PR:H/UI:N/S:U/C:N/I:N/A:L/E:P/RL:O/RC:C,none,no,partial
2024-02,CVE-2023-44322,ICSA-24-046-09,Siemens SCALANCE SC-600 Family,3.7,CVSS:3.1/AV:N/AC:H/PR:N/UI:N/S:U/C:N/I:N/A:L/E:P/RL:O/RC:C,none,no,partial
2024-02,CVE-2023-45614,ICSA-24-046-01,Siemens SCALANCE W1750D,9.8,CVSS:3.1/AV:N/AC:L/PR:N/UI:N/S:U/C:H/I:H/A:H/E:P/RL:O/RC:C,none,yes,total
2024-02,CVE-2023-45615,ICSA-24-046-01,Siemens SCALANCE W1750D,9.8,CVSS:3.1/AV:N/AC:L/PR:N/UI:N/S:U/C:H/I:H/A:H/E:P/RL:O/RC:C,none,yes,total
2024-02,CVE-2023-45616,ICSA-24-046-01,Siemens SCALANCE W1750D,9.8,CVSS:3.1/AV:N/AC:L/PR:N/UI:N/S:U/C:H/I:H/A:H/E:P/RL:O/RC:C,none,yes,total
2024-02,CVE-2023-45617,ICSA-24-046-01,Siemens SCALANCE W1750D,8.2,CVSS:3.1/AV:N/AC:L/PR:N/UI:N/S:U/C:N/I:L/A:H/E:P/RL:O/RC:C,none,yes,partial
2024-02,CVE-2023-45618,ICSA-24-046-01,Siemens SCALANCE W1750D,8.2,CVSS:3.1/AV:N/AC:L/PR:N/UI:N/S:U/C:N/I:L/A:H/E:P/RL:O/RC:C,none,yes,partial
2024-02,CVE-2023-45619,ICSA-24-046-01,Siemens SCALANCE W1750D,8.2,CVSS:3.1/AV:N/AC:L/PR:N/UI:N/S:U/C:N/I:L/A:H/E:P/RL:O/RC:C,none,yes,partial
2024-02,CVE-2023-45620,ICSA-24-046-01,Siemens SCALANCE W1750D,7.5,CVSS:3.1/AV:N/AC:L/PR:N/UI:N/S:U/C:N/I:N/A:H/E:P/RL:O/RC:C,none,yes,partial
2024-02,CVE-2023-45621,ICSA-24-046-01,Siemens SCALANCE W1750D,7.5,CVSS:3.1/AV:N/AC:L/PR:N/UI:N/S:U/C:N/I:N/A:H/E:P/RL:O/RC:C,none,yes,partial
2024-02,CVE-2023-45622,ICSA-24-046-01,Siemens SCALANCE W1750D,7.5,CVSS:3.1/AV:N/AC:L/PR:N/UI:N/S:U/C:N/I:N/A:H/E:P/RL:O/RC:C,none,yes,partial
2024-02,CVE-2023-45623,ICSA-24-046-01,Siemens SCALANCE W1750D,7.5,CVSS:3.1/AV:N/AC:L/PR:N/UI:N/S:U/C:N/I:N/A:H/E:P/RL:O/RC:C,none,yes,partial
2024-02,CVE-2023-45624,ICSA-24-046-01,Siemens SCALANCE W1750D,7.5,CVSS:3.1/AV:N/AC:L/PR:N/UI:N/S:U/C:N/I:N/A:H/E:P/RL:O/RC:C,none,no,partial
2024-02,CVE-2023-45626,ICSA-24-046-01,Siemens SCALANCE W1750D,7.2,CVSS:3.1/AV:N/AC:L/PR:H/UI:N/S:U/C:H/I:H/A:H/E:P/RL:O/RC:C,none,no,partial
2024-02,CVE-2023-45627,ICSA-24-046-01,Siemens SCALANCE W1750D,6.5,CVSS:3.1/AV:N/AC:L/PR:L/UI:N/S:U/C:N/I:N/A:H/E:P/RL:O/RC:C,none,no,partial
2024-02,CVE-2023-46120,ICSA-24-046-15,Siemens SINEC NMS,4.9,CVSS:3.1/AV:N/AC:L/PR:H/UI:N/S:U/C:N/I:N/A:H/E:P/RL:O/RC:C,poc,no,partial
2024-02,CVE-2023-48363,ICSA-24-046-12,"Siemens SIMATIC WinCC, OpenPCS",6.5,CVSS:3.1/AV:A/AC:L/PR:N/UI:N/S:U/C:N/I:N/A:H/E:P/RL:O/RC:C,none,no,partial
2024-02,CVE-2023-48364,ICSA-24-046-12,"Siemens SIMATIC WinCC, OpenPCS",6.5,CVSS:3.1/AV:A/AC:L/PR:N/UI:N/S:U/C:N/I:N/A:H/E:P/RL:O/RC:C,none,no,partial
2024-02,CVE-2023-49125,ICSA-24-046-13,Siemens Parasolid,7.8,CVSS:3.1/AV:L/AC:L/PR:N/UI:R/S:U/C:H/I:H/A:H/E:P/RL:O/RC:C,none,no,total
2024-02,CVE-2023-50236,ICSA-24-046-14,Siemens Polarion ALM,7.8,CVSS:3.1/AV:L/AC:L/PR:L/UI:N/S:U/C:H/I:H/A:H/E:P/RL:O/RC:C,none,no,total
2024-02,CVE-2023-51440,ICSA-24-046-04,Siemens CP343-1 Devices,7.5,CVSS:3.1/AV:N/AC:L/PR:N/UI:N/S:U/C:N/I:N/A:H/E:P/RL:T/RC:C,none,no,partial
2024-02,CVE-2023-6408,ICSA-24-331-03,"Schneider Electric EcoStruxure Control Expert, EcoStruxure Process Expert, and Modicon M340, M580 and M580 Safety PLCs",8.1,CVSS:3.1/AV:N/AC:H/PR:N/UI:N/S:U/C:H/I:H/A:H,none,no,total
2024-02,CVE-2023-6409,ICSA-24-331-03,"Schneider Electric EcoStruxure Control Expert, EcoStruxure Process Expert, and Modicon M340, M580 and M580 Safety PLCs",7.7,CVSS:3.1/AV:L/AC:L/PR:N/UI:N/S:U/C:H/I:H/A:N,none,no,total
2024-02,CVE-2023-6815,ICSA-24-044-01,Mitsubishi Electric MELSEC iQ-R Series Safety CPU and SIL2 Process CPU (Update A),6.5,CVSS:3.1/AV:N/AC:L/PR:L/UI:N/S:U/C:H/I:N/A:N,none,no,partial
2024-02,CVE-2023-7033,ICSA-24-058-01,Mitsubishi Electric Multiple Factory Automation Products (Update A),5.3,CVSS:3.1/AV:N/AC:L/PR:N/UI:N/S:U/C:N/I:N/A:L,none,no,partial
2024-02,CVE-2024-0242,ICSA-24-039-01,"Qolsys IQ Panel 4, IQ4 HUB",7.3,CVSS:3.1/AV:P/AC:L/PR:N/UI:N/S:C/C:N/I:H/A:H,none,no,partial
2024-02,CVE-2024-1039,ICSA-24-032-01,Gessler GmbH WEB-MASTER,9.8,CVSS:3.0/AV:N/AC:L/PR:N/UI:N/S:U/C:H/I:H/A:H,none,yes,total
2024-02,CVE-2024-1040,ICSA-24-032-01,Gessler GmbH WEB-MASTER,4.4,CVSS:3.0/AV:L/AC:L/PR:H/UI:N/S:U/C:H/I:N/A:N,none,no,partial
2024-02,CVE-2024-21915,ICSA-24-046-16,Rockwell Automation FactoryTalk Service Platform,9.0,CVSS:3.1/AV:N/AC:H/PR:N/UI:N/S:C/C:H/I:H/A:H,none,no,total
2024-02,CVE-2024-22042,ICSA-24-046-06,Siemens Unicam FX,7.8,CVSS:3.1/AV:L/AC:L/PR:L/UI:N/S:U/C:H/I:H/A:H/E:P/RL:U/RC:C,none,no,total
2024-02,CVE-2024-22043,ICSA-24-046-13,Siemens Parasolid,3.3,CVSS:3.1/AV:L/AC:L/PR:N/UI:R/S:U/C:N/I:N/A:L/E:P/RL:O/RC:C,none,no,partial
2024-02,CVE-2024-22388,ICSA-24-037-01,HID Global Encoders,5.9,CVSS:3.1/AV:L/AC:H/PR:N/UI:N/S:C/C:H/I:N/A:N,none,no,partial
2024-02,CVE-2024-23795,ICSA-24-046-07,Siemens Tecnomatix Plant Simulation,7.8,CVSS:3.1/AV:L/AC:L/PR:N/UI:R/S:U/C:H/I:H/A:H/E:P/RL:O/RC:C,none,no,total
2024-02,CVE-2024-23796,ICSA-24-046-07,Siemens Tecnomatix Plant Simulation,7.8,CVSS:3.1/AV:L/AC:L/PR:N/UI:R/S:U/C:H/I:H/A:H/E:P/RL:O/RC:C,none,no,total
2024-02,CVE-2024-23797,ICSA-24-046-07,Siemens Tecnomatix Plant Simulation,7.8,CVSS:3.1/AV:L/AC:L/PR:N/UI:R/S:U/C:H/I:H/A:H/E:P/RL:O/RC:C,none,no,total
2024-02,CVE-2024-23798,ICSA-24-046-07,Siemens Tecnomatix Plant Simulation,7.8,CVSS:3.1/AV:L/AC:L/PR:N/UI:R/S:U/C:H/I:H/A:H/E:P/RL:O/RC:C,none,no,total
2024-02,CVE-2024-23799,ICSA-24-046-07,Siemens Tecnomatix Plant Simulation,3.3,CVSS:3.1/AV:L/AC:L/PR:N/UI:R/S:U/C:N/I:N/A:L/E:P/RL:O/RC:C,none,no,partial
2024-02,CVE-2024-23800,ICSA-24-046-07,Siemens Tecnomatix Plant Simulation,3.3,CVSS:3.1/AV:L/AC:L/PR:N/UI:R/S:U/C:N/I:N/A:L/E:P/RL:O/RC:C,none,no,partial
2024-02,CVE-2024-23801,ICSA-24-046-07,Siemens Tecnomatix Plant Simulation,3.3,CVSS:3.1/AV:L/AC:L/PR:N/UI:R/S:U/C:N/I:N/A:L/E:P/RL:O/RC:C,none,no,partial
2024-02,CVE-2024-23802,ICSA-24-046-07,Siemens Tecnomatix Plant Simulation,7.8,CVSS:3.1/AV:L/AC:L/PR:N/UI:R/S:U/C:H/I:H/A:H/E:P/RL:O/RC:C,none,no,total
2024-02,CVE-2024-23803,ICSA-24-046-07,Siemens Tecnomatix Plant Simulation,7.8,CVSS:3.1/AV:L/AC:L/PR:N/UI:R/S:U/C:H/I:H/A:H/E:P/RL:O/RC:C,none,no,total
2024-02,CVE-2024-23804,ICSA-24-046-07,Siemens Tecnomatix Plant Simulation,7.8,CVSS:3.1/AV:L/AC:L/PR:N/UI:R/S:U/C:H/I:H/A:H/E:P/RL:O/RC:C,none,no,total
2024-02,CVE-2024-23806,ICSA-24-037-02,HID Global Reader Configuration Cards,5.3,CVSS:3.1/AV:P/AC:L/PR:N/UI:N/S:C/C:H/I:N/A:N,none,no,partial
2024-02,CVE-2024-23810,ICSA-24-046-15,Siemens SINEC NMS,8.8,CVSS:3.1/AV:A/AC:L/PR:N/UI:N/S:U/C:H/I:H/A:H/E:P/RL:O/RC:C,none,no,total
2024-02,CVE-2024-23811,ICSA-24-046-15,Siemens SINEC NMS,8.8,CVSS:3.1/AV:A/AC:L/PR:N/UI:N/S:U/C:H/I:H/A:H/E:P/RL:O/RC:C,none,no,total
2024-02,CVE-2024-23812,ICSA-24-046-15,Siemens SINEC NMS,8.0,CVSS:3.1/AV:A/AC:L/PR:L/UI:N/S:U/C:H/I:H/A:H/E:P/RL:O/RC:C,none,no,total
2024-02,CVE-2024-23813,ICSA-24-046-14,Siemens Polarion ALM,7.3,CVSS:3.1/AV:N/AC:L/PR:N/UI:N/S:U/C:L/I:L/A:L/E:P/RL:O/RC:C,none,yes,total
2024-02,CVE-2024-23816,ICSA-24-046-05,Siemens Location Intelligence,9.8,CVSS:3.1/AV:N/AC:L/PR:N/UI:N/S:U/C:H/I:H/A:H/E:P/RL:O/RC:C,none,yes,total
2024-02,CVE-2024-24920,ICSA-24-046-10,Siemens Simcenter Femap,7.8,CVSS:3.1/AV:L/AC:L/PR:N/UI:R/S:U/C:H/I:H/A:H/E:P/RL:O/RC:C,none,no,total
2024-02,CVE-2024-24921,ICSA-24-046-10,Siemens Simcenter Femap,7.8,CVSS:3.1/AV:L/AC:L/PR:N/UI:R/S:U/C:H/I:H/A:H/E:P/RL:O/RC:C,none,no,total
2024-02,CVE-2024-24922,ICSA-24-046-10,Siemens Simcenter Femap,7.8,CVSS:3.1/AV:L/AC:L/PR:N/UI:R/S:U/C:H/I:H/A:H/E:P/RL:O/RC:C,none,no,total
2024-02,CVE-2024-24923,ICSA-24-046-10,Siemens Simcenter Femap,7.8,CVSS:3.1/AV:L/AC:L/PR:N/UI:R/S:U/C:H/I:H/A:H/E:P/RL:O/RC:C,none,no,total
2024-02,CVE-2024-24924,ICSA-24-046-10,Siemens Simcenter Femap,7.8,CVSS:3.1/AV:L/AC:L/PR:N/UI:R/S:U/C:H/I:H/A:H/E:P/RL:O/RC:C,none,no,total
2024-02,CVE-2024-24925,ICSA-24-046-10,Siemens Simcenter Femap,7.8,CVSS:3.1/AV:L/AC:L/PR:N/UI:R/S:U/C:H/I:H/A:H/E:P/RL:O/RC:C,none,no,total
2024-03,CVE-2019-7256,ICSA-24-065-01,Nice Linear eMerge E3-Series,10.0,CVSS:3.0/AV:N/AC:L/PR:N/UI:N/S:C/C:H/I:H/A:H,active,yes,total
2024-03,CVE-2020-14381,ICSA-24-074-07,Siemens SIMATIC,7.8,CVSS:3.1/AV:L/AC:L/PR:L/UI:N/S:U/C:H/I:H/A:H,none,no,total
2024-03,CVE-2021-0584,ICSA-24-074-07,Siemens SIMATIC,5.5,CVSS:3.1/AV:L/AC:L/PR:L/UI:N/S:U/C:H/I:N/A:N,none,no,partial
2024-03,CVE-2021-0642,ICSA-24-074-07,Siemens SIMATIC,5.5,CVSS:3.1/AV:L/AC:L/PR:N/UI:R/S:U/C:H/I:N/A:N,none,no,partial
2024-03,CVE-2021-0920,ICSA-24-074-07,Siemens SIMATIC,6.4,CVSS:3.1/AV:L/AC:H/PR:H/UI:N/S:U/C:H/I:H/A:H,active,no,total
2024-03,CVE-2022-20411,ICSA-24-074-07,Siemens SIMATIC,8.8,CVSS:3.1/AV:A/AC:L/PR:N/UI:N/S:U/C:H/I:H/A:H,none,no,total
2024-03,CVE-2022-20462,ICSA-24-074-07,Siemens SIMATIC,7.8,CVSS:3.1/AV:L/AC:L/PR:L/UI:N/S:U/C:H/I:H/A:H,none,no,total
2024-03,CVE-2022-20466,ICSA-24-074-07,Siemens SIMATIC,5.5,CVSS:3.1/AV:L/AC:L/PR:N/UI:R/S:U/C:H/I:N/A:N,none,no,partial
2024-03,CVE-2022-20468,ICSA-24-074-07,Siemens SIMATIC,6.5,CVSS:3.1/AV:A/AC:L/PR:N/UI:N/S:U/C:H/I:N/A:N,none,no,partial
2024-03,CVE-2022-20469,ICSA-24-074-07,Siemens SIMATIC,8.8,CVSS:3.1/AV:A/AC:L/PR:N/UI:N/S:U/C:H/I:H/A:H,none,no,total
2024-03,CVE-2022-20472,ICSA-24-074-07,Siemens SIMATIC,9.8,CVSS:3.1/AV:N/AC:L/PR:N/UI:N/S:U/C:H/I:H/A:H,none,yes,total
2024-03,CVE-2022-20473,ICSA-24-074-07,Siemens SIMATIC,9.8,CVSS:3.1/AV:N/AC:L/PR:N/UI:N/S:U/C:H/I:H/A:H,none,yes,total
2024-03,CVE-2022-20476,ICSA-24-074-07,Siemens SIMATIC,5.5,CVSS:3.1/AV:L/AC:L/PR:L/UI:N/S:U/C:N/I:N/A:H,none,no,partial
2024-03,CVE-2022-20483,ICSA-24-074-07,Siemens SIMATIC,7.5,CVSS:3.1/AV:N/AC:L/PR:N/UI:N/S:U/C:H/I:N/A:N,none,no,total
2024-03,CVE-2022-20498,ICSA-24-074-07,Siemens SIMATIC,4.4,CVSS:3.1/AV:L/AC:L/PR:H/UI:N/S:U/C:H/I:N/A:N,none,no,partial
2024-03,CVE-2022-20500,ICSA-24-074-07,Siemens SIMATIC,5.5,CVSS:3.1/AV:L/AC:L/PR:L/UI:N/S:U/C:N/I:N/A:H,none,no,partial
2024-03,CVE-2022-32257,ICSA-24-074-03,Siemens SINEMA Remote Connect Server,9.8,CVSS:3.1/AV:N/AC:L/PR:N/UI:N/S:U/C:H/I:H/A:H/E:P/RL:O/RC:C,none,yes,total
2024-03,CVE-2022-39948,ICSA-24-074-11,Siemens RUGGEDCOM APE1808 with Fortigate NGFW Devices,4.8,CVSS:3.1/AV:N/AC:H/PR:N/UI:N/S:U/C:L/I:L/A:N,none,no,partial
2024-03,CVE-2022-41327,ICSA-24-074-11,Siemens RUGGEDCOM APE1808 with Fortigate NGFW Devices,7.8,CVSS:3.1/AV:L/AC:L/PR:L/UI:N/S:U/C:H/I:H/A:H,none,no,total
2024-03,CVE-2022-41328,ICSA-24-074-11,Siemens RUGGEDCOM APE1808 with Fortigate NGFW Devices,6.7,CVSS:3.1/AV:L/AC:L/PR:H/UI:N/S:U/C:H/I:H/A:H,active,no,total
2024-03,CVE-2022-41329,ICSA-24-074-11,Siemens RUGGEDCOM APE1808 with Fortigate NGFW Devices,5.3,CVSS:3.1/AV:N/AC:L/PR:N/UI:N/S:U/C:L/I:N/A:N,none,yes,partial
2024-03,CVE-2022-41330,ICSA-24-074-11,Siemens RUGGEDCOM APE1808 with Fortigate NGFW Devices,8.8,CVSS:3.1/AV:N/AC:L/PR:N/UI:R/S:U/C:H/I:H/A:H,none,no,total
2024-03,CVE-2022-41334,ICSA-24-074-11,Siemens RUGGEDCOM APE1808 with Fortigate NGFW Devices,8.8,CVSS:3.1/AV:N/AC:L/PR:N/UI:R/S:U/C:H/I:H/A:H,none,no,total
2024-03,CVE-2022-42469,ICSA-24-074-11,Siemens RUGGEDCOM APE1808 with Fortigate NGFW Devices,4.3,CVSS:3.1/AV:N/AC:L/PR:L/UI:N/S:U/C:N/I:L/A:N,none,no,partial
2024-03,CVE-2022-42474,ICSA-24-074-11,Siemens RUGGEDCOM APE1808 with Fortigate NGFW Devices,6.5,CVSS:3.1/AV:N/AC:L/PR:H/UI:N/S:U/C:N/I:H/A:H,none,no,partial
2024-03,CVE-2022-42476,ICSA-24-074-11,Siemens RUGGEDCOM APE1808 with Fortigate NGFW Devices,8.2,CVSS:3.1/AV:L/AC:L/PR:H/UI:N/S:C/C:H/I:H/A:H,none,no,total
2024-03,CVE-2022-43947,ICSA-24-074-11,Siemens RUGGEDCOM APE1808 with Fortigate NGFW Devices,5.0,CVSS:3.1/AV:N/AC:H/PR:L/UI:N/S:U/C:L/I:L/A:L,none,no,partial
2024-03,CVE-2022-43953,ICSA-24-074-11,Siemens RUGGEDCOM APE1808 with Fortigate NGFW Devices,6.7,CVSS:3.1/AV:L/AC:L/PR:H/UI:N/S:U/C:H/I:H/A:H,none,no,total
2024-03,CVE-2022-45861,ICSA-24-074-11,Siemens RUGGEDCOM APE1808 with Fortigate NGFW Devices,6.5,CVSS:3.1/AV:N/AC:L/PR:L/UI:N/S:U/C:N/I:N/A:H,none,no,partial
2024-03,CVE-2023-22639,ICSA-24-074-11,Siemens RUGGEDCOM APE1808 with Fortigate NGFW Devices,6.7,CVSS:3.1/AV:L/AC:L/PR:H/UI:N/S:U/C:H/I:H/A:H,none,no,total
2024-03,CVE-2023-22640,ICSA-24-074-11,Siemens RUGGEDCOM APE1808 with Fortigate NGFW Devices,7.5,CVSS:3.1/AV:N/AC:H/PR:L/UI:N/S:U/C:H/I:H/A:H,none,no,total
2024-03,CVE-2023-22641,ICSA-24-074-11,Siemens RUGGEDCOM APE1808 with Fortigate NGFW Devices,4.1,CVSS:3.1/AV:N/AC:L/PR:L/UI:R/S:C/C:N/I:L/A:N,none,no,partial
2024-03,CVE-2023-26207,ICSA-24-074-11,Siemens RUGGEDCOM APE1808 with Fortigate NGFW Devices,3.3,CVSS:3.1/AV:L/AC:L/PR:L/UI:N/S:U/C:L/I:N/A:N,none,no,partial
2024-03,CVE-2023-28001,ICSA-24-074-11,Siemens RUGGEDCOM APE1808 with Fortigate NGFW Devices,4.1,CVSS:3.1/AV:N/AC:H/PR:H/UI:N/S:U/C:L/I:L/A:L,none,no,partial
2024-03,CVE-2023-28002,ICSA-24-074-11,Siemens RUGGEDCOM APE1808 with Fortigate NGFW Devices,6.7,CVSS:3.1/AV:L/AC:L/PR:H/UI:N/S:U/C:H/I:H/A:H,none,no,partial
2024-03,CVE-2023-29175,ICSA-24-074-11,Siemens RUGGEDCOM APE1808 with Fortigate NGFW Devices,4.8,CVSS:3.1/AV:N/AC:H/PR:N/UI:N/S:U/C:L/I:L/A:N,none,no,partial
2024-03,CVE-2023-29178,ICSA-24-074-11,Siemens RUGGEDCOM APE1808 with Fortigate NGFW Devices,4.3,CVSS:3.1/AV:N/AC:L/PR:L/UI:N/S:U/C:N/I:N/A:L,none,no,partial
2024-03,CVE-2023-29179,ICSA-24-074-11,Siemens RUGGEDCOM APE1808 with Fortigate NGFW Devices,6.5,CVSS:3.1/AV:N/AC:L/PR:L/UI:N/S:U/C:N/I:N/A:H,none,no,partial
2024-03,CVE-2023-29180,ICSA-24-074-11,Siemens RUGGEDCOM APE1808 with Fortigate NGFW Devices,7.5,CVSS:3.1/AV:N/AC:L/PR:N/UI:N/S:U/C:N/I:N/A:H,none,yes,partial
2024-03,CVE-2023-29181,ICSA-24-074-11,Siemens RUGGEDCOM APE1808 with Fortigate NGFW Devices,8.8,CVSS:3.1/AV:N/AC:L/PR:L/UI:N/S:U/C:H/I:H/A:H,none,no,total
2024-03,CVE-2023-29183,ICSA-24-074-11,Siemens RUGGEDCOM APE1808 with Fortigate NGFW Devices,8.0,CVSS:3.1/AV:N/AC:L/PR:L/UI:R/S:U/C:H/I:H/A:H,none,no,total
2024-03,CVE-2023-33301,ICSA-24-074-11,Siemens RUGGEDCOM APE1808 with Fortigate NGFW Devices,6.5,CVSS:3.1/AV:N/AC:L/PR:N/UI:N/S:U/C:L/I:L/A:N,none,yes,partial
2024-03,CVE-2023-33305,ICSA-24-074-11,Siemens RUGGEDCOM APE1808 with Fortigate NGFW Devices,4.9,CVSS:3.1/AV:N/AC:L/PR:H/UI:N/S:U/C:N/I:N/A:H,none,no,partial
2024-03,CVE-2023-33306,ICSA-24-074-11,Siemens RUGGEDCOM APE1808 with Fortigate NGFW Devices,6.5,CVSS:3.1/AV:N/AC:L/PR:L/UI:N/S:U/C:N/I:N/A:H,none,no,partial
2024-03,CVE-2023-33307,ICSA-24-074-11,Siemens RUGGEDCOM APE1808 with Fortigate NGFW Devices,6.5,CVSS:3.1/AV:N/AC:L/PR:L/UI:N/S:U/C:N/I:N/A:H,none,no,partial
2024-03,CVE-2023-33308,ICSA-24-074-11,Siemens RUGGEDCOM APE1808 with Fortigate NGFW Devices,9.8,CVSS:3.1/AV:N/AC:L/PR:N/UI:N/S:U/C:H/I:H/A:H,none,yes,total
2024-03,CVE-2023-36555,ICSA-24-074-11,Siemens RUGGEDCOM APE1808 with Fortigate NGFW Devices,3.9,CVSS:3.1/AV:N/AC:H/PR:H/UI:R/S:U/C:L/I:L/A:L,none,no,partial
2024-03,CVE-2023-36641,ICSA-24-074-11,Siemens RUGGEDCOM APE1808 with Fortigate NGFW Devices,6.5,CVSS:3.1/AV:N/AC:L/PR:L/UI:N/S:U/C:N/I:N/A:H,none,no,partial
2024-03,CVE-2023-37935,ICSA-24-074-11,Siemens RUGGEDCOM APE1808 with Fortigate NGFW Devices,7.5,CVSS:3.1/AV:N/AC:L/PR:N/UI:N/S:U/C:H/I:N/A:N,none,no,partial
2024-03,CVE-2023-38545,ICSA-24-074-05,Siemens RUGGEDCOM APE1808,6.7,CVSS:3.1/AV:L/AC:L/PR:H/UI:N/S:U/C:H/I:H/A:H/E:P/RL:O/RC:C,poc,no,total
2024-03,CVE-2023-38546,ICSA-24-074-05,Siemens RUGGEDCOM APE1808,3.7,CVSS:3.1/AV:N/AC:H/PR:N/UI:N/S:U/C:N/I:L/A:N,none,no,partial
2024-03,CVE-2023-40718,ICSA-24-074-11,Siemens RUGGEDCOM APE1808 with Fortigate NGFW Devices,7.5,CVSS:3.1/AV:N/AC:L/PR:N/UI:N/S:U/C:N/I:H/A:N,none,yes,partial
2024-03,CVE-2023-41675,ICSA-24-074-11,Siemens RUGGEDCOM APE1808 with Fortigate NGFW Devices,5.3,CVSS:3.1/AV:N/AC:L/PR:N/UI:N/S:U/C:N/I:N/A:L,none,yes,partial
2024-03,CVE-2023-41841,ICSA-24-074-11,Siemens RUGGEDCOM APE1808 with Fortigate NGFW Devices,8.1,CVSS:3.1/AV:N/AC:L/PR:L/UI:N/S:U/C:N/I:H/A:H,none,no,total
2024-03,CVE-2023-42789,ICSA-24-074-05,Siemens RUGGEDCOM APE1808,9.8,CVSS:3.1/AV:N/AC:L/PR:N/UI:N/S:U/C:H/I:H/A:H/E:P/RL:O/RC:C,none,yes,total
2024-03,CVE-2023-42790,ICSA-24-074-05,Siemens RUGGEDCOM APE1808,8.1,CVSS:3.1/AV:N/AC:H/PR:N/UI:N/S:U/C:H/I:H/A:H/E:P/RL:O/RC:C,none,no,total
2024-03,CVE-2023-44250,ICSA-24-074-05,Siemens RUGGEDCOM APE1808,8.8,CVSS:3.1/AV:N/AC:L/PR:L/UI:N/S:U/C:H/I:H/A:H/E:P/RL:O/RC:C,none,no,total
2024-03,CVE-2023-44318,ICSA-24-074-08,Siemens SCALANCE XB-200 / XC-200 / XP-200 / XF-200BA / XR-300WG Family,4.9,CVSS:3.1/AV:N/AC:L/PR:H/UI:N/S:U/C:H/I:N/A:N,none,yes,total
2024-03,CVE-2023-44321,ICSA-24-074-08,Siemens SCALANCE XB-200 / XC-200 / XP-200 / XF-200BA / XR-300WG Family,2.7,CVSS:3.1/AV:N/AC:L/PR:H/UI:N/S:U/C:N/I:N/A:L,none,no,partial
2024-03,CVE-2023-44487,ICSA-24-074-05,Siemens RUGGEDCOM APE1808,7.5,CVSS:3.1/AV:N/AC:L/PR:N/UI:N/S:U/C:N/I:N/A:H,active,yes,partial
2024-03,CVE-2023-45793,ICSA-24-074-10,Siemens Siveillance Control,5.5,CVSS:3.1/AV:L/AC:L/PR:L/UI:N/S:U/C:N/I:H/A:N,none,no,partial
2024-03,CVE-2023-46717,ICSA-24-074-05,Siemens RUGGEDCOM APE1808,7.5,CVSS:3.1/AV:N/AC:H/PR:L/UI:N/S:U/C:H/I:H/A:H/E:P/RL:O/RC:C,none,no,total
2024-03,CVE-2023-47537,ICSA-24-074-05,Siemens RUGGEDCOM APE1808,4.8,CVSS:3.1/AV:N/AC:H/PR:N/UI:N/S:U/C:L/I:L/A:N/E:P/RL:O/RC:C,none,no,partial
2024-03,CVE-2023-49125,ICSA-24-074-02,Siemens Solid Edge,7.8,CVSS:3.1/AV:L/AC:L/PR:N/UI:R/S:U/C:H/I:H/A:H,none,no,total
2024-03,CVE-2024-0400,ICSA-24-116-02,Hitachi Energy MACH SCM (Update A),7.5,CVSS:3.1/AV:N/AC:H/PR:L/UI:N/S:U/C:H/I:H/A:H,none,no,total
2024-03,CVE-2024-0802,ICSA-24-074-14,Mitsubishi Electric MELSEC-Q/L Series (Update B),9.8,CVSS:3.1/AV:N/AC:L/PR:N/UI:N/S:U/C:H/I:H/A:H,none,yes,total
2024-03,CVE-2024-0803,ICSA-24-074-14,Mitsubishi Electric MELSEC-Q/L Series (Update B),9.8,CVSS:3.1/AV:N/AC:L/PR:N/UI:N/S:U/C:H/I:H/A:H,none,yes,total
2024-03,CVE-2024-0860,ICSA-24-074-13,Softing edgeConnector,8.0,CVSS:3.1/AV:A/AC:L/PR:N/UI:R/S:U/C:H/I:H/A:H,none,no,total
2024-03,CVE-2024-1915,ICSA-24-074-14,Mitsubishi Electric MELSEC-Q/L Series (Update B),9.8,CVSS:3.1/AV:N/AC:L/PR:N/UI:N/S:U/C:H/I:H/A:H,none,yes,partial
2024-03,CVE-2024-1916,ICSA-24-074-14,Mitsubishi Electric MELSEC-Q/L Series (Update B),9.8,CVSS:3.1/AV:N/AC:L/PR:N/UI:N/S:U/C:H/I:H/A:H,none,yes,total
2024-03,CVE-2024-1917,ICSA-24-074-14,Mitsubishi Electric MELSEC-Q/L Series (Update B),9.8,CVSS:3.1/AV:N/AC:L/PR:N/UI:N/S:U/C:H/I:H/A:H,none,yes,total
2024-03,CVE-2024-2097,ICSA-24-116-02,Hitachi Energy MACH SCM (Update A),7.5,CVSS:3.1/AV:N/AC:H/PR:L/UI:N/S:U/C:H/I:H/A:H,none,no,total
2024-03,CVE-2024-21483,ICSA-24-074-01,Siemens SENTRON 7KM PAC3x20,4.6,CVSS:3.1/AV:P/AC:L/PR:N/UI:N/S:U/C:H/I:N/A:N,none,no,partial
2024-03,CVE-2024-21912,ICSA-24-086-03,Rockwell Automation Arena Simulation,7.8,CVSS:3.1/AV:L/AC:L/PR:N/UI:R/S:U/C:H/I:H/A:H,none,no,total
2024-03,CVE-2024-21913,ICSA-24-086-03,Rockwell Automation Arena Simulation,7.8,CVSS:3.1/AV:L/AC:L/PR:N/UI:R/S:U/C:H/I:H/A:H,none,no,total
2024-03,CVE-2024-21914,ICSA-24-086-04,Rockwell Automation FactoryTalk View ME,5.3,CVSS:3.1/AV:N/AC:L/PR:N/UI:N/S:U/C:N/I:N/A:L,none,yes,partial
2024-03,CVE-2024-21918,ICSA-24-086-03,Rockwell Automation Arena Simulation,7.8,CVSS:3.1/AV:L/AC:L/PR:N/UI:R/S:U/C:H/I:H/A:H,none,no,total
2024-03,CVE-2024-21919,ICSA-24-086-03,Rockwell Automation Arena Simulation,7.8,CVSS:3.1/AV:L/AC:L/PR:N/UI:R/S:U/C:H/I:H/A:H,none,no,total
2024-03,CVE-2024-21920,ICSA-24-086-03,Rockwell Automation Arena Simulation,4.4,CVSS:3.1/AV:L/AC:L/PR:N/UI:R/S:U/C:L/I:N/A:L,none,no,partial
2024-03,CVE-2024-2197,ICSA-24-067-01,Chirp Systems Chirp Access (Update C),4.3,CVSS:3.1/AV:A/AC:L/PR:N/UI:N/S:U/C:N/I:L/A:N,none,no,partial
2024-03,CVE-2024-22039,ICSA-24-074-09,Siemens Sinteso EN Cerberus PRO EN Fire Protection Systems,10.0,CVSS:3.1/AV:N/AC:L/PR:N/UI:N/S:C/C:H/I:H/A:H/E:P/RL:O/RC:C,none,yes,total
2024-03,CVE-2024-22040,ICSA-24-074-09,Siemens Sinteso EN Cerberus PRO EN Fire Protection Systems,7.5,CVSS:3.1/AV:N/AC:L/PR:N/UI:N/S:U/C:N/I:N/A:H/E:P/RL:O/RC:C,none,yes,total
2024-03,CVE-2024-22041,ICSA-24-074-09,Siemens Sinteso EN Cerberus PRO EN Fire Protection Systems,7.5,CVSS:3.1/AV:N/AC:L/PR:N/UI:N/S:U/C:N/I:N/A:H/E:P/RL:O/RC:C,none,yes,total
2024-03,CVE-2024-22044,ICSA-24-074-06,Siemens SENTRON,7.5,CVSS:3.1/AV:N/AC:L/PR:N/UI:N/S:U/C:N/I:N/A:H,none,yes,partial
2024-03,CVE-2024-22045,ICSA-24-074-04,Siemens SINEMA Remote Connect Client,7.6,CVSS:3.1/AV:N/AC:L/PR:L/UI:R/S:C/C:H/I:L/A:N/E:P/RL:O/RC:C,none,no,partial
2024-03,CVE-2024-2229,ICSA-24-072-01,Schneider Electric EcoStruxure Power Design,7.8,CVSS:3.1/AV:L/AC:L/PR:N/UI:R/S:U/C:H/I:H/A:H,none,no,total
2024-03,CVE-2024-23112,ICSA-24-074-05,Siemens RUGGEDCOM APE1808,8.0,CVSS:3.1/AV:A/AC:H/PR:L/UI:N/S:C/C:H/I:H/A:H/E:P/RL:O/RC:C,none,no,total
2024-03,CVE-2024-23113,ICSA-24-074-05,Siemens RUGGEDCOM APE1808,9.8,CVSS:3.1/AV:N/AC:L/PR:N/UI:N/S:U/C:H/I:H/A:H/E:P/RL:O/RC:C,active,yes,total
2024-03,CVE-2024-23494,ICSA-24-074-12,Delta Electronics DIAEnergie,8.8,CVSS:3.1/AV:N/AC:L/PR:L/UI:N/S:U/C:H/I:H/A:H,none,no,total
2024-03,CVE-2024-23975,ICSA-24-074-12,Delta Electronics DIAEnergie,8.8,CVSS:3.1/AV:N/AC:L/PR:L/UI:N/S:U/C:H/I:H/A:H,none,no,total
2024-03,CVE-2024-2425,ICSA-24-086-02,Rockwell Automation PowerFlex 527,7.5,CVSS:3.1/AV:N/AC:L/PR:N/UI:N/S:U/C:N/I:N/A:H,none,no,partial
2024-03,CVE-2024-2426,ICSA-24-086-02,Rockwell Automation PowerFlex 527,7.5,CVSS:3.1/AV:N/AC:L/PR:N/UI:N/S:U/C:N/I:N/A:H,none,yes,partial
2024-03,CVE-2024-2427,ICSA-24-086-02,Rockwell Automation PowerFlex 527,7.5,CVSS:3.1/AV:N/AC:L/PR:N/UI:N/S:U/C:N/I:N/A:H,none,yes,partial
2024-03,CVE-2024-2442,ICSA-24-079-01,Franklin Fueling System EVO 550/5000,7.5,CVSS:3.1/AV:N/AC:L/PR:N/UI:N/S:U/C:H/I:N/A:N,poc,yes,partial
2024-03,CVE-2024-2453,ICSA-24-081-01,Advantech WebAccess/SCADA,6.4,CVSS:3.1/AV:N/AC:L/PR:L/UI:N/S:C/C:L/I:L/A:N,none,no,partial
2024-03,CVE-2024-25136,ICSA-24-086-01,AutomationDirect C-MORE EA9 HMI,7.5,CVSS:3.1/AV:N/AC:L/PR:N/UI:N/S:U/C:N/I:N/A:H,none,yes,partial
2024-03,CVE-2024-25137,ICSA-24-086-01,AutomationDirect C-MORE EA9 HMI,4.3,CVSS:3.1/AV:N/AC:L/PR:L/UI:N/S:U/C:N/I:N/A:L,none,no,partial
2024-03,CVE-2024-25138,ICSA-24-086-01,AutomationDirect C-MORE EA9 HMI,6.5,CVSS:3.1/AV:N/AC:L/PR:L/UI:N/S:U/C:H/I:N/A:N,none,no,partial
2024-03,CVE-2024-25567,ICSA-24-074-12,Delta Electronics DIAEnergie,8.1,CVSS:3.1/AV:N/AC:L/PR:L/UI:N/S:U/C:N/I:H/A:H,none,no,partial
2024-03,CVE-2024-25937,ICSA-24-074-12,Delta Electronics DIAEnergie,8.8,CVSS:3.1/AV:N/AC:L/PR:L/UI:N/S:U/C:H/I:H/A:H,none,no,total
2024-03,CVE-2024-28029,ICSA-24-074-12,Delta Electronics DIAEnergie,8.8,CVSS:3.1/AV:N/AC:L/PR:L/UI:N/S:U/C:H/I:H/A:H,none,no,total
2024-03,CVE-2024-28040,ICSA-24-074-12,Delta Electronics DIAEnergie,8.8,CVSS:3.1/AV:N/AC:L/PR:L/UI:N/S:U/C:H/I:H/A:H,none,no,total
2024-03,CVE-2024-28045,ICSA-24-074-12,Delta Electronics DIAEnergie,4.6,CVSS:3.1/AV:N/AC:L/PR:L/UI:R/S:U/C:L/I:L/A:N,none,no,partial
2024-03,CVE-2024-28171,ICSA-24-074-12,Delta Electronics DIAEnergie,8.1,CVSS:3.1/AV:N/AC:L/PR:L/UI:N/S:U/C:N/I:H/A:H,poc,no,partial
2024-03,CVE-2024-28891,ICSA-24-074-12,Delta Electronics DIAEnergie,8.8,CVSS:3.1/AV:N/AC:L/PR:L/UI:N/S:U/C:H/I:H/A:H,none,no,total
2024-03,CVE-2024-2929,ICSA-24-086-03,Rockwell Automation Arena Simulation,7.8,CVSS:3.1/AV:L/AC:L/PR:N/UI:R/S:U/C:H/I:H/A:H,none,no,total
2024-04,CVE-2021-47002,ICSA-24-102-01,Siemens SIMATIC S7-1500 TM MFP,5.5,CVSS:3.1/AV:L/AC:L/PR:L/UI:N/S:U/C:N/I:N/A:H,none,no,partial
2024-04,CVE-2021-47107,ICSA-24-102-01,Siemens SIMATIC S7-1500 TM MFP,6.3,CVSS:3.1/AV:N/AC:L/PR:L/UI:N/S:U/C:L/I:L/A:L,none,no,partial
2024-04,CVE-2022-0028,ICSA-24-102-03,Siemens RUGGEDCOM APE1808,8.6,CVSS:3.1/AV:N/AC:L/PR:N/UI:N/S:C/C:N/I:N/A:H/E:P/RL:O/RC:C,active,yes,partial
2024-04,CVE-2022-1271,ICSA-24-102-04,Siemens RUGGEDCOM APE1808,8.8,CVSS:3.1/AV:N/AC:L/PR:L/UI:N/S:U/C:H/I:H/A:H/E:P/RL:O/RC:C,none,no,total
2024-04,CVE-2022-3515,ICSA-24-102-04,Siemens RUGGEDCOM APE1808,9.8,CVSS:3.1/AV:N/AC:L/PR:N/UI:N/S:U/C:H/I:H/A:H/E:P/RL:O/RC:C,poc,yes,total
2024-04,CVE-2022-37454,ICSA-24-102-04,Siemens RUGGEDCOM APE1808,9.8,CVSS:3.1/AV:N/AC:L/PR:N/UI:N/S:U/C:H/I:H/A:H/E:P/RL:O/RC:C,poc,yes,total
2024-04,CVE-2022-38096,ICSA-24-102-01,Siemens SIMATIC S7-1500 TM MFP,6.3,CVSS:3.1/AV:N/AC:L/PR:L/UI:R/S:U/C:N/I:L/A:H,poc,no,partial
2024-04,CVE-2022-43945,ICSA-24-102-01,Siemens SIMATIC S7-1500 TM MFP,6.5,CVSS:3.1/AV:N/AC:L/PR:L/UI:N/S:U/C:N/I:N/A:H,none,yes,partial
2024-04,CVE-2022-47629,ICSA-24-102-04,Siemens RUGGEDCOM APE1808,9.8,CVSS:3.1/AV:N/AC:L/PR:N/UI:N/S:U/C:H/I:H/A:H/E:P/RL:O/RC:C,none,no,partial
2024-04,CVE-2023-0005,ICSA-24-102-03,Siemens RUGGEDCOM APE1808,4.1,CVSS:3.1/AV:L/AC:H/PR:H/UI:N/S:U/C:H/I:N/A:N/E:P/RL:O/RC:C,none,no,total
2024-04,CVE-2023-0008,ICSA-24-102-03,Siemens RUGGEDCOM APE1808,4.4,CVSS:3.1/AV:N/AC:H/PR:H/UI:N/S:U/C:H/I:N/A:N/E:P/RL:O/RC:C,none,no,total
2024-04,CVE-2023-0286,ICSA-24-102-04,Siemens RUGGEDCOM APE1808,7.4,CVSS:3.1/AV:N/AC:H/PR:N/UI:N/S:U/C:H/I:N/A:H,none,no,partial
2024-04,CVE-2023-1652,ICSA-24-102-01,Siemens SIMATIC S7-1500 TM MFP,6.4,CVSS:3.1/AV:L/AC:H/PR:H/UI:N/S:U/C:H/I:H/A:H,none,no,total
2024-04,CVE-2023-28746,ICSA-24-102-01,Siemens SIMATIC S7-1500 TM MFP,6.5,CVSS:3.1/AV:L/AC:L/PR:L/UI:N/S:C/C:H/I:N/A:N,none,no,partial
2024-04,CVE-2023-35980,ICSA-24-102-05,Siemens Scalance W1750D,9.8,CVSS:3.1/AV:N/AC:L/PR:N/UI:N/S:U/C:H/I:H/A:H,none,yes,total
2024-04,CVE-2023-35981,ICSA-24-102-05,Siemens Scalance W1750D,9.8,CVSS:3.1/AV:N/AC:L/PR:N/UI:N/S:U/C:H/I:H/A:H,none,yes,total
2024-04,CVE-2023-35982,ICSA-24-102-05,Siemens Scalance W1750D,9.8,CVSS:3.1/AV:N/AC:L/PR:N/UI:N/S:U/C:H/I:H/A:H,none,yes,total
2024-04,CVE-2023-38046,ICSA-24-102-03,Siemens RUGGEDCOM APE1808,5.5,CVSS:3.1/AV:N/AC:L/PR:H/UI:N/S:U/C:H/I:L/A:N/E:P/RL:O/RC:C,none,no,total
2024-04,CVE-2023-38802,ICSA-24-102-04,Siemens RUGGEDCOM APE1808,7.5,CVSS:3.1/AV:N/AC:L/PR:N/UI:N/S:U/C:N/I:N/A:H/E:P/RL:O/RC:C,poc,yes,partial
2024-04,CVE-2023-45898,ICSA-24-102-01,Siemens SIMATIC S7-1500 TM MFP,7.8,CVSS:3.1/AV:L/AC:L/PR:L/UI:N/S:U/C:H/I:H/A:H,none,no,total
2024-04,CVE-2023-47233,ICSA-24-102-01,Siemens SIMATIC S7-1500 TM MFP,4.3,CVSS:3.1/AV:P/AC:L/PR:L/UI:N/S:U/C:N/I:N/A:H,none,no,partial
2024-04,CVE-2023-50781,ICSA-24-102-01,Siemens SIMATIC S7-1500 TM MFP,7.5,CVSS:3.1/AV:N/AC:L/PR:N/UI:N/S:U/C:H/I:N/A:N,none,no,partial
2024-04,CVE-2023-50821,ICSA-24-102-02,Siemens SIMATIC WinCC,6.2,CVSS:3.1/AV:L/AC:L/PR:N/UI:N/S:U/C:N/I:N/A:H/E:P/RL:O/RC:C,none,no,partial
2024-04,CVE-2023-52447,ICSA-24-102-01,Siemens SIMATIC S7-1500 TM MFP,3.9,CVSS:3.1/AV:L/AC:H/PR:H/UI:N/S:U/C:L/I:L/A:L,poc,no,total
2024-04,CVE-2023-52458,ICSA-24-102-01,Siemens SIMATIC S7-1500 TM MFP,5.5,CVSS:3.1/AV:L/AC:L/PR:L/UI:N/S:U/C:N/I:N/A:H,none,no,partial
2024-04,CVE-2023-52614,ICSA-24-102-01,Siemens SIMATIC S7-1500 TM MFP,7.8,CVSS:3.1/AV:L/AC:L/PR:L/UI:N/S:U/C:H/I:H/A:H,none,no,partial
2024-04,CVE-2023-52620,ICSA-24-102-01,Siemens SIMATIC S7-1500 TM MFP,2.5,CVSS:3.1/AV:L/AC:H/PR:L/UI:N/S:U/C:N/I:N/A:L,none,no,partial
2024-04,CVE-2023-5389,ICSA-24-116-04,"Honeywell Experion PKS, Experion LX, PlantCruise by Experion, Safety Manager, Safety Manager SC",9.1,CVSS:3.1/AV:N/AC:L/PR:N/UI:N/S:U/C:N/I:H/A:H,none,no,total
2024-04,CVE-2023-5390,ICSA-24-116-04,"Honeywell Experion PKS, Experion LX, PlantCruise by Experion, Safety Manager, Safety Manager SC",5.3,CVSS:3.1/AV:N/AC:L/PR:N/UI:N/S:U/C:L/I:N/A:N,none,yes,partial
2024-04,CVE-2023-5392,ICSA-24-116-04,"Honeywell Experion PKS, Experion LX, PlantCruise by Experion, Safety Manager, Safety Manager SC",7.5,CVSS:3.1/AV:N/AC:L/PR:N/UI:N/S:U/C:H/I:N/A:N,none,yes,partial
2024-04,CVE-2023-5393,ICSA-24-116-04,"Honeywell Experion PKS, Experion LX, PlantCruise by Experion, Safety Manager, Safety Manager SC",8.1,CVSS:3.1/AV:N/AC:H/PR:N/UI:N/S:U/C:H/I:H/A:H,none,no,partial
2024-04,CVE-2023-5394,ICSA-24-116-04,"Honeywell Experion PKS, Experion LX, PlantCruise by Experion, Safety Manager, Safety Manager SC",7.4,CVSS:3.1/AV:N/AC:H/PR:N/UI:N/S:U/C:N/I:H/A:H,none,no,partial
2024-04,CVE-2023-5395,ICSA-24-116-04,"Honeywell Experion PKS, Experion LX, PlantCruise by Experion, Safety Manager, Safety Manager SC",8.1,CVSS:3.1/AV:N/AC:H/PR:N/UI:N/S:U/C:H/I:H/A:H,none,no,total
2024-04,CVE-2023-5396,ICSA-24-116-04,"Honeywell Experion PKS, Experion LX, PlantCruise by Experion, Safety Manager, Safety Manager SC",7.4,CVSS:3.1/AV:N/AC:H/PR:N/UI:N/S:U/C:N/I:H/A:H,none,no,partial
2024-04,CVE-2023-5397,ICSA-24-116-04,"Honeywell Experion PKS, Experion LX, PlantCruise by Experion, Safety Manager, Safety Manager SC",8.1,CVSS:3.1/AV:N/AC:H/PR:N/UI:N/S:U/C:H/I:H/A:H,none,no,total
2024-04,CVE-2023-5398,ICSA-24-116-04,"Honeywell Experion PKS, Experion LX, PlantCruise by Experion, Safety Manager, Safety Manager SC",5.9,CVSS:3.1/AV:N/AC:H/PR:N/UI:N/S:U/C:N/I:N/A:H,none,no,partial
2024-04,CVE-2023-5400,ICSA-24-116-04,"Honeywell Experion PKS, Experion LX, PlantCruise by Experion, Safety Manager, Safety Manager SC",8.1,CVSS:3.1/AV:N/AC:H/PR:N/UI:N/S:U/C:H/I:H/A:H,none,no,total
2024-04,CVE-2023-5401,ICSA-24-116-04,"Honeywell Experion PKS, Experion LX, PlantCruise by Experion, Safety Manager, Safety Manager SC",8.1,CVSS:3.1/AV:N/AC:H/PR:N/UI:N/S:U/C:H/I:H/A:H,none,no,total
2024-04,CVE-2023-5403,ICSA-24-116-04,"Honeywell Experion PKS, Experion LX, PlantCruise by Experion, Safety Manager, Safety Manager SC",8.1,CVSS:3.1/AV:N/AC:H/PR:N/UI:N/S:U/C:H/I:H/A:H,none,no,total
2024-04,CVE-2023-5404,ICSA-24-116-04,"Honeywell Experion PKS, Experion LX, PlantCruise by Experion, Safety Manager, Safety Manager SC",8.1,CVSS:3.1/AV:N/AC:H/PR:N/UI:N/S:U/C:H/I:H/A:H,none,no,total
2024-04,CVE-2023-5405,ICSA-24-116-04,"Honeywell Experion PKS, Experion LX, PlantCruise by Experion, Safety Manager, Safety Manager SC",5.3,CVSS:3.1/AV:N/AC:L/PR:N/UI:N/S:U/C:L/I:N/A:N,none,no,partial
2024-04,CVE-2023-5406,ICSA-24-116-04,"Honeywell Experion PKS, Experion LX, PlantCruise by Experion, Safety Manager, Safety Manager SC",5.9,CVSS:3.1/AV:N/AC:H/PR:N/UI:N/S:U/C:N/I:N/A:H,none,no,partial
2024-04,CVE-2023-5407,ICSA-24-116-04,"Honeywell Experion PKS, Experion LX, PlantCruise by Experion, Safety Manager, Safety Manager SC",7.4,CVSS:3.1/AV:N/AC:H/PR:N/UI:N/S:U/C:N/I:H/A:H,none,no,partial
2024-04,CVE-2023-5678,ICSA-24-102-01,Siemens SIMATIC S7-1500 TM MFP,5.3,CVSS:3.1/AV:N/AC:L/PR:N/UI:N/S:U/C:N/I:N/A:L,none,yes,partial
2024-04,CVE-2023-6121,ICSA-24-102-01,Siemens SIMATIC S7-1500 TM MFP,4.3,CVSS:3.1/AV:N/AC:L/PR:L/UI:N/S:U/C:L/I:N/A:N,none,no,partial
2024-04,CVE-2023-6129,ICSA-24-102-01,Siemens SIMATIC S7-1500 TM MFP,6.5,CVSS:3.1/AV:N/AC:H/PR:N/UI:N/S:U/C:N/I:L/A:H,none,no,partial
2024-04,CVE-2023-6237,ICSA-24-102-01,Siemens SIMATIC S7-1500 TM MFP,5.9,CVSS:3.1/AV:N/AC:H/PR:N/UI:N/S:U/C:N/I:N/A:H,none,no,partial
2024-04,CVE-2023-6793,ICSA-24-102-04,Siemens RUGGEDCOM APE1808,2.7,CVSS:3.1/AV:N/AC:L/PR:H/UI:N/S:U/C:N/I:N/A:L/E:P/RL:O/RC:C,none,no,partial
2024-04,CVE-2023-6932,ICSA-24-102-01,Siemens SIMATIC S7-1500 TM MFP,7.8,CVSS:3.1/AV:L/AC:L/PR:L/UI:N/S:U/C:H/I:H/A:H,none,no,total
2024-04,CVE-2024-0008,ICSA-24-102-04,Siemens RUGGEDCOM APE1808,7.8,CVSS:3.1/AV:L/AC:L/PR:N/UI:R/S:U/C:H/I:H/A:H/E:P/RL:O/RC:C,none,no,total
2024-04,CVE-2024-0257,ICSA-24-107-04,RoboDK RoboDK,3.3,CVSS:3.1/AV:L/AC:L/PR:N/UI:R/S:U/C:N/I:N/A:L,none,no,partial
2024-04,CVE-2024-0727,ICSA-24-102-01,Siemens SIMATIC S7-1500 TM MFP,5.5,CVSS:3.1/AV:L/AC:L/PR:N/UI:R/S:U/C:N/I:N/A:H,none,no,partial
2024-04,CVE-2024-1480,ICSA-24-109-01,Unitronics Vision Legacy series (Update A),7.5,CVSS:3.1/AV:N/AC:L/PR:N/UI:N/S:U/C:H/I:N/A:N,none,yes,partial
2024-04,CVE-2024-1491,ICSA-24-107-02,Electrolink FM/DAB/TV Transmitter,7.5,CVSS:3.1/AV:N/AC:L/PR:N/UI:N/S:U/C:N/I:H/A:N,none,no,total
2024-04,CVE-2024-1531,ICSA-24-116-01,Hitachi Energy RTU500 Series,8.2,CVSS:3.1/AV:N/AC:L/PR:H/UI:N/S:C/C:L/I:L/A:H,none,no,partial
2024-04,CVE-2024-1532,ICSA-24-116-01,Hitachi Energy RTU500 Series,6.8,CVSS:3.1/AV:N/AC:L/PR:H/UI:N/S:C/C:N/I:N/A:H,none,no,partial
2024-04,CVE-2024-2103,ICSA-24-095-02,Schweitzer Engineering Laboratories SEL 700 series relays,6.5,CVSS:3.1/AV:N/AC:L/PR:H/UI:N/S:U/C:N/I:H/A:H,none,no,partial
2024-04,CVE-2024-21846,ICSA-24-107-02,Electrolink FM/DAB/TV Transmitter,5.3,CVSS:3.1/AV:N/AC:L/PR:N/UI:N/S:U/C:N/I:N/A:L,none,yes,partial
2024-04,CVE-2024-21872,ICSA-24-107-02,Electrolink FM/DAB/TV Transmitter,7.5,CVSS:3.1/AV:N/AC:L/PR:N/UI:N/S:U/C:H/I:N/A:N,none,yes,partial
2024-04,CVE-2024-22099,ICSA-24-102-01,Siemens SIMATIC S7-1500 TM MFP,6.3,CVSS:3.1/AV:N/AC:H/PR:L/UI:N/S:C/C:N/I:N/A:H,none,no,partial
2024-04,CVE-2024-22179,ICSA-24-107-02,Electrolink FM/DAB/TV Transmitter,7.5,CVSS:3.1/AV:N/AC:L/PR:N/UI:N/S:U/C:N/I:H/A:N,none,yes,partial
2024-04,CVE-2024-22186,ICSA-24-107-02,Electrolink FM/DAB/TV Transmitter,8.8,CVSS:3.1/AV:N/AC:L/PR:L/UI:N/S:U/C:H/I:H/A:H,none,no,total
2024-04,CVE-2024-2244,ICSA-24-095-01,Hitachi Energy Asset Suite 9,5.3,CVSS:3.1/AV:N/AC:L/PR:N/UI:N/S:U/C:N/I:L/A:N,none,yes,partial
2024-04,CVE-2024-23307,ICSA-24-102-01,Siemens SIMATIC S7-1500 TM MFP,4.4,CVSS:3.1/AV:N/AC:H/PR:H/UI:N/S:U/C:N/I:N/A:H,none,no,total
2024-04,CVE-2024-23848,ICSA-24-102-01,Siemens SIMATIC S7-1500 TM MFP,7.5,CVSS:3.1/AV:N/AC:L/PR:N/UI:N/S:U/C:N/I:N/A:H,none,no,partial
2024-04,CVE-2024-2424,ICSA-24-102-09,Rockwell Automation 5015-AENFTXT (Update A),7.5,CVSS:3.1/AV:N/AC:L/PR:N/UI:N/S:U/C:N/I:N/A:H,none,yes,partial
2024-04,CVE-2024-24857,ICSA-24-102-01,Siemens SIMATIC S7-1500 TM MFP,4.6,CVSS:3.1/AV:A/AC:H/PR:H/UI:R/S:U/C:N/I:H/A:L,none,no,partial
2024-04,CVE-2024-24858,ICSA-24-102-01,Siemens SIMATIC S7-1500 TM MFP,4.6,CVSS:3.1/AV:A/AC:H/PR:H/UI:R/S:U/C:N/I:L/A:H,none,no,partial
2024-04,CVE-2024-24859,ICSA-24-102-01,Siemens SIMATIC S7-1500 TM MFP,4.6,CVSS:3.1/AV:A/AC:H/PR:H/UI:R/S:U/C:N/I:L/A:H,none,no,partial
2024-04,CVE-2024-2511,ICSA-24-102-01,Siemens SIMATIC S7-1500 TM MFP,3.7,CVSS:3.1/AV:N/AC:H/PR:N/UI:N/S:U/C:N/I:N/A:L,none,no,partial
2024-04,CVE-2024-25739,ICSA-24-102-01,Siemens SIMATIC S7-1500 TM MFP,5.5,CVSS:3.1/AV:L/AC:L/PR:L/UI:N/S:U/C:N/I:N/A:H,none,no,partial
2024-04,CVE-2024-26275,ICSA-24-102-06,Siemens Parasolid,7.8,CVSS:3.1/AV:L/AC:L/PR:N/UI:R/S:U/C:H/I:H/A:H/E:P/RL:O/RC:C,none,no,total
2024-04,CVE-2024-26276,ICSA-24-102-06,Siemens Parasolid,3.3,CVSS:3.1/AV:L/AC:L/PR:N/UI:R/S:U/C:N/I:N/A:L/E:P/RL:O/RC:C,none,no,partial
2024-04,CVE-2024-26277,ICSA-24-102-06,Siemens Parasolid,3.3,CVSS:3.1/AV:L/AC:L/PR:N/UI:R/S:U/C:N/I:N/A:L/E:P/RL:O/RC:C,none,no,partial
2024-04,CVE-2024-26629,ICSA-24-102-01,Siemens SIMATIC S7-1500 TM MFP,5.5,CVSS:3.1/AV:L/AC:L/PR:L/UI:N/S:U/C:N/I:N/A:H,none,no,partial
2024-04,CVE-2024-26642,ICSA-24-102-01,Siemens SIMATIC S7-1500 TM MFP,5.5,CVSS:3.1/AV:L/AC:L/PR:L/UI:N/S:U/C:N/I:N/A:H,none,no,partial
2024-04,CVE-2024-26643,ICSA-24-102-01,Siemens SIMATIC S7-1500 TM MFP,5.5,CVSS:3.1/AV:L/AC:L/PR:L/UI:N/S:U/C:N/I:N/A:H,none,no,partial
2024-04,CVE-2024-26651,ICSA-24-102-01,Siemens SIMATIC S7-1500 TM MFP,5.5,CVSS:3.1/AV:L/AC:L/PR:L/UI:N/S:U/C:N/I:N/A:H,none,no,partial
2024-04,CVE-2024-26659,ICSA-24-102-01,Siemens SIMATIC S7-1500 TM MFP,5.5,CVSS:3.1/AV:L/AC:L/PR:L/UI:N/S:U/C:N/I:N/A:H,none,no,partial
2024-04,CVE-2024-26787,ICSA-24-102-01,Siemens SIMATIC S7-1500 TM MFP,5.5,CVSS:3.1/AV:L/AC:L/PR:L/UI:N/S:U/C:N/I:N/A:H,none,no,partial
2024-04,CVE-2024-26810,ICSA-24-102-01,Siemens SIMATIC S7-1500 TM MFP,4.4,CVSS:3.1/AV:L/AC:L/PR:H/UI:N/S:U/C:N/I:N/A:H,none,no,partial
2024-04,CVE-2024-26812,ICSA-24-102-01,Siemens SIMATIC S7-1500 TM MFP,5.5,CVSS:3.1/AV:L/AC:L/PR:L/UI:N/S:U/C:N/I:N/A:H,none,no,partial
2024-04,CVE-2024-26816,ICSA-24-102-01,Siemens SIMATIC S7-1500 TM MFP,6.0,CVSS:3.1/AV:L/AC:L/PR:H/UI:N/S:U/C:H/I:N/A:H,none,no,partial
2024-04,CVE-2024-26820,ICSA-24-102-01,Siemens SIMATIC S7-1500 TM MFP,4.4,CVSS:3.1/AV:L/AC:L/PR:H/UI:N/S:U/C:N/I:N/A:H,none,no,partial
2024-04,CVE-2024-26851,ICSA-24-102-01,Siemens SIMATIC S7-1500 TM MFP,5.5,CVSS:3.1/AV:L/AC:L/PR:L/UI:N/S:U/C:N/I:N/A:H,none,no,total
2024-04,CVE-2024-26852,ICSA-24-102-01,Siemens SIMATIC S7-1500 TM MFP,7.0,CVSS:3.1/AV:L/AC:H/PR:L/UI:N/S:U/C:H/I:H/A:H,none,no,total
2024-04,CVE-2024-26855,ICSA-24-102-01,Siemens SIMATIC S7-1500 TM MFP,5.5,CVSS:3.1/AV:L/AC:L/PR:L/UI:N/S:U/C:N/I:N/A:H,none,no,partial
2024-04,CVE-2024-26859,ICSA-24-102-01,Siemens SIMATIC S7-1500 TM MFP,5.5,CVSS:3.1/AV:L/AC:L/PR:L/UI:N/S:U/C:N/I:N/A:H,none,no,partial
2024-04,CVE-2024-26861,ICSA-24-102-01,Siemens SIMATIC S7-1500 TM MFP,5.5,CVSS:3.1/AV:L/AC:L/PR:L/UI:N/S:U/C:N/I:N/A:H,none,no,partial
2024-04,CVE-2024-26863,ICSA-24-102-01,Siemens SIMATIC S7-1500 TM MFP,5.5,CVSS:3.1/AV:L/AC:L/PR:L/UI:N/S:U/C:N/I:N/A:H,none,no,partial
2024-04,CVE-2024-26870,ICSA-24-102-01,Siemens SIMATIC S7-1500 TM MFP,5.5,CVSS:3.1/AV:L/AC:L/PR:L/UI:N/S:U/C:N/I:N/A:H,none,no,partial
2024-04,CVE-2024-26872,ICSA-24-102-01,Siemens SIMATIC S7-1500 TM MFP,5.5,CVSS:3.1/AV:L/AC:L/PR:L/UI:N/S:U/C:N/I:N/A:H,none,no,partial
2024-04,CVE-2024-26875,ICSA-24-102-01,Siemens SIMATIC S7-1500 TM MFP,5.5,CVSS:3.1/AV:L/AC:L/PR:L/UI:N/S:U/C:N/I:N/A:H,none,no,total
2024-04,CVE-2024-26877,ICSA-24-102-01,Siemens SIMATIC S7-1500 TM MFP,5.5,CVSS:3.1/AV:L/AC:L/PR:L/UI:N/S:U/C:N/I:N/A:H,none,no,partial
2024-04,CVE-2024-26878,ICSA-24-102-01,Siemens SIMATIC S7-1500 TM MFP,4.7,CVSS:3.1/AV:L/AC:H/PR:L/UI:N/S:U/C:N/I:N/A:H,none,no,partial
2024-04,CVE-2024-26880,ICSA-24-102-01,Siemens SIMATIC S7-1500 TM MFP,4.4,CVSS:3.1/AV:L/AC:L/PR:H/UI:N/S:U/C:N/I:N/A:H,none,no,partial
2024-04,CVE-2024-26882,ICSA-24-102-01,Siemens SIMATIC S7-1500 TM MFP,5.5,CVSS:3.1/AV:L/AC:L/PR:L/UI:N/S:U/C:N/I:N/A:H,none,yes,partial
2024-04,CVE-2024-26883,ICSA-24-102-01,Siemens SIMATIC S7-1500 TM MFP,5.5,CVSS:3.1/AV:L/AC:L/PR:L/UI:N/S:U/C:N/I:N/A:H,none,no,partial
2024-04,CVE-2024-26884,ICSA-24-102-01,Siemens SIMATIC S7-1500 TM MFP,5.5,CVSS:3.1/AV:L/AC:L/PR:L/UI:N/S:U/C:N/I:N/A:H,none,no,total
2024-04,CVE-2024-26885,ICSA-24-102-01,Siemens SIMATIC S7-1500 TM MFP,7.8,CVSS:3.1/AV:L/AC:L/PR:L/UI:N/S:U/C:H/I:H/A:H,none,no,total
2024-04,CVE-2024-26889,ICSA-24-102-01,Siemens SIMATIC S7-1500 TM MFP,5.5,CVSS:3.1/AV:L/AC:L/PR:L/UI:N/S:U/C:N/I:N/A:H,none,no,partial
2024-04,CVE-2024-26891,ICSA-24-102-01,Siemens SIMATIC S7-1500 TM MFP,5.5,CVSS:3.1/AV:L/AC:L/PR:L/UI:N/S:U/C:N/I:N/A:H,none,no,partial
2024-04,CVE-2024-26894,ICSA-24-102-01,Siemens SIMATIC S7-1500 TM MFP,5.5,CVSS:3.1/AV:L/AC:L/PR:L/UI:N/S:U/C:N/I:N/A:H,none,no,partial
2024-04,CVE-2024-26895,ICSA-24-102-01,Siemens SIMATIC S7-1500 TM MFP,5.5,CVSS:3.1/AV:L/AC:L/PR:L/UI:N/S:U/C:N/I:N/A:H,none,no,partial
2024-04,CVE-2024-26897,ICSA-24-102-01,Siemens SIMATIC S7-1500 TM MFP,4.7,CVSS:3.1/AV:L/AC:H/PR:L/UI:N/S:U/C:N/I:N/A:H,none,no,partial
2024-04,CVE-2024-26898,ICSA-24-102-01,Siemens SIMATIC S7-1500 TM MFP,7.0,CVSS:3.1/AV:L/AC:H/PR:L/UI:N/S:U/C:H/I:H/A:H,none,no,total
2024-04,CVE-2024-26901,ICSA-24-102-01,Siemens SIMATIC S7-1500 TM MFP,5.3,CVSS:3.1/AV:N/AC:L/PR:N/UI:N/S:U/C:N/I:N/A:L,none,no,partial
2024-04,CVE-2024-26903,ICSA-24-102-01,Siemens SIMATIC S7-1500 TM MFP,5.5,CVSS:3.1/AV:L/AC:L/PR:L/UI:N/S:U/C:N/I:N/A:H,none,no,partial
2024-04,CVE-2024-26906,ICSA-24-102-01,Siemens SIMATIC S7-1500 TM MFP,5.5,CVSS:3.1/AV:L/AC:L/PR:L/UI:N/S:U/C:N/I:N/A:H,none,no,partial
2024-04,CVE-2024-26907,ICSA-24-102-01,Siemens SIMATIC S7-1500 TM MFP,5.5,CVSS:3.1/AV:L/AC:L/PR:L/UI:N/S:U/C:N/I:N/A:H,none,no,total
2024-04,CVE-2024-26920,ICSA-24-102-01,Siemens SIMATIC S7-1500 TM MFP,5.5,CVSS:3.1/AV:L/AC:L/PR:L/UI:N/S:U/C:N/I:N/A:H,none,no,partial
2024-04,CVE-2024-26923,ICSA-24-102-01,Siemens SIMATIC S7-1500 TM MFP,7.0,CVSS:3.1/AV:L/AC:H/PR:L/UI:N/S:U/C:H/I:H/A:H,none,no,partial
2024-04,CVE-2024-26925,ICSA-24-102-01,Siemens SIMATIC S7-1500 TM MFP,5.5,CVSS:3.1/AV:L/AC:L/PR:L/UI:N/S:U/C:N/I:N/A:H,none,no,partial
2024-04,CVE-2024-27437,ICSA-24-102-01,Siemens SIMATIC S7-1500 TM MFP,5.5,CVSS:3.1/AV:L/AC:L/PR:L/UI:N/S:U/C:N/I:N/A:H,none,no,partial
2024-04,CVE-2024-28878,ICSA-24-093-01,IOSIX IO-1020 Micro ELD,9.6,CVSS:3.1/AV:A/AC:L/PR:N/UI:N/S:C/C:H/I:H/A:H,none,no,total
2024-04,CVE-2024-30210,ICSA-24-093-01,IOSIX IO-1020 Micro ELD,7.4,CVSS:3.1/AV:A/AC:L/PR:N/UI:N/S:C/C:H/I:N/A:N,none,no,partial
2024-04,CVE-2024-31069,ICSA-24-093-01,IOSIX IO-1020 Micro ELD,7.4,CVSS:3.1/AV:A/AC:L/PR:N/UI:N/S:C/C:H/I:N/A:N,none,no,partial
2024-04,CVE-2024-31978,ICSA-24-102-07,Siemens SINEC NMS,7.6,CVSS:3.1/AV:N/AC:L/PR:L/UI:N/S:U/C:L/I:L/A:H/E:P/RL:O/RC:C,none,no,partial
2024-04,CVE-2024-3313,ICSA-24-100-01,SUBNET PowerSYSTEM Server and Substation Server,8.4,CVSS:3.1/AV:L/AC:L/PR:N/UI:N/S:U/C:H/I:H/A:H,none,no,total
2024-04,CVE-2024-3383,ICSA-24-102-04,Siemens RUGGEDCOM APE1808,7.4,CVSS:3.1/AV:N/AC:H/PR:N/UI:N/S:U/C:N/I:H/A:H,none,no,partial
2024-04,CVE-2024-3386,ICSA-24-102-04,Siemens RUGGEDCOM APE1808,5.3,CVSS:3.1/AV:N/AC:L/PR:N/UI:N/S:U/C:N/I:L/A:N,none,yes,partial
2024-04,CVE-2024-3387,ICSA-24-102-04,Siemens RUGGEDCOM APE1808,5.3,CVSS:3.1/AV:N/AC:H/PR:N/UI:R/S:U/C:H/I:N/A:N,none,no,partial
2024-04,CVE-2024-3388,ICSA-24-102-04,Siemens RUGGEDCOM APE1808,4.1,CVSS:3.1/AV:N/AC:L/PR:L/UI:R/S:C/C:N/I:L/A:N,none,no,partial
2024-04,CVE-2024-3400,ICSA-24-116-03,Siemens RUGGEDCOM APE1808 devices configured with Palo Alto Networks Virtual NGFW,10.0,CVSS:3.1/AV:N/AC:L/PR:N/UI:N/S:C/C:H/I:H/A:H/E:H/RL:T/RC:C,active,yes,total
2024-04,CVE-2024-3493,ICSA-24-107-03,Rockwell Automation ControlLogix and GuardLogix (Update A),8.6,CVSS:3.1/AV:N/AC:L/PR:N/UI:N/S:C/C:N/I:N/A:H,none,yes,partial
2024-04,CVE-2024-3741,ICSA-24-107-02,Electrolink FM/DAB/TV Transmitter,7.5,CVSS:3.1/AV:N/AC:L/PR:N/UI:N/S:U/C:N/I:H/A:N,none,yes,partial
2024-04,CVE-2024-3742,ICSA-24-107-02,Electrolink FM/DAB/TV Transmitter,7.5,CVSS:3.1/AV:N/AC:L/PR:N/UI:N/S:U/C:H/I:N/A:N,none,yes,partial
2024-05,CVE-2023-29409,ICSA-24-137-07,Siemens SIMATIC RTLS Locating Manager,5.3,CVSS:3.1/AV:N/AC:L/PR:N/UI:N/S:U/C:N/I:N/A:L/E:P/RL:O/RC:C,none,no,partial
2024-05,CVE-2023-31274,ICSA-24-130-01,Rockwell Automation FactoryTalk Historian SE,7.5,CVSS:3.1/AV:N/AC:L/PR:N/UI:N/S:U/C:N/I:N/A:H,none,yes,partial
2024-05,CVE-2023-31468,ICSA-24-151-03,Inosoft VisiWin,7.8,CVSS:3.1/AV:L/AC:L/PR:L/UI:N/S:U/C:H/I:H/A:H,poc,no,total
2024-05,CVE-2023-33953,ICSA-24-137-07,Siemens SIMATIC RTLS Locating Manager,7.5,CVSS:3.1/AV:N/AC:L/PR:N/UI:N/S:U/C:N/I:N/A:H/E:P/RL:O/RC:C,none,yes,partial
2024-05,CVE-2023-34348,ICSA-24-130-01,Rockwell Automation FactoryTalk Historian SE,7.5,CVSS:3.1/AV:N/AC:L/PR:N/UI:N/S:U/C:N/I:N/A:H,none,yes,partial
2024-05,CVE-2023-38039,ICSA-24-137-07,Siemens SIMATIC RTLS Locating Manager,7.5,CVSS:3.1/AV:N/AC:L/PR:N/UI:N/S:U/C:N/I:N/A:H/E:P/RL:O/RC:C,poc,yes,partial
2024-05,CVE-2023-38545,ICSA-24-137-07,Siemens SIMATIC RTLS Locating Manager,8.8,CVSS:3.1/AV:N/AC:L/PR:N/UI:R/S:U/C:H/I:H/A:H/E:P/RL:O/RC:C,poc,no,total
2024-05,CVE-2023-38546,ICSA-24-137-07,Siemens SIMATIC RTLS Locating Manager,3.7,CVSS:3.1/AV:N/AC:H/PR:N/UI:N/S:U/C:N/I:L/A:N/E:P/RL:O/RC:C,none,no,partial
2024-05,CVE-2023-46218,ICSA-24-137-07,Siemens SIMATIC RTLS Locating Manager,6.5,CVSS:3.1/AV:N/AC:L/PR:N/UI:N/S:U/C:L/I:L/A:N/E:P/RL:O/RC:C,poc,yes,partial
2024-05,CVE-2023-46219,ICSA-24-137-07,Siemens SIMATIC RTLS Locating Manager,5.3,CVSS:3.1/AV:N/AC:L/PR:N/UI:N/S:U/C:N/I:L/A:N/E:P/RL:O/RC:C,poc,yes,partial
2024-05,CVE-2023-46280,ICSA-24-137-13,Siemens Industrial Products,6.5,CVSS:3.1/AV:L/AC:L/PR:L/UI:N/S:C/C:N/I:N/A:H/E:P/RL:O/RC:C,none,no,partial
2024-05,CVE-2023-46604,ICSA-24-130-03,Delta Electronics InfraSuite Device Master,9.8,CVSS:3.1/AV:N/AC:L/PR:N/UI:N/S:U/C:H/I:H/A:H,active,yes,total
2024-05,CVE-2023-4807,ICSA-24-137-07,Siemens SIMATIC RTLS Locating Manager,7.8,CVSS:3.1/AV:L/AC:L/PR:L/UI:N/S:U/C:H/I:H/A:H/E:P/RL:O/RC:C,none,no,total
2024-05,CVE-2023-5363,ICSA-24-137-07,Siemens SIMATIC RTLS Locating Manager,7.5,CVSS:3.1/AV:N/AC:L/PR:N/UI:N/S:U/C:H/I:N/A:N/E:P/RL:O/RC:C,none,yes,partial
2024-05,CVE-2023-5678,ICSA-24-137-07,Siemens SIMATIC RTLS Locating Manager,5.3,CVSS:3.1/AV:N/AC:L/PR:N/UI:N/S:U/C:N/I:N/A:L/E:P/RL:O/RC:C,none,yes,partial
2024-05,CVE-2023-6916,ICSA-24-137-11,Siemens RUGGEDCOM APE1808,7.2,CVSS:3.1/AV:N/AC:L/PR:H/UI:N/S:U/C:H/I:H/A:H/E:P/RL:O/RC:C,none,no,total
2024-05,CVE-2024-0218,ICSA-24-137-11,Siemens RUGGEDCOM APE1808,7.5,CVSS:3.1/AV:N/AC:L/PR:N/UI:N/S:U/C:N/I:N/A:H/E:P/RL:O/RC:C,none,yes,partial
2024-05,CVE-2024-21785,ICSA-24-144-01,AutomationDirect Productivity PLCs,9.8,CVSS:3.1/AV:N/AC:L/PR:N/UI:N/S:U/C:H/I:H/A:H,poc,yes,total
2024-05,CVE-2024-22039,ICSA-24-137-12,Siemens Desigo Fire Safety UL and Cerberus PRO UL Fire Protection Systems,10.0,CVSS:3.1/AV:N/AC:L/PR:N/UI:N/S:C/C:H/I:H/A:H/E:P/RL:O/RC:C,none,yes,total
2024-05,CVE-2024-22040,ICSA-24-137-12,Siemens Desigo Fire Safety UL and Cerberus PRO UL Fire Protection Systems,7.5,CVSS:3.1/AV:N/AC:L/PR:N/UI:N/S:U/C:N/I:N/A:H/E:P/RL:O/RC:C,none,yes,total
2024-05,CVE-2024-22041,ICSA-24-137-12,Siemens Desigo Fire Safety UL and Cerberus PRO UL Fire Protection Systems,7.5,CVSS:3.1/AV:N/AC:L/PR:N/UI:N/S:U/C:N/I:N/A:H/E:P/RL:O/RC:C,none,yes,total
2024-05,CVE-2024-22187,ICSA-24-144-01,AutomationDirect Productivity PLCs,9.1,CVSS:3.1/AV:N/AC:L/PR:N/UI:N/S:U/C:N/I:H/A:H,poc,yes,partial
2024-05,CVE-2024-23315,ICSA-24-144-01,AutomationDirect Productivity PLCs,7.5,CVSS:3.1/AV:N/AC:L/PR:N/UI:N/S:U/C:H/I:N/A:N,none,yes,partial
2024-05,CVE-2024-23601,ICSA-24-144-01,AutomationDirect Productivity PLCs,9.8,CVSS:3.1/AV:N/AC:L/PR:N/UI:N/S:U/C:H/I:H/A:H,none,yes,partial
2024-05,CVE-2024-2420,ICSA-24-151-01,LenelS2 NetBox,9.8,CVSS:3.1/AV:N/AC:L/PR:N/UI:N/S:U/C:H/I:H/A:H,none,yes,partial
2024-05,CVE-2024-2421,ICSA-24-151-01,LenelS2 NetBox,9.1,CVSS:3.1/AV:N/AC:L/PR:H/UI:N/S:C/C:H/I:H/A:H,none,no,total
2024-05,CVE-2024-2422,ICSA-24-151-01,LenelS2 NetBox,8.8,CVSS:3.1/AV:N/AC:L/PR:L/UI:N/S:U/C:H/I:H/A:H,none,yes,total
2024-05,CVE-2024-24851,ICSA-24-144-01,AutomationDirect Productivity PLCs,7.5,CVSS:3.1/AV:N/AC:L/PR:N/UI:N/S:U/C:N/I:N/A:H,none,yes,total
2024-05,CVE-2024-24946,ICSA-24-144-01,AutomationDirect Productivity PLCs,8.2,CVSS:3.1/AV:N/AC:L/PR:N/UI:N/S:U/C:N/I:L/A:H,none,yes,partial
2024-05,CVE-2024-24947,ICSA-24-144-01,AutomationDirect Productivity PLCs,8.2,CVSS:3.1/AV:N/AC:L/PR:N/UI:N/S:U/C:N/I:L/A:H,none,yes,partial
2024-05,CVE-2024-24954,ICSA-24-144-01,AutomationDirect Productivity PLCs,8.2,CVSS:3.1/AV:N/AC:L/PR:N/UI:N/S:U/C:N/I:L/A:H,none,yes,total
2024-05,CVE-2024-24955,ICSA-24-144-01,AutomationDirect Productivity PLCs,8.2,CVSS:3.1/AV:N/AC:L/PR:N/UI:N/S:U/C:N/I:L/A:H,none,yes,total
2024-05,CVE-2024-24956,ICSA-24-144-01,AutomationDirect Productivity PLCs,8.2,CVSS:3.1/AV:N/AC:L/PR:N/UI:N/S:U/C:N/I:L/A:H,none,yes,total
2024-05,CVE-2024-24957,ICSA-24-144-01,AutomationDirect Productivity PLCs,8.2,CVSS:3.1/AV:N/AC:L/PR:N/UI:N/S:U/C:N/I:L/A:H,none,yes,total
2024-05,CVE-2024-24958,ICSA-24-144-01,AutomationDirect Productivity PLCs,8.2,CVSS:3.1/AV:N/AC:L/PR:N/UI:N/S:U/C:N/I:L/A:H,none,yes,total
2024-05,CVE-2024-24959,ICSA-24-144-01,AutomationDirect Productivity PLCs,8.2,CVSS:3.1/AV:N/AC:L/PR:N/UI:N/S:U/C:N/I:L/A:H,none,yes,total
2024-05,CVE-2024-24962,ICSA-24-144-01,AutomationDirect Productivity PLCs,9.8,CVSS:3.1/AV:N/AC:L/PR:N/UI:N/S:U/C:H/I:H/A:H,none,yes,total
2024-05,CVE-2024-24963,ICSA-24-144-01,AutomationDirect Productivity PLCs,9.8,CVSS:3.1/AV:N/AC:L/PR:N/UI:N/S:U/C:H/I:H/A:H,none,yes,total
2024-05,CVE-2024-26024,ICSA-24-128-02,SUBNET Substation Server,8.4,CVSS:3.1/AV:L/AC:L/PR:N/UI:N/S:U/C:H/I:H/A:H,none,no,total
2024-05,CVE-2024-27939,ICSA-24-137-10,Siemens RUGGEDCOM CROSSBOW,9.8,CVSS:3.1/AV:N/AC:L/PR:N/UI:N/S:U/C:H/I:H/A:H/E:P/RL:O/RC:C,none,yes,total
2024-05,CVE-2024-27940,ICSA-24-137-10,Siemens RUGGEDCOM CROSSBOW,8.8,CVSS:3.1/AV:N/AC:L/PR:L/UI:N/S:U/C:H/I:H/A:H/E:P/RL:O/RC:C,none,no,total
2024-05,CVE-2024-27941,ICSA-24-137-10,Siemens RUGGEDCOM CROSSBOW,8.8,CVSS:3.1/AV:N/AC:L/PR:L/UI:N/S:U/C:H/I:H/A:H/E:P/RL:O/RC:C,none,no,total
2024-05,CVE-2024-27942,ICSA-24-137-10,Siemens RUGGEDCOM CROSSBOW,7.5,CVSS:3.1/AV:N/AC:L/PR:N/UI:N/S:U/C:N/I:N/A:H/E:P/RL:O/RC:C,none,no,partial
2024-05,CVE-2024-27943,ICSA-24-137-10,Siemens RUGGEDCOM CROSSBOW,7.2,CVSS:3.1/AV:N/AC:L/PR:H/UI:N/S:U/C:H/I:H/A:H/E:P/RL:O/RC:C,none,no,total
2024-05,CVE-2024-27944,ICSA-24-137-10,Siemens RUGGEDCOM CROSSBOW,7.2,CVSS:3.1/AV:N/AC:L/PR:H/UI:N/S:U/C:H/I:H/A:H/E:P/RL:O/RC:C,none,no,total
2024-05,CVE-2024-27945,ICSA-24-137-10,Siemens RUGGEDCOM CROSSBOW,7.2,CVSS:3.1/AV:N/AC:L/PR:H/UI:N/S:U/C:H/I:H/A:H/E:P/RL:O/RC:C,none,no,total
2024-05,CVE-2024-27946,ICSA-24-137-10,Siemens RUGGEDCOM CROSSBOW,6.5,CVSS:3.1/AV:N/AC:L/PR:H/UI:N/S:U/C:N/I:H/A:H/E:P/RL:O/RC:C,none,no,partial
2024-05,CVE-2024-27947,ICSA-24-137-10,Siemens RUGGEDCOM CROSSBOW,5.3,CVSS:3.1/AV:N/AC:L/PR:N/UI:N/S:U/C:L/I:N/A:N/E:P/RL:O/RC:C,none,no,partial
2024-05,CVE-2024-28042,ICSA-24-135-02,SUBNET PowerSYSTEM Center,8.4,CVSS:3.1/AV:L/AC:L/PR:N/UI:N/S:U/C:H/I:H/A:H,none,no,total
2024-05,CVE-2024-30206,ICSA-24-137-07,Siemens SIMATIC RTLS Locating Manager,8.8,CVSS:3.1/AV:A/AC:L/PR:N/UI:R/S:C/C:H/I:H/A:H/E:P/RL:O/RC:C,none,no,total
2024-05,CVE-2024-30207,ICSA-24-137-07,Siemens SIMATIC RTLS Locating Manager,10.0,CVSS:3.1/AV:N/AC:L/PR:N/UI:N/S:C/C:H/I:H/A:H/E:P/RL:O/RC:C,none,yes,total
2024-05,CVE-2024-30208,ICSA-24-137-07,Siemens SIMATIC RTLS Locating Manager,6.3,CVSS:3.1/AV:L/AC:L/PR:L/UI:N/S:C/C:L/I:L/A:L/E:P/RL:O/RC:C,none,no,partial
2024-05,CVE-2024-30209,ICSA-24-137-07,Siemens SIMATIC RTLS Locating Manager,9.6,CVSS:3.1/AV:A/AC:L/PR:N/UI:N/S:C/C:H/I:H/A:H/E:P/RL:O/RC:C,none,no,total
2024-05,CVE-2024-31409,ICSA-24-123-01,CyberPower PowerPanel Business,6.5,CVSS:3.0/AV:N/AC:L/PR:L/UI:N/S:U/C:H/I:N/A:N,none,no,total
2024-05,CVE-2024-31410,ICSA-24-123-01,CyberPower PowerPanel Business,6.5,CVSS:3.0/AV:N/AC:L/PR:L/UI:N/S:U/C:N/I:H/A:N,none,no,total
2024-05,CVE-2024-31484,ICSA-24-137-02,Siemens SICAM Products,7.8,CVSS:3.1/AV:L/AC:L/PR:N/UI:R/S:U/C:H/I:H/A:H,none,no,total
2024-05,CVE-2024-31485,ICSA-24-137-02,Siemens SICAM Products,7.2,CVSS:3.1/AV:N/AC:L/PR:H/UI:N/S:U/C:H/I:H/A:H,poc,no,total
2024-05,CVE-2024-31486,ICSA-24-137-02,Siemens SICAM Products,5.3,CVSS:3.1/AV:N/AC:H/PR:L/UI:N/S:U/C:H/I:N/A:N,none,no,partial
2024-05,CVE-2024-31856,ICSA-24-123-01,CyberPower PowerPanel Business,8.8,CVSS:3.0/AV:N/AC:L/PR:L/UI:N/S:U/C:H/I:H/A:H,none,no,total
2024-05,CVE-2024-32042,ICSA-24-123-01,CyberPower PowerPanel Business,4.9,CVSS:3.1/AV:N/AC:L/PR:H/UI:N/S:U/C:H/I:N/A:N,none,no,total
2024-05,CVE-2024-32047,ICSA-24-123-01,CyberPower PowerPanel Business,9.8,CVSS:3.0/AV:N/AC:L/PR:N/UI:N/S:U/C:H/I:H/A:H,none,yes,total
2024-05,CVE-2024-32053,ICSA-24-123-01,CyberPower PowerPanel Business,9.8,CVSS:3.0/AV:N/AC:L/PR:N/UI:N/S:U/C:H/I:H/A:H,none,yes,total
2024-05,CVE-2024-32055,ICSA-24-137-08,Siemens PS/IGES Parasolid Translator Component,7.8,CVSS:3.1/AV:L/AC:L/PR:N/UI:R/S:U/C:H/I:H/A:H,none,no,total
2024-05,CVE-2024-32057,ICSA-24-137-08,Siemens PS/IGES Parasolid Translator Component,7.8,CVSS:3.1/AV:L/AC:L/PR:N/UI:R/S:U/C:H/I:H/A:H,none,no,total
2024-05,CVE-2024-32058,ICSA-24-137-08,Siemens PS/IGES Parasolid Translator Component,7.8,CVSS:3.1/AV:L/AC:L/PR:N/UI:R/S:U/C:H/I:H/A:H,none,no,total
2024-05,CVE-2024-32059,ICSA-24-137-08,Siemens PS/IGES Parasolid Translator Component,7.8,CVSS:3.1/AV:L/AC:L/PR:N/UI:R/S:U/C:H/I:H/A:H,none,no,total
2024-05,CVE-2024-32060,ICSA-24-137-08,Siemens PS/IGES Parasolid Translator Component,7.8,CVSS:3.1/AV:L/AC:L/PR:N/UI:R/S:U/C:H/I:H/A:H,none,no,total
2024-05,CVE-2024-32061,ICSA-24-137-08,Siemens PS/IGES Parasolid Translator Component,7.8,CVSS:3.1/AV:L/AC:L/PR:N/UI:R/S:U/C:H/I:H/A:H,none,no,total
2024-05,CVE-2024-32062,ICSA-24-137-08,Siemens PS/IGES Parasolid Translator Component,7.8,CVSS:3.1/AV:L/AC:L/PR:N/UI:R/S:U/C:H/I:H/A:H,none,no,total
2024-05,CVE-2024-32063,ICSA-24-137-08,Siemens PS/IGES Parasolid Translator Component,7.8,CVSS:3.1/AV:L/AC:L/PR:N/UI:R/S:U/C:H/I:H/A:H,none,no,total
2024-05,CVE-2024-32064,ICSA-24-137-08,Siemens PS/IGES Parasolid Translator Component,7.8,CVSS:3.1/AV:L/AC:L/PR:N/UI:R/S:U/C:H/I:H/A:H,none,no,total
2024-05,CVE-2024-32065,ICSA-24-137-08,Siemens PS/IGES Parasolid Translator Component,7.8,CVSS:3.1/AV:L/AC:L/PR:N/UI:R/S:U/C:H/I:H/A:H,none,no,total
2024-05,CVE-2024-32066,ICSA-24-137-08,Siemens PS/IGES Parasolid Translator Component,7.8,CVSS:3.1/AV:L/AC:L/PR:N/UI:R/S:U/C:H/I:H/A:H,none,no,total
2024-05,CVE-2024-32635,ICSA-24-137-01,Siemens Parasolid,7.8,CVSS:3.1/AV:L/AC:L/PR:N/UI:R/S:U/C:H/I:H/A:H,none,no,total
2024-05,CVE-2024-32636,ICSA-24-137-01,Siemens Parasolid,7.8,CVSS:3.1/AV:L/AC:L/PR:N/UI:R/S:U/C:H/I:H/A:H,none,no,total
2024-05,CVE-2024-32637,ICSA-24-137-01,Siemens Parasolid,3.3,CVSS:3.1/AV:L/AC:L/PR:N/UI:R/S:U/C:N/I:N/A:L,none,no,total
2024-05,CVE-2024-32740,ICSA-24-137-06,Siemens SIMATIC CN 4100,9.8,CVSS:3.1/AV:N/AC:L/PR:N/UI:N/S:U/C:H/I:H/A:H/E:P/RL:O/RC:C,none,yes,partial
2024-05,CVE-2024-32741,ICSA-24-137-06,Siemens SIMATIC CN 4100,10.0,CVSS:3.1/AV:N/AC:L/PR:N/UI:N/S:C/C:H/I:H/A:H/E:P/RL:O/RC:C,none,yes,partial
2024-05,CVE-2024-32742,ICSA-24-137-06,Siemens SIMATIC CN 4100,7.6,CVSS:3.1/AV:P/AC:L/PR:N/UI:N/S:C/C:H/I:H/A:H/E:P/RL:O/RC:C,none,no,total
2024-05,CVE-2024-33489,ICSA-24-137-09,Siemens Solid Edge,7.8,CVSS:3.1/AV:L/AC:L/PR:N/UI:R/S:U/C:H/I:H/A:H,none,no,total
2024-05,CVE-2024-33490,ICSA-24-137-09,Siemens Solid Edge,7.8,CVSS:3.1/AV:L/AC:L/PR:N/UI:R/S:U/C:H/I:H/A:H,none,no,total
2024-05,CVE-2024-33491,ICSA-24-137-09,Siemens Solid Edge,7.8,CVSS:3.1/AV:L/AC:L/PR:N/UI:R/S:U/C:H/I:H/A:H,none,no,total
2024-05,CVE-2024-33492,ICSA-24-137-09,Siemens Solid Edge,7.8,CVSS:3.1/AV:L/AC:L/PR:N/UI:R/S:U/C:H/I:H/A:H,none,no,total
2024-05,CVE-2024-33493,ICSA-24-137-09,Siemens Solid Edge,7.8,CVSS:3.1/AV:L/AC:L/PR:N/UI:R/S:U/C:H/I:H/A:H,none,no,total
2024-05,CVE-2024-33494,ICSA-24-137-07,Siemens SIMATIC RTLS Locating Manager,6.5,CVSS:3.1/AV:N/AC:L/PR:N/UI:N/S:U/C:N/I:L/A:L/E:P/RL:O/RC:C,none,no,partial
2024-05,CVE-2024-33495,ICSA-24-137-07,Siemens SIMATIC RTLS Locating Manager,6.5,CVSS:3.1/AV:N/AC:L/PR:L/UI:N/S:U/C:N/I:N/A:H/E:P/RL:O/RC:C,none,no,partial
2024-05,CVE-2024-33496,ICSA-24-137-07,Siemens SIMATIC RTLS Locating Manager,6.3,CVSS:3.1/AV:L/AC:L/PR:L/UI:N/S:C/C:L/I:L/A:L/E:P/RL:O/RC:C,none,no,total
2024-05,CVE-2024-33497,ICSA-24-137-07,Siemens SIMATIC RTLS Locating Manager,6.3,CVSS:3.1/AV:L/AC:L/PR:L/UI:N/S:C/C:L/I:L/A:L/E:P/RL:O/RC:C,none,no,total
2024-05,CVE-2024-33498,ICSA-24-137-07,Siemens SIMATIC RTLS Locating Manager,5.3,CVSS:3.1/AV:N/AC:L/PR:N/UI:N/S:U/C:N/I:N/A:L/E:P/RL:O/RC:C,none,no,partial
2024-05,CVE-2024-33499,ICSA-24-137-07,Siemens SIMATIC RTLS Locating Manager,9.1,CVSS:3.1/AV:N/AC:L/PR:H/UI:N/S:C/C:H/I:H/A:H/E:P/RL:O/RC:C,none,no,total
2024-05,CVE-2024-33577,ICSA-24-137-05,Siemens Simcenter Nastran,7.8,CVSS:3.1/AV:L/AC:L/PR:N/UI:R/S:U/C:H/I:H/A:H,none,no,total
2024-05,CVE-2024-33583,ICSA-24-137-07,Siemens SIMATIC RTLS Locating Manager,3.3,CVSS:3.1/AV:L/AC:L/PR:L/UI:N/S:U/C:L/I:N/A:N/E:P/RL:O/RC:C,none,no,partial
2024-05,CVE-2024-33615,ICSA-24-123-01,CyberPower PowerPanel Business,8.8,CVSS:3.0/AV:N/AC:L/PR:L/UI:N/S:U/C:H/I:H/A:H,none,no,total
2024-05,CVE-2024-33625,ICSA-24-123-01,CyberPower PowerPanel Business,9.8,CVSS:3.0/AV:N/AC:L/PR:N/UI:N/S:U/C:H/I:H/A:H,none,no,partial
2024-05,CVE-2024-33647,ICSA-24-137-04,Siemens Polarion ALM,6.5,CVSS:3.1/AV:N/AC:L/PR:L/UI:N/S:U/C:H/I:N/A:N,none,no,partial
2024-05,CVE-2024-34025,ICSA-24-123-01,CyberPower PowerPanel Business,9.8,CVSS:3.0/AV:N/AC:L/PR:N/UI:N/S:U/C:H/I:H/A:H,none,yes,total
2024-05,CVE-2024-34031,ICSA-24-123-02,Delta Electronics DIAEnergie,8.8,CVSS:3.1/AV:N/AC:L/PR:L/UI:N/S:U/C:H/I:H/A:H,none,no,total
2024-05,CVE-2024-34032,ICSA-24-123-02,Delta Electronics DIAEnergie,8.8,CVSS:3.1/AV:N/AC:L/PR:L/UI:N/S:U/C:H/I:H/A:H,none,no,total
2024-05,CVE-2024-34033,ICSA-24-123-02,Delta Electronics DIAEnergie,8.8,CVSS:3.1/AV:N/AC:L/PR:L/UI:N/S:U/C:H/I:H/A:H,none,no,total
2024-05,CVE-2024-34085,ICSA-24-137-03,Siemens Teamcenter Visualization and JT2Go,7.8,CVSS:3.1/AV:L/AC:L/PR:N/UI:R/S:U/C:H/I:H/A:H,none,no,total
2024-05,CVE-2024-34086,ICSA-24-137-03,Siemens Teamcenter Visualization and JT2Go,7.8,CVSS:3.1/AV:L/AC:L/PR:N/UI:R/S:U/C:H/I:H/A:H,none,no,total
2024-05,CVE-2024-34171,ICSA-24-151-02,Fuji Electric Monitouch V-SFT (Update A),7.8,CVSS:3.1/AV:L/AC:L/PR:N/UI:R/S:U/C:H/I:H/A:H,none,no,total
2024-05,CVE-2024-34771,ICSA-24-137-09,Siemens Solid Edge,7.8,CVSS:3.1/AV:L/AC:L/PR:N/UI:R/S:U/C:H/I:H/A:H,none,no,total
2024-05,CVE-2024-34772,ICSA-24-137-09,Siemens Solid Edge,7.8,CVSS:3.1/AV:L/AC:L/PR:N/UI:R/S:U/C:H/I:H/A:H/E:P/RL:O/RC:C,none,no,total
2024-05,CVE-2024-34773,ICSA-24-137-09,Siemens Solid Edge,7.8,CVSS:3.1/AV:L/AC:L/PR:N/UI:R/S:U/C:H/I:H/A:H/E:P/RL:O/RC:C,none,no,total
2024-05,CVE-2024-3640,ICSA-24-135-01,Rockwell Automation FactoryTalk Remote Access,6.5,CVSS:3.1/AV:L/AC:L/PR:H/UI:R/S:U/C:H/I:H/A:H,none,no,total
2024-05,CVE-2024-3951,ICSA-24-128-01,PTC Codebeamer,7.1,CVSS:3.1/AV:N/AC:L/PR:N/UI:R/S:C/C:L/I:L/A:L,none,no,partial
2024-05,CVE-2024-4609,ICSA-24-137-14,Rockwell Automation FactoryTalk View SE,7.6,CVSS:3.1/AV:N/AC:L/PR:L/UI:N/S:U/C:H/I:L/A:L,none,yes,total
2024-05,CVE-2024-4622,ICSA-24-130-02,alpitronic Hypercharger EV charger,8.2,CVSS:3.0/AV:N/AC:L/PR:N/UI:N/S:U/C:L/I:N/A:H,none,no,partial
2024-05,CVE-2024-5040,ICSA-24-142-01,LCDS LAquis SCADA,7.8,CVSS:3.1/AV:L/AC:L/PR:N/UI:R/S:U/C:H/I:H/A:H,none,no,total
2024-05,CVE-2024-5271,ICSA-24-151-02,Fuji Electric Monitouch V-SFT (Update A),7.8,CVSS:3.1/AV:L/AC:L/PR:N/UI:R/S:U/C:H/I:H/A:H,none,yes,total
2024-05,CVE-2024-5433,ICSA-24-149-01,Campbell Scientific CSI Web Server,5.3,CVSS:3.1/AV:N/AC:L/PR:N/UI:N/S:U/C:L/I:N/A:N,none,no,partial
2024-05,CVE-2024-5434,ICSA-24-149-01,Campbell Scientific CSI Web Server,5.7,CVSS:3.1/AV:A/AC:L/PR:L/UI:N/S:U/C:H/I:N/A:N,none,no,partial
2024-06,CVE-2019-6268,ICSA-24-170-01,RAD Data Communications SecFlow-2,7.5,CVSS:3.1/AV:N/AC:L/PR:N/UI:N/S:U/C:H/I:N/A:N,poc,yes,partial
2024-06,CVE-2021-47178,ICSA-24-165-06,Siemens TIM 1531 IRC,5.5,CVSS:3.1/AV:L/AC:L/PR:L/UI:N/S:U/C:N/I:N/A:H/E:P/RL:O/RC:C,none,no,partial
2024-06,CVE-2022-2097,ICSA-24-165-10,Siemens SIMATIC and SIPLUS,5.3,CVSS:3.1/AV:N/AC:L/PR:N/UI:N/S:U/C:L/I:N/A:N/E:P/RL:O/RC:C,none,yes,partial
2024-06,CVE-2022-3435,ICSA-24-165-10,Siemens SIMATIC and SIPLUS,4.3,CVSS:3.1/AV:N/AC:L/PR:L/UI:N/S:U/C:L/I:N/A:N/E:P/RL:O/RC:C,none,no,partial
2024-06,CVE-2022-3623,ICSA-24-165-10,Siemens SIMATIC and SIPLUS,5.0,CVSS:3.1/AV:N/AC:H/PR:L/UI:N/S:U/C:L/I:L/A:L,none,no,partial
2024-06,CVE-2022-39189,ICSA-24-165-06,Siemens TIM 1531 IRC,7.8,CVSS:3.1/AV:L/AC:L/PR:L/UI:N/S:U/C:H/I:H/A:H/E:P/RL:O/RC:C,none,no,total
2024-06,CVE-2022-40225,ICSA-24-165-06,Siemens TIM 1531 IRC,6.5,CVSS:3.1/AV:N/AC:L/PR:L/UI:N/S:U/C:N/I:N/A:H/E:P/RL:O/RC:C,none,no,partial
2024-06,CVE-2022-40303,ICSA-24-165-04,Siemens ST7 ScadaConnect,7.5,CVSS:3.1/AV:N/AC:L/PR:N/UI:N/S:U/C:N/I:N/A:H/E:P/RL:O/RC:C,none,yes,partial
2024-06,CVE-2022-40304,ICSA-24-165-04,Siemens ST7 ScadaConnect,7.8,CVSS:3.1/AV:L/AC:L/PR:N/UI:R/S:U/C:H/I:H/A:H/E:P/RL:O/RC:C,none,no,partial
2024-06,CVE-2022-41742,ICSA-24-165-13,Siemens SINEC Traffic Analyzer ,7.1,CVSS:3.1/AV:L/AC:L/PR:L/UI:N/S:U/C:H/I:N/A:H,none,no,total
2024-06,CVE-2022-42328,ICSA-24-165-10,Siemens SIMATIC and SIPLUS,5.5,CVSS:3.1/AV:L/AC:L/PR:L/UI:N/S:U/C:N/I:N/A:H/E:P/RL:O/RC:C,none,no,partial
2024-06,CVE-2022-42329,ICSA-24-165-10,Siemens SIMATIC and SIPLUS,5.5,CVSS:3.1/AV:L/AC:L/PR:L/UI:N/S:U/C:N/I:N/A:H/E:P/RL:O/RC:C,none,no,partial
2024-06,CVE-2022-4304,ICSA-24-165-06,Siemens TIM 1531 IRC,5.9,CVSS:3.1/AV:N/AC:H/PR:N/UI:N/S:U/C:N/I:H/A:N/E:P/RL:O/RC:C,none,no,partial
2024-06,CVE-2022-4450,ICSA-24-165-06,Siemens TIM 1531 IRC,5.9,CVSS:3.1/AV:N/AC:H/PR:N/UI:N/S:U/C:N/I:N/A:H/E:P/RL:O/RC:C,none,yes,partial
2024-06,CVE-2022-44792,ICSA-24-165-10,Siemens SIMATIC and SIPLUS,6.5,CVSS:3.1/AV:N/AC:L/PR:N/UI:R/S:U/C:N/I:N/A:H/E:P/RL:O/RC:C,poc,no,partial
2024-06,CVE-2022-44793,ICSA-24-165-10,Siemens SIMATIC and SIPLUS,6.5,CVSS:3.1/AV:N/AC:L/PR:N/UI:R/S:U/C:N/I:N/A:H/E:P/RL:O/RC:C,poc,no,partial
2024-06,CVE-2022-45887,ICSA-24-165-06,Siemens TIM 1531 IRC,4.7,CVSS:3.1/AV:L/AC:H/PR:L/UI:N/S:U/C:N/I:N/A:H/E:P/RL:O/RC:C,none,no,partial
2024-06,CVE-2023-0160,ICSA-24-165-06,Siemens TIM 1531 IRC,5.5,CVSS:3.1/AV:L/AC:L/PR:L/UI:N/S:U/C:N/I:N/A:H/E:P/RL:O/RC:C,none,no,partial
2024-06,CVE-2023-0215,ICSA-24-165-06,Siemens TIM 1531 IRC,5.9,CVSS:3.1/AV:N/AC:H/PR:N/UI:N/S:U/C:N/I:N/A:H/E:P/RL:O/RC:C,none,yes,partial
2024-06,CVE-2023-0286,ICSA-24-165-06,Siemens TIM 1531 IRC,7.4,CVSS:3.1/AV:N/AC:H/PR:N/UI:N/S:U/C:H/I:N/A:H/E:P/RL:O/RC:C,none,no,partial
2024-06,CVE-2023-0464,ICSA-24-165-04,Siemens ST7 ScadaConnect,7.5,CVSS:3.1/AV:N/AC:L/PR:N/UI:N/S:U/C:N/I:N/A:H/E:P/RL:O/RC:C,none,yes,partial
2024-06,CVE-2023-0465,ICSA-24-165-04,Siemens ST7 ScadaConnect,5.3,CVSS:3.1/AV:N/AC:L/PR:N/UI:N/S:U/C:N/I:L/A:N/E:P/RL:O/RC:C,none,yes,partial
2024-06,CVE-2023-0466,ICSA-24-165-04,Siemens ST7 ScadaConnect,5.3,CVSS:3.1/AV:N/AC:L/PR:N/UI:N/S:U/C:N/I:L/A:N/E:P/RL:O/RC:C,none,no,partial
2024-06,CVE-2023-21808,ICSA-24-165-04,Siemens ST7 ScadaConnect,7.8,CVSS:3.1/AV:L/AC:L/PR:N/UI:R/S:U/C:H/I:H/A:H/E:P/RL:O/RC:C,none,no,total
2024-06,CVE-2023-24895,ICSA-24-165-04,Siemens ST7 ScadaConnect,7.8,CVSS:3.1/AV:L/AC:L/PR:N/UI:R/S:U/C:H/I:H/A:H/E:P/RL:O/RC:C,none,no,total
2024-06,CVE-2023-24897,ICSA-24-165-04,Siemens ST7 ScadaConnect,7.8,CVSS:3.1/AV:L/AC:L/PR:N/UI:R/S:U/C:H/I:H/A:H/E:P/RL:O/RC:C,none,no,total
2024-06,CVE-2023-24936,ICSA-24-165-04,Siemens ST7 ScadaConnect,7.5,CVSS:3.1/AV:N/AC:H/PR:N/UI:R/S:U/C:H/I:H/A:H/E:P/RL:O/RC:C,none,no,total
2024-06,CVE-2023-2650,ICSA-24-184-03,Mitsubishi Electric Iconics Digital Solutions and Mitsubishi Electric Products (Update E),3.7,CVSS:3.1/AV:N/AC:H/PR:N/UI:N/S:U/C:N/I:N/A:L,none,no,partial
2024-06,CVE-2023-26552,ICSA-24-165-05,Siemens SITOP UPS1600,5.6,CVSS:3.1/AV:N/AC:H/PR:N/UI:N/S:U/C:L/I:L/A:L,none,no,partial
2024-06,CVE-2023-26553,ICSA-24-165-05,Siemens SITOP UPS1600,5.6,CVSS:3.1/AV:N/AC:H/PR:N/UI:N/S:U/C:L/I:L/A:L,none,no,partial
2024-06,CVE-2023-26554,ICSA-24-165-05,Siemens SITOP UPS1600,5.6,CVSS:3.1/AV:N/AC:H/PR:N/UI:N/S:U/C:L/I:L/A:L,poc,no,partial
2024-06,CVE-2023-27321,ICSA-24-165-06,Siemens TIM 1531 IRC,7.5,CVSS:3.1/AV:N/AC:L/PR:N/UI:N/S:U/C:N/I:N/A:H,none,yes,partial
2024-06,CVE-2023-28260,ICSA-24-165-04,Siemens ST7 ScadaConnect,7.8,CVSS:3.1/AV:L/AC:L/PR:L/UI:N/S:U/C:H/I:H/A:H/E:P/RL:O/RC:C,none,no,total
2024-06,CVE-2023-28319,ICSA-24-165-06,Siemens TIM 1531 IRC,7.5,CVSS:3.1/AV:N/AC:L/PR:N/UI:N/S:U/C:H/I:N/A:N/E:P/RL:O/RC:C,poc,yes,partial
2024-06,CVE-2023-28484,ICSA-24-165-04,Siemens ST7 ScadaConnect,6.5,CVSS:3.1/AV:N/AC:L/PR:N/UI:R/S:U/C:N/I:N/A:H/E:P/RL:O/RC:C,none,no,partial
2024-06,CVE-2023-29331,ICSA-24-165-04,Siemens ST7 ScadaConnect,7.5,CVSS:3.1/AV:N/AC:L/PR:N/UI:N/S:U/C:N/I:N/A:H/E:P/RL:O/RC:C,none,yes,partial
2024-06,CVE-2023-29469,ICSA-24-165-04,Siemens ST7 ScadaConnect,6.5,CVSS:3.1/AV:N/AC:L/PR:N/UI:R/S:U/C:N/I:N/A:H/E:P/RL:O/RC:C,none,no,partial
2024-06,CVE-2023-32032,ICSA-24-165-04,Siemens ST7 ScadaConnect,6.5,CVSS:3.1/AV:L/AC:H/PR:L/UI:N/S:U/C:L/I:H/A:H/E:P/RL:O/RC:C,poc,no,partial
2024-06,CVE-2023-33126,ICSA-24-165-04,Siemens ST7 ScadaConnect,7.3,CVSS:3.1/AV:L/AC:L/PR:L/UI:R/S:U/C:H/I:H/A:H/E:P/RL:O/RC:C,none,no,total
2024-06,CVE-2023-33127,ICSA-24-165-04,Siemens ST7 ScadaConnect,8.1,CVSS:3.1/AV:N/AC:H/PR:N/UI:N/S:U/C:H/I:H/A:H/E:P/RL:O/RC:C,none,no,partial
2024-06,CVE-2023-33128,ICSA-24-165-04,Siemens ST7 ScadaConnect,7.3,CVSS:3.1/AV:L/AC:L/PR:L/UI:R/S:U/C:H/I:H/A:H/E:P/RL:O/RC:C,none,no,total
2024-06,CVE-2023-33135,ICSA-24-165-04,Siemens ST7 ScadaConnect,7.3,CVSS:3.1/AV:L/AC:L/PR:L/UI:R/S:U/C:H/I:H/A:H/E:P/RL:O/RC:C,none,no,total
2024-06,CVE-2023-33170,ICSA-24-165-04,Siemens ST7 ScadaConnect,8.1,CVSS:3.1/AV:N/AC:H/PR:N/UI:N/S:U/C:H/I:H/A:H/E:P/RL:O/RC:C,none,no,total
2024-06,CVE-2023-3446,ICSA-24-165-04,Siemens ST7 ScadaConnect,5.3,CVSS:3.1/AV:N/AC:L/PR:N/UI:N/S:U/C:N/I:N/A:L/E:P/RL:O/RC:C,none,yes,partial
2024-06,CVE-2023-35390,ICSA-24-165-04,Siemens ST7 ScadaConnect,7.8,CVSS:3.1/AV:L/AC:L/PR:N/UI:R/S:U/C:H/I:H/A:H/E:P/RL:O/RC:C,none,no,total
2024-06,CVE-2023-35391,ICSA-24-165-04,Siemens ST7 ScadaConnect,6.2,CVSS:3.1/AV:L/AC:L/PR:N/UI:N/S:U/C:H/I:N/A:N/E:P/RL:O/RC:C,none,no,partial
2024-06,CVE-2023-35823,ICSA-24-165-06,Siemens TIM 1531 IRC,7.0,CVSS:3.1/AV:L/AC:H/PR:L/UI:N/S:U/C:H/I:H/A:H/E:P/RL:O/RC:C,none,no,total
2024-06,CVE-2023-35824,ICSA-24-165-06,Siemens TIM 1531 IRC,7.0,CVSS:3.1/AV:L/AC:H/PR:L/UI:N/S:U/C:H/I:H/A:H/E:P/RL:O/RC:C,none,no,total
2024-06,CVE-2023-35828,ICSA-24-165-06,Siemens TIM 1531 IRC,7.0,CVSS:3.1/AV:L/AC:H/PR:L/UI:N/S:U/C:H/I:H/A:H/E:P/RL:O/RC:C,none,no,total
2024-06,CVE-2023-36038,ICSA-24-165-04,Siemens ST7 ScadaConnect,8.2,CVSS:3.1/AV:N/AC:L/PR:N/UI:N/S:U/C:N/I:L/A:H/E:P/RL:O/RC:C,poc,no,partial
2024-06,CVE-2023-36435,ICSA-24-165-04,Siemens ST7 ScadaConnect,7.5,CVSS:3.1/AV:N/AC:L/PR:N/UI:N/S:U/C:N/I:N/A:H/E:P/RL:O/RC:C,none,yes,partial
2024-06,CVE-2023-36558,ICSA-24-165-04,Siemens ST7 ScadaConnect,6.2,CVSS:3.1/AV:L/AC:L/PR:N/UI:N/S:U/C:H/I:N/A:N/E:P/RL:O/RC:C,poc,no,total
2024-06,CVE-2023-36792,ICSA-24-165-04,Siemens ST7 ScadaConnect,7.8,CVSS:3.1/AV:L/AC:L/PR:N/UI:R/S:U/C:H/I:H/A:H/E:P/RL:O/RC:C,none,no,total
2024-06,CVE-2023-36793,ICSA-24-165-04,Siemens ST7 ScadaConnect,7.8,CVSS:3.1/AV:L/AC:L/PR:N/UI:R/S:U/C:H/I:H/A:H/E:P/RL:O/RC:C,none,no,total
2024-06,CVE-2023-36794,ICSA-24-165-04,Siemens ST7 ScadaConnect,7.8,CVSS:3.1/AV:L/AC:L/PR:N/UI:R/S:U/C:H/I:H/A:H/E:P/RL:O/RC:C,none,no,total
2024-06,CVE-2023-36796,ICSA-24-165-04,Siemens ST7 ScadaConnect,7.8,CVSS:3.1/AV:L/AC:L/PR:N/UI:R/S:U/C:H/I:H/A:H/E:P/RL:O/RC:C,none,no,total
2024-06,CVE-2023-36799,ICSA-24-165-04,Siemens ST7 ScadaConnect,6.5,CVSS:3.1/AV:N/AC:L/PR:N/UI:R/S:U/C:N/I:N/A:H/E:P/RL:O/RC:C,none,no,partial
2024-06,CVE-2023-38171,ICSA-24-165-04,Siemens ST7 ScadaConnect,7.5,CVSS:3.1/AV:N/AC:L/PR:N/UI:N/S:U/C:N/I:N/A:H/E:P/RL:O/RC:C,none,yes,partial
2024-06,CVE-2023-38178,ICSA-24-165-04,Siemens ST7 ScadaConnect,7.5,CVSS:3.1/AV:N/AC:L/PR:N/UI:N/S:U/C:N/I:N/A:H/E:P/RL:O/RC:C,none,yes,partial
2024-06,CVE-2023-38180,ICSA-24-165-04,Siemens ST7 ScadaConnect,7.5,CVSS:3.1/AV:N/AC:L/PR:N/UI:N/S:U/C:N/I:N/A:H/E:P/RL:O/RC:C,active,yes,partial
2024-06,CVE-2023-38533,ICSA-24-165-03,Siemens TIA Administrator,3.3,CVSS:3.1/AV:L/AC:L/PR:L/UI:N/S:U/C:N/I:N/A:L/E:P/RL:T/RC:C,none,no,partial
2024-06,CVE-2023-39615,ICSA-24-165-04,Siemens ST7 ScadaConnect,6.5,CVSS:3.1/AV:N/AC:L/PR:N/UI:R/S:U/C:N/I:N/A:H/E:P/RL:O/RC:C,poc,no,partial
2024-06,CVE-2023-41910,ICSA-24-165-06,Siemens TIM 1531 IRC,9.8,CVSS:3.1/AV:N/AC:L/PR:N/UI:N/S:U/C:H/I:H/A:H/E:P/RL:O/RC:C,none,yes,total
2024-06,CVE-2023-44317,ICSA-24-165-12,Siemens SCALANCE W700,7.2,CVSS:3.1/AV:N/AC:L/PR:H/UI:N/S:U/C:H/I:H/A:H,none,yes,total
2024-06,CVE-2023-44318,ICSA-24-165-12,Siemens SCALANCE W700,4.9,CVSS:3.1/AV:N/AC:L/PR:H/UI:N/S:U/C:H/I:N/A:N,none,yes,total
2024-06,CVE-2023-44374,ICSA-24-165-12,Siemens SCALANCE W700,6.5,CVSS:3.1/AV:N/AC:L/PR:L/UI:N/S:U/C:N/I:H/A:N,none,yes,total
2024-06,CVE-2023-44487,ICSA-24-165-04,Siemens ST7 ScadaConnect,7.5,CVSS:3.1/AV:N/AC:L/PR:N/UI:N/S:U/C:N/I:N/A:H/E:P/RL:O/RC:C,active,yes,partial
2024-06,CVE-2023-4807,ICSA-24-184-03,Mitsubishi Electric Iconics Digital Solutions and Mitsubishi Electric Products (Update E),5.9,CVSS:3.1/AV:N/AC:H/PR:N/UI:N/S:U/C:N/I:N/A:H,none,no,total
2024-06,CVE-2023-50763,ICSA-24-165-06,Siemens TIM 1531 IRC,4.9,CVSS:3.1/AV:N/AC:L/PR:H/UI:N/S:U/C:N/I:N/A:H/E:P/RL:O/RC:C,none,no,partial
2024-06,CVE-2023-52474,ICSA-24-165-06,Siemens TIM 1531 IRC,7.8,CVSS:3.1/AV:L/AC:L/PR:L/UI:N/S:U/C:H/I:H/A:H/E:P/RL:O/RC:C,none,no,partial
2024-06,CVE-2023-5678,ICSA-24-165-04,Siemens ST7 ScadaConnect,5.3,CVSS:3.1/AV:N/AC:L/PR:N/UI:N/S:U/C:N/I:N/A:L/E:P/RL:O/RC:C,none,yes,partial
2024-06,CVE-2024-0775,ICSA-24-165-06,Siemens TIM 1531 IRC,6.7,CVSS:3.1/AV:L/AC:L/PR:H/UI:N/S:U/C:H/I:H/A:H/E:P/RL:O/RC:C,none,no,total
2024-06,CVE-2024-1839,ICSA-24-163-04,Intrado 911 Emergency Gateway,10.0,CVSS:3.1/AV:N/AC:L/PR:N/UI:N/S:C/C:H/I:H/A:H,none,yes,total
2024-06,CVE-2024-2011,ICSA-25-014-01,Hitachi Energy FOXMAN-UN,8.6,CVSS:3.1/AV:N/AC:L/PR:N/UI:N/S:U/C:L/I:L/A:H,none,yes,partial
2024-06,CVE-2024-2012,ICSA-25-014-01,Hitachi Energy FOXMAN-UN,9.1,CVSS:3.1/AV:N/AC:L/PR:H/UI:N/S:C/C:H/I:H/A:H,none,no,total
2024-06,CVE-2024-2013,ICSA-25-014-01,Hitachi Energy FOXMAN-UN,10,CVSS:3.1/AV:N/AC:L/PR:N/UI:N/S:C/C:H/I:H/A:H,none,no,partial
2024-06,CVE-2024-2461,ICSA-25-016-07,Hitachi Energy FOX61x Products,4.9,CVSS:3.1/AV:N/AC:L/PR:H/UI:N/S:U/C:N/I:H/A:N,none,no,partial
2024-06,CVE-2024-2462,ICSA-25-016-06,"Hitachi Energy FOX61x, FOXCST, and FOXMAN-UN Products",4.9,CVSS:3.1/AV:P/AC:L/PR:N/UI:R/S:U/C:L/I:N/A:H,none,no,partial
2024-06,CVE-2024-26275,ICSA-24-165-08,Siemens Teamcenter Visualization and JT2Go,7.8,CVSS:3.1/AV:L/AC:L/PR:N/UI:R/S:U/C:H/I:H/A:H,none,no,total
2024-06,CVE-2024-26276,ICSA-24-165-08,Siemens Teamcenter Visualization and JT2Go,3.3,CVSS:3.1/AV:L/AC:L/PR:N/UI:R/S:U/C:N/I:N/A:L,none,no,partial
2024-06,CVE-2024-26277,ICSA-24-165-08,Siemens Teamcenter Visualization and JT2Go,3.3,CVSS:3.1/AV:L/AC:L/PR:N/UI:R/S:U/C:N/I:N/A:L,none,no,partial
2024-06,CVE-2024-28020,ICSA-25-014-01,Hitachi Energy FOXMAN-UN,8,CVSS:3.1/AV:N/AC:H/PR:H/UI:N/S:C/C:H/I:H/A:H,none,no,total
2024-06,CVE-2024-28021,ICSA-25-030-01,Hitachi Energy UNEM,8,CVSS:3.1/AV:A/AC:H/PR:N/UI:N/S:C/C:H/I:H/A:N,none,no,total
2024-06,CVE-2024-28022,ICSA-25-014-01,Hitachi Energy FOXMAN-UN,6.5,CVSS:3.1/AV:N/AC:H/PR:N/UI:N/S:C/C:L/I:L/A:L,none,no,partial
2024-06,CVE-2024-28023,ICSA-25-014-01,Hitachi Energy FOXMAN-UN,5.7,CVSS:3.1/AV:L/AC:L/PR:H/UI:N/S:C/C:L/I:L/A:L,none,no,partial
2024-06,CVE-2024-28024,ICSA-25-014-01,Hitachi Energy FOXMAN-UN,4.1,CVSS:3.1/AV:L/AC:H/PR:H/UI:N/S:U/C:H/I:N/A:N,none,no,partial
2024-06,CVE-2024-2882,ICSA-24-179-02,SDG Technologies PnPSCADA,9.1,CVSS:3.1/AV:N/AC:L/PR:N/UI:N/S:U/C:H/I:H/A:N,poc,yes,total
2024-06,CVE-2024-3036,ICSA-24-177-01,ABB 800xA Base (Update A),5.7,CVSS:3.1/AV:A/AC:L/PR:L/UI:N/S:U/C:N/I:N/A:H/E:P/RL:O/RC:C,none,no,partial
2024-06,CVE-2024-31484,ICSA-24-165-09,Siemens SICAM AK3/BC/TM,7.8,CVSS:3.1/AV:L/AC:L/PR:N/UI:R/S:U/C:H/I:H/A:H,none,no,total
2024-06,CVE-2024-32752,ICSA-24-158-04,Johnson Controls Software House iStar Door Controller (Update A),9.1,CVSS:3.1/AV:N/AC:L/PR:N/UI:N/S:U/C:N/I:H/A:H,none,yes,partial
2024-06,CVE-2024-32943,ICSA-24-172-03,Westermo L210-F2G,7.5,CVSS:3.1/AV:N/AC:L/PR:N/UI:N/S:U/C:N/I:N/A:H,none,no,partial
2024-06,CVE-2024-33500,ICSA-24-165-01,Siemens Mendix Applications,5.9,CVSS:3.1/AV:N/AC:H/PR:H/UI:N/S:U/C:H/I:H/A:N,none,no,total
2024-06,CVE-2024-3467,ICSA-24-163-03,AVEVA PI Asset Framework Client,7.3,CVSS:3.1/AV:L/AC:L/PR:L/UI:R/S:U/C:H/I:H/A:H,none,no,total
2024-06,CVE-2024-3468,ICSA-24-163-02,AVEVA PI Web API,7.6,CVSS:3.1/AV:N/AC:L/PR:L/UI:R/S:U/C:H/I:H/A:L,none,no,partial
2024-06,CVE-2024-35206,ICSA-24-165-13,Siemens SINEC Traffic Analyzer ,7.7,CVSS:3.1/AV:L/AC:L/PR:N/UI:N/S:U/C:H/I:H/A:N,none,no,total
2024-06,CVE-2024-35207,ICSA-24-165-13,Siemens SINEC Traffic Analyzer ,7.8,CVSS:3.1/AV:L/AC:L/PR:N/UI:R/S:U/C:H/I:H/A:H,none,no,total
2024-06,CVE-2024-35208,ICSA-24-165-13,Siemens SINEC Traffic Analyzer ,6.3,CVSS:3.1/AV:L/AC:L/PR:L/UI:N/S:C/C:L/I:L/A:L,none,no,partial
2024-06,CVE-2024-35209,ICSA-24-165-13,Siemens SINEC Traffic Analyzer ,6.2,CVSS:3.1/AV:L/AC:L/PR:N/UI:N/S:U/C:N/I:H/A:N,none,no,partial
2024-06,CVE-2024-35210,ICSA-24-165-13,Siemens SINEC Traffic Analyzer ,5.1,CVSS:3.1/AV:L/AC:L/PR:N/UI:N/S:U/C:L/I:L/A:N,none,yes,partial
2024-06,CVE-2024-35211,ICSA-24-165-13,Siemens SINEC Traffic Analyzer ,5.5,CVSS:3.1/AV:L/AC:L/PR:L/UI:N/S:U/C:H/I:N/A:N,none,no,partial
2024-06,CVE-2024-35212,ICSA-24-165-13,Siemens SINEC Traffic Analyzer ,6.2,CVSS:3.1/AV:L/AC:L/PR:N/UI:N/S:U/C:H/I:N/A:N,none,no,partial
2024-06,CVE-2024-35246,ICSA-24-172-03,Westermo L210-F2G,7.5,CVSS:3.1/AV:N/AC:L/PR:N/UI:N/S:U/C:N/I:N/A:H,none,yes,partial
2024-06,CVE-2024-35292,ICSA-24-165-02,Siemens SIMATIC S7-200 SMART Devices,8.2,CVSS:3.1/AV:N/AC:L/PR:N/UI:N/S:U/C:L/I:N/A:H/E:P/RL:T/RC:C,none,no,partial
2024-06,CVE-2024-36266,ICSA-24-165-07,Siemens PowerSys,9.3,CVSS:3.1/AV:L/AC:L/PR:N/UI:N/S:C/C:H/I:H/A:H,none,no,total
2024-06,CVE-2024-37022,ICSA-24-165-14,Fuji Electric Tellus Lite V-Simulator,7.8,CVSS:3.1/AV:L/AC:L/PR:N/UI:R/S:U/C:H/I:H/A:H,none,no,total
2024-06,CVE-2024-37029,ICSA-24-165-14,Fuji Electric Tellus Lite V-Simulator,7.8,CVSS:3.1/AV:L/AC:L/PR:N/UI:R/S:U/C:H/I:H/A:H,none,no,total
2024-06,CVE-2024-37036,ICSA-25-107-02,Schneider Electric Sage Series,9.8,CVSS:3.1/AV:N/AC:L/PR:N/UI:N/S:U/C:H/I:H/A:H,none,yes,total
2024-06,CVE-2024-37037,ICSA-25-107-02,Schneider Electric Sage Series,8.1,CVSS:3.1/AV:N/AC:L/PR:L/UI:N/S:U/C:N/I:H/A:H,none,no,partial
2024-06,CVE-2024-37038,ICSA-25-107-02,Schneider Electric Sage Series,7.5,CVSS:3.1/AV:N/AC:H/PR:L/UI:N/S:U/C:H/I:H/A:H,none,no,total
2024-06,CVE-2024-37039,ICSA-25-107-02,Schneider Electric Sage Series,5.9,CVSS:3.1/AV:N/AC:H/PR:N/UI:N/S:U/C:N/I:N/A:H,none,no,partial
2024-06,CVE-2024-37040,ICSA-25-107-02,Schneider Electric Sage Series,5.4,CVSS:3.1/AV:N/AC:L/PR:L/UI:N/S:U/C:N/I:L/A:L,none,no,partial
2024-06,CVE-2024-37183,ICSA-24-172-03,Westermo L210-F2G,5.7,CVSS:3.1/AV:A/AC:L/PR:N/UI:R/S:U/C:H/I:N/A:N,none,no,partial
2024-06,CVE-2024-37367,ICSA-24-165-16,Rockwell Automation FactoryTalk View SE,8.6,CVSS:3.1/AV:N/AC:L/PR:N/UI:N/S:C/C:H/I:N/A:N,none,no,partial
2024-06,CVE-2024-37368,ICSA-24-165-18,Rockwell Automation FactoryTalk View SE,7.5,CVSS:3.1/AV:N/AC:L/PR:N/UI:N/S:U/C:H/I:N/A:N,none,yes,partial
2024-06,CVE-2024-37369,ICSA-24-165-17,Rockwell Automation FactoryTalk View SE,7.8,CVSS:3.1/AV:L/AC:L/PR:L/UI:N/S:U/C:H/I:H/A:H,none,no,total
2024-06,CVE-2024-38279,ICSA-24-165-19,Motorola Solutions Vigilant License Plate Readers,4.6,CVSS:3.1/AV:P/AC:L/PR:N/UI:N/S:U/C:H/I:N/A:N,none,no,partial
2024-06,CVE-2024-38280,ICSA-24-165-19,Motorola Solutions Vigilant License Plate Readers,6.8,CVSS:3.1/AV:P/AC:L/PR:N/UI:N/S:U/C:H/I:H/A:H,none,no,total
2024-06,CVE-2024-38281,ICSA-24-165-19,Motorola Solutions Vigilant License Plate Readers,8.0,CVSS:3.1/AV:A/AC:L/PR:L/UI:N/S:U/C:H/I:H/A:H,none,no,partial
2024-06,CVE-2024-38282,ICSA-24-165-19,Motorola Solutions Vigilant License Plate Readers,7.8,CVSS:3.1/AV:L/AC:L/PR:L/UI:N/S:U/C:H/I:H/A:H,none,no,total
2024-06,CVE-2024-38283,ICSA-24-165-19,Motorola Solutions Vigilant License Plate Readers,4.6,CVSS:3.1/AV:P/AC:L/PR:N/UI:N/S:U/C:H/I:N/A:N,none,no,total
2024-06,CVE-2024-38284,ICSA-24-165-19,Motorola Solutions Vigilant License Plate Readers,8.8,CVSS:3.1/AV:N/AC:L/PR:L/UI:N/S:U/C:H/I:H/A:H,none,no,total
2024-06,CVE-2024-38285,ICSA-24-165-19,Motorola Solutions Vigilant License Plate Readers,6.8,CVSS:3.1/AV:P/AC:L/PR:N/UI:N/S:U/C:H/I:H/A:H,none,yes,total
2024-06,CVE-2024-3850,ICSA-24-156-01,Uniview NVR301-04S2-P4 (Update A),6.1,CVSS:3.1/AV:N/AC:L/PR:N/UI:R/S:C/C:L/I:L/A:N,none,no,partial
2024-06,CVE-2024-39373,ICSA-24-179-01,TELSAT marKoni FM Transmitter,9.8,CVSS:3.1/AV:N/AC:L/PR:N/UI:N/S:U/C:H/I:H/A:H,poc,yes,total
2024-06,CVE-2024-39374,ICSA-24-179-01,TELSAT marKoni FM Transmitter,9.8,CVSS:3.1/AV:N/AC:L/PR:N/UI:N/S:U/C:H/I:H/A:H,none,yes,total
2024-06,CVE-2024-39375,ICSA-24-179-01,TELSAT marKoni FM Transmitter,9.8,CVSS:3.1/AV:N/AC:L/PR:N/UI:N/S:U/C:H/I:H/A:H,none,no,partial
2024-06,CVE-2024-39376,ICSA-24-179-01,TELSAT marKoni FM Transmitter,9.8,CVSS:3.1/AV:N/AC:L/PR:N/UI:N/S:U/C:H/I:H/A:H,none,yes,total
2024-06,CVE-2024-4105,ICSA-24-179-03,Yokogawa FAST/TOOLS and CI Server,5.8,CVSS:3.1/AV:N/AC:L/PR:N/UI:N/S:C/C:L/I:N/A:N,none,no,partial
2024-06,CVE-2024-4106,ICSA-24-179-03,Yokogawa FAST/TOOLS and CI Server,5.3,CVSS:3.1/AV:N/AC:L/PR:N/UI:N/S:U/C:L/I:N/A:N,none,yes,partial
2024-06,CVE-2024-5056,ICSA-25-254-09,"Schneider Electric Modicon M340, BMXNOE0100, and BMXNOE0110 (Update A)",6.5,CVSS:3.1/AV:N/AC:L/PR:N/UI:N/S:U/C:N/I:L/A:L,none,yes,partial
2024-06,CVE-2024-5559,ICSA-24-331-02,Schneider Electric PowerLogic P5,6.1,CVSS:3.1/AV:P/AC:L/PR:N/UI:N/S:U/C:N/I:H/A:H,none,no,partial
2024-06,CVE-2024-5560,ICSA-25-107-02,Schneider Electric Sage Series,5.3,CVSS:3.1/AV:N/AC:L/PR:N/UI:N/S:U/C:N/I:N/A:L,none,yes,partial
2024-06,CVE-2024-5650,ICSA-24-172-01,Yokogawa CENTUM,8.5,CVSS:3.0/AV:N/AC:H/PR:L/UI:N/S:C/C:H/I:H/A:H,none,no,total
2024-06,CVE-2024-5659,ICSA-24-163-01,"Rockwell Automation ControlLogix, GuardLogix, and CompactLogix",7.4,CVSS:3.1/AV:A/AC:L/PR:N/UI:N/S:C/C:N/I:N/A:H,none,yes,partial
2024-06,CVE-2024-6071,ICSA-24-177-02,PTC Creo Elements/Direct License Server (Update A),10.0,CVSS:3.1/AV:N/AC:L/PR:N/UI:N/S:C/C:H/I:H/A:H,none,no,total
2024-07,CVE-2022-32260,ICSA-24-193-01,Siemens Remote Connect Server,6.5,CVSS:3.1/AV:L/AC:L/PR:H/UI:R/S:U/C:H/I:H/A:H/E:P/RL:O/RC:C,none,no,total
2024-07,CVE-2022-4304,ICSA-24-205-02,Hitachi Energy AFS/AFR Series Products,5.9,CVSS:3.1/AV:N/AC:H/PR:N/UI:N/S:U/C:H/I:N/A:N,none,no,partial
2024-07,CVE-2022-4450,ICSA-24-205-02,Hitachi Energy AFS/AFR Series Products,7.5,CVSS:3.1/AV:N/AC:L/PR:N/UI:N/S:U/C:N/I:N/A:H,none,yes,partial
2024-07,CVE-2022-45147,ICSA-24-193-17,Siemens SIMATIC STEP 7 (TIA Portal),7.8,CVSS:3.1/AV:L/AC:L/PR:N/UI:R/S:U/C:H/I:H/A:H/E:P/RL:O/RC:C,none,no,total
2024-07,CVE-2023-0215,ICSA-24-205-02,Hitachi Energy AFS/AFR Series Products,7.5,CVSS:3.1/AV:N/AC:L/PR:N/UI:N/S:U/C:N/I:N/A:H,none,yes,partial
2024-07,CVE-2023-0286,ICSA-24-205-02,Hitachi Energy AFS/AFR Series Products,7.4,CVSS:3.1/AV:N/AC:H/PR:N/UI:N/S:U/C:H/I:N/A:H,none,no,partial
2024-07,CVE-2023-26136,ICSA-24-200-02,Subnet Solutions PowerSYSTEM Center,6.5,CVSS:3.1/AV:N/AC:L/PR:N/UI:N/S:U/C:L/I:L/A:N,poc,yes,partial
2024-07,CVE-2023-32735,ICSA-24-193-13,"Siemens TIA Portal, SIMATIC, and SIRIUS",6.5,CVSS:3.1/AV:L/AC:L/PR:H/UI:R/S:U/C:H/I:H/A:H/E:P/RL:O/RC:C,none,no,total
2024-07,CVE-2023-32737,ICSA-24-193-12,Siemens TIA Portal and SIMATIC STEP 7,6.3,CVSS:3.1/AV:L/AC:H/PR:H/UI:R/S:U/C:H/I:H/A:H/E:P/RL:O/RC:C,none,no,total
2024-07,CVE-2023-46720,ICSA-24-193-02,Siemens RUGGEDCOM APE 1808,6.7,CVSS:3.1/AV:L/AC:L/PR:H/UI:N/S:U/C:H/I:H/A:H,none,no,total
2024-07,CVE-2023-4807,ICSA-24-200-01,Mitsubishi Electric MELSOFT MaiLab and MELSOFT VIXIO (Update A),5.9,CVSS:3.1/AV:N/AC:H/PR:N/UI:N/S:U/C:N/I:N/A:H,none,no,total
2024-07,CVE-2023-48795,ICSA-24-193-11,Siemens RUGGEDCOM APE 1808,5.9,CVSS:3.1/AV:N/AC:H/PR:N/UI:N/S:U/C:N/I:H/A:N,poc,no,partial
2024-07,CVE-2023-52237,ICSA-24-193-06,Siemens RUGGEDCOM,7.5,CVSS:3.1/AV:N/AC:H/PR:L/UI:N/S:U/C:H/I:H/A:H/E:P/RL:O/RC:C,none,no,total
2024-07,CVE-2023-52238,ICSA-24-193-06,Siemens RUGGEDCOM,4.3,CVSS:3.1/AV:N/AC:L/PR:L/UI:N/S:U/C:L/I:N/A:N/E:P/RL:O/RC:C,none,no,partial
2024-07,CVE-2023-52891,ICSA-24-193-07,Siemens SIMATIC and SIMIT,5.3,CVSS:3.1/AV:N/AC:L/PR:N/UI:N/S:U/C:N/I:N/A:L,none,yes,partial
2024-07,CVE-2024-21754,ICSA-24-193-02,Siemens RUGGEDCOM APE 1808,1.8,CVSS:3.1/AV:L/AC:H/PR:H/UI:R/S:U/C:L/I:N/A:N,none,no,partial
2024-07,CVE-2024-23111,ICSA-24-193-02,Siemens RUGGEDCOM APE 1808,6.8,CVSS:3.1/AV:N/AC:L/PR:H/UI:R/S:U/C:H/I:H/A:H,none,no,total
2024-07,CVE-2024-26010,ICSA-24-193-02,Siemens RUGGEDCOM APE 1808,7.5,CVSS:3.1/AV:N/AC:H/PR:N/UI:R/S:U/C:H/I:H/A:H,none,no,total
2024-07,CVE-2024-26015,ICSA-24-193-02,Siemens RUGGEDCOM APE 1808,3.4,CVSS:3.1/AV:A/AC:H/PR:N/UI:N/S:C/C:N/I:L/A:N,none,no,total
2024-07,CVE-2024-2602,ICSA-24-345-03,Schneider Electric FoxRTU Station,7.3,CVSS:3.1/AV:L/AC:L/PR:L/UI:R/S:U/C:H/I:H/A:H,none,no,total
2024-07,CVE-2024-30321,ICSA-24-193-16,Siemens SIMATIC WinCC,5.9,CVSS:3.1/AV:N/AC:H/PR:N/UI:N/S:U/C:H/I:N/A:N,none,no,total
2024-07,CVE-2024-32055,ICSA-24-193-04,Siemens Simcenter Femap,7.8,CVSS:3.1/AV:L/AC:L/PR:N/UI:R/S:U/C:H/I:H/A:H,none,no,total
2024-07,CVE-2024-32056,ICSA-24-193-04,Siemens Simcenter Femap,7.8,CVSS:3.1/AV:L/AC:L/PR:N/UI:R/S:U/C:H/I:H/A:H,none,no,total
2024-07,CVE-2024-32057,ICSA-24-193-04,Siemens Simcenter Femap,7.8,CVSS:3.1/AV:L/AC:L/PR:N/UI:R/S:U/C:H/I:H/A:H,none,no,total
2024-07,CVE-2024-32058,ICSA-24-193-04,Siemens Simcenter Femap,7.8,CVSS:3.1/AV:L/AC:L/PR:N/UI:R/S:U/C:H/I:H/A:H,none,no,total
2024-07,CVE-2024-32059,ICSA-24-193-04,Siemens Simcenter Femap,7.8,CVSS:3.1/AV:L/AC:L/PR:N/UI:R/S:U/C:H/I:H/A:H,none,no,total
2024-07,CVE-2024-32060,ICSA-24-193-04,Siemens Simcenter Femap,7.8,CVSS:3.1/AV:L/AC:L/PR:N/UI:R/S:U/C:H/I:H/A:H,none,no,total
2024-07,CVE-2024-32061,ICSA-24-193-04,Siemens Simcenter Femap,7.8,CVSS:3.1/AV:L/AC:L/PR:N/UI:R/S:U/C:H/I:H/A:H,none,no,total
2024-07,CVE-2024-32062,ICSA-24-193-04,Siemens Simcenter Femap,7.8,CVSS:3.1/AV:L/AC:L/PR:N/UI:R/S:U/C:H/I:H/A:H,none,no,total
2024-07,CVE-2024-32063,ICSA-24-193-04,Siemens Simcenter Femap,7.8,CVSS:3.1/AV:L/AC:L/PR:N/UI:R/S:U/C:H/I:H/A:H,none,no,total
2024-07,CVE-2024-32064,ICSA-24-193-04,Siemens Simcenter Femap,7.8,CVSS:3.1/AV:L/AC:L/PR:N/UI:R/S:U/C:H/I:H/A:H,none,no,total
2024-07,CVE-2024-32065,ICSA-24-193-04,Siemens Simcenter Femap,7.8,CVSS:3.1/AV:L/AC:L/PR:N/UI:R/S:U/C:H/I:H/A:H,none,no,total
2024-07,CVE-2024-32066,ICSA-24-193-04,Siemens Simcenter Femap,7.8,CVSS:3.1/AV:L/AC:L/PR:N/UI:R/S:U/C:H/I:H/A:H,none,no,total
2024-07,CVE-2024-32753,ICSA-24-191-03,Johnson Controls Illustra Pro Gen 4,6.9,CVSS:3.1/AV:N/AC:H/PR:N/UI:R/S:C/C:H/I:L/A:N,none,yes,partial
2024-07,CVE-2024-32754,ICSA-24-184-01,Johnson Controls Kantech Door Controllers,3.1,CVSS:3.1/AV:A/AC:H/PR:N/UI:N/S:U/C:L/I:N/A:N,none,no,partial
2024-07,CVE-2024-32759,ICSA-24-191-04,Johnson Controls Inc. Software House C●CURE 9000,8.8,CVSS:3.1/AV:N/AC:L/PR:N/UI:R/S:U/C:H/I:H/A:H,none,yes,total
2024-07,CVE-2024-32861,ICSA-24-191-05,Johnson Controls Inc. Software House C●CURE 9000 (Update B),7.8,CVSS:3.1/AV:L/AC:L/PR:L/UI:N/S:U/C:H/I:H/A:H,none,no,total
2024-07,CVE-2024-33577,ICSA-24-193-04,Siemens Simcenter Femap,7.8,CVSS:3.1/AV:L/AC:L/PR:N/UI:R/S:U/C:H/I:H/A:H,none,no,total
2024-07,CVE-2024-33653,ICSA-24-193-04,Siemens Simcenter Femap,7.8,CVSS:3.1/AV:L/AC:L/PR:N/UI:R/S:U/C:H/I:H/A:H,none,no,total
2024-07,CVE-2024-33654,ICSA-24-193-04,Siemens Simcenter Femap,7.8,CVSS:3.1/AV:L/AC:L/PR:N/UI:R/S:U/C:H/I:H/A:H,none,no,total
2024-07,CVE-2024-3596,ICSA-24-193-05,"Siemens SCALANCE, RUGGEDCOM, SIPLUS, and SINEC",9.0,CVSS:3.1/AV:N/AC:H/PR:N/UI:N/S:C/C:H/I:H/A:H,none,no,total
2024-07,CVE-2024-37996,ICSA-24-193-10,Siemens JT Open and PLM XML SDK,3.3,CVSS:3.1/AV:L/AC:L/PR:N/UI:R/S:U/C:N/I:N/A:L,none,no,partial
2024-07,CVE-2024-37997,ICSA-24-193-10,Siemens JT Open and PLM XML SDK,7.8,CVSS:3.1/AV:L/AC:L/PR:N/UI:R/S:U/C:H/I:H/A:H,none,no,total
2024-07,CVE-2024-37998,ICSA-24-207-01,Siemens SICAM Products,9.8,CVSS:3.1/AV:N/AC:L/PR:N/UI:N/S:U/C:H/I:H/A:H,none,yes,total
2024-07,CVE-2024-38278,ICSA-24-193-06,Siemens RUGGEDCOM,6.6,CVSS:3.1/AV:N/AC:H/PR:H/UI:N/S:U/C:H/I:H/A:H/E:P/RL:O/RC:C,none,no,total
2024-07,CVE-2024-38867,ICSA-24-193-14,Siemens SIPROTEC,5.9,CVSS:3.1/AV:N/AC:H/PR:N/UI:N/S:U/C:H/I:N/A:N,none,no,partial
2024-07,CVE-2024-3904,ICSA-24-191-02,Mitsubishi Electric MELIPC Series MI5122-VW,8.8,CVSS:3.1/AV:L/AC:L/PR:L/UI:N/S:C/C:H/I:H/A:H,none,no,total
2024-07,CVE-2024-39567,ICSA-24-193-15,Siemens SINEMA Remote Connect Server,7.8,CVSS:3.1/AV:L/AC:L/PR:L/UI:N/S:U/C:H/I:H/A:H/E:P/RL:O/RC:C,none,no,total
2024-07,CVE-2024-39568,ICSA-24-193-15,Siemens SINEMA Remote Connect Server,7.8,CVSS:3.1/AV:L/AC:L/PR:L/UI:N/S:U/C:H/I:H/A:H/E:P/RL:O/RC:C,none,no,total
2024-07,CVE-2024-39569,ICSA-24-193-15,Siemens SINEMA Remote Connect Server,6.6,CVSS:3.1/AV:N/AC:H/PR:H/UI:N/S:U/C:H/I:H/A:H/E:P/RL:O/RC:C,none,no,total
2024-07,CVE-2024-39570,ICSA-24-193-09,Siemens SINEMA Remote Connect Server,8.8,CVSS:3.1/AV:N/AC:L/PR:L/UI:N/S:U/C:H/I:H/A:H/E:P/RL:O/RC:C,none,no,total
2024-07,CVE-2024-39571,ICSA-24-193-09,Siemens SINEMA Remote Connect Server,8.8,CVSS:3.1/AV:N/AC:L/PR:L/UI:N/S:U/C:H/I:H/A:H/E:P/RL:O/RC:C,none,no,total
2024-07,CVE-2024-39601,ICSA-24-207-01,Siemens SICAM Products,6.5,CVSS:3.1/AV:N/AC:L/PR:L/UI:N/S:U/C:N/I:H/A:N,none,no,partial
2024-07,CVE-2024-39675,ICSA-24-193-06,Siemens RUGGEDCOM,8.8,CVSS:3.1/AV:A/AC:L/PR:N/UI:N/S:U/C:H/I:H/A:H/E:P/RL:O/RC:C,none,no,total
2024-07,CVE-2024-39865,ICSA-24-193-01,Siemens Remote Connect Server,8.8,CVSS:3.1/AV:N/AC:L/PR:L/UI:N/S:U/C:H/I:H/A:H/E:P/RL:O/RC:C,none,no,total
2024-07,CVE-2024-39866,ICSA-24-193-01,Siemens Remote Connect Server,8.8,CVSS:3.1/AV:N/AC:L/PR:L/UI:N/S:U/C:H/I:H/A:H/E:P/RL:O/RC:C,none,no,total
2024-07,CVE-2024-39867,ICSA-24-193-01,Siemens Remote Connect Server,7.6,CVSS:3.1/AV:N/AC:L/PR:L/UI:N/S:U/C:L/I:L/A:H/E:P/RL:O/RC:C,none,no,partial
2024-07,CVE-2024-39868,ICSA-24-193-01,Siemens Remote Connect Server,7.6,CVSS:3.1/AV:N/AC:L/PR:L/UI:N/S:U/C:L/I:L/A:H/E:P/RL:O/RC:C,none,no,partial
2024-07,CVE-2024-39869,ICSA-24-193-01,Siemens Remote Connect Server,6.5,CVSS:3.1/AV:N/AC:L/PR:L/UI:N/S:U/C:N/I:N/A:H/E:P/RL:O/RC:C,none,no,partial
2024-07,CVE-2024-39870,ICSA-24-193-01,Siemens Remote Connect Server,6.3,CVSS:3.1/AV:N/AC:L/PR:L/UI:N/S:U/C:L/I:L/A:L/E:P/RL:O/RC:C,none,no,partial
2024-07,CVE-2024-39871,ICSA-24-193-01,Siemens Remote Connect Server,6.3,CVSS:3.1/AV:N/AC:L/PR:L/UI:N/S:U/C:L/I:L/A:L/E:P/RL:O/RC:C,none,no,partial
2024-07,CVE-2024-39872,ICSA-24-193-01,Siemens Remote Connect Server,9.6,CVSS:3.1/AV:N/AC:L/PR:L/UI:N/S:C/C:H/I:H/A:N/E:P/RL:O/RC:C,none,no,total
2024-07,CVE-2024-39873,ICSA-24-193-01,Siemens Remote Connect Server,7.5,CVSS:3.1/AV:N/AC:L/PR:N/UI:N/S:U/C:H/I:N/A:N/E:P/RL:O/RC:C,none,yes,partial
2024-07,CVE-2024-39874,ICSA-24-193-01,Siemens Remote Connect Server,7.5,CVSS:3.1/AV:N/AC:L/PR:N/UI:N/S:U/C:H/I:N/A:N/E:P/RL:O/RC:C,none,yes,partial
2024-07,CVE-2024-39875,ICSA-24-193-01,Siemens Remote Connect Server,4.3,CVSS:3.1/AV:N/AC:L/PR:L/UI:N/S:U/C:L/I:N/A:N/E:P/RL:O/RC:C,none,no,partial
2024-07,CVE-2024-39876,ICSA-24-193-01,Siemens Remote Connect Server,4.0,CVSS:3.1/AV:L/AC:L/PR:N/UI:N/S:U/C:N/I:N/A:L/E:P/RL:O/RC:C,none,no,partial
2024-07,CVE-2024-39880,ICSA-24-191-01,Delta Electronics CNCSoft-G2 (Update A),7.8,CVSS:3.1/AV:L/AC:L/PR:N/UI:R/S:U/C:H/I:H/A:H,none,no,total
2024-07,CVE-2024-39881,ICSA-24-191-01,Delta Electronics CNCSoft-G2 (Update A),7.8,CVSS:3.1/AV:L/AC:L/PR:N/UI:R/S:U/C:H/I:H/A:H,none,no,total
2024-07,CVE-2024-39882,ICSA-24-191-01,Delta Electronics CNCSoft-G2 (Update A),7.8,CVSS:3.1/AV:L/AC:L/PR:N/UI:R/S:U/C:H/I:H/A:H,none,no,total
2024-07,CVE-2024-39883,ICSA-24-191-01,Delta Electronics CNCSoft-G2 (Update A),7.8,CVSS:3.1/AV:L/AC:L/PR:N/UI:R/S:U/C:H/I:H/A:H,none,no,total
2024-07,CVE-2024-39888,ICSA-24-193-08,Siemens Mendix Encryption Module,7.5,CVSS:3.1/AV:N/AC:L/PR:N/UI:N/S:U/C:H/I:N/A:N,none,yes,partial
2024-07,CVE-2024-4079,ICSA-24-205-03,National Instruments LabVIEW,7.8,CVSS:3.1/AV:L/AC:L/PR:N/UI:R/S:U/C:H/I:H/A:H,none,no,total
2024-07,CVE-2024-4080,ICSA-24-205-03,National Instruments LabVIEW,7.8,CVSS:3.1/AV:L/AC:L/PR:N/UI:R/S:U/C:H/I:H/A:H,none,no,total
2024-07,CVE-2024-4081,ICSA-24-205-03,National Instruments LabVIEW,7.8,CVSS:3.1/AV:L/AC:L/PR:N/UI:R/S:U/C:H/I:H/A:H,none,no,total
2024-07,CVE-2024-4708,ICSA-24-184-02,mySCADA myPRO,9.8,CVSS:3.1/AV:N/AC:L/PR:N/UI:N/S:U/C:H/I:H/A:H,none,yes,total
2024-07,CVE-2024-5602,ICSA-24-205-01,National Instruments IO Trace,7.8,CVSS:3.1/AV:L/AC:L/PR:N/UI:R/S:U/C:H/I:H/A:H,none,no,total
2024-07,CVE-2024-5679,ICSA-24-345-02,Schneider Electric EcoStruxure Foxboro DCS Core Control Services,7.1,CVSS:3.1/AV:L/AC:L/PR:L/UI:N/S:U/C:N/I:H/A:H,none,no,partial
2024-07,CVE-2024-5680,ICSA-24-345-02,Schneider Electric EcoStruxure Foxboro DCS Core Control Services,7.1,CVSS:3.1/AV:L/AC:L/PR:L/UI:N/S:U/C:N/I:H/A:H,none,no,partial
2024-07,CVE-2024-5681,ICSA-24-345-02,Schneider Electric EcoStruxure Foxboro DCS Core Control Services,7.8,CVSS:3.1/AV:L/AC:L/PR:L/UI:N/S:U/C:H/I:H/A:H,none,no,total
2024-07,CVE-2024-5913,ICSA-24-193-11,Siemens RUGGEDCOM APE 1808,6.8,CVSS:3.1/AV:P/AC:L/PR:N/UI:N/S:U/C:H/I:H/A:H/E:P/RL:O/RC:C,none,no,total
2024-07,CVE-2024-5988,ICSA-24-193-18,Rockwell Automation ThinManager ThinServer,9.8,CVSS:3.1/AV:N/AC:L/PR:N/UI:N/S:U/C:H/I:H/A:H,none,yes,partial
2024-07,CVE-2024-5989,ICSA-24-193-18,Rockwell Automation ThinManager ThinServer,9.8,CVSS:3.1/AV:N/AC:L/PR:N/UI:N/S:U/C:H/I:H/A:H,none,yes,total
2024-07,CVE-2024-5990,ICSA-24-193-18,Rockwell Automation ThinManager ThinServer,7.5,CVSS:3.1/AV:N/AC:L/PR:N/UI:N/S:U/C:N/I:N/A:H,none,yes,partial
2024-07,CVE-2024-6209,ICSA-25-007-01,ABB ASPECT System,10,CVSS:3.1/AV:N/AC:L/PR:N/UI:N/S:C/C:H/I:H/A:H/E:F/RL:U/RC:C,none,no,total
2024-07,CVE-2024-6236,ICSA-24-193-19,Rockwell Automation FactoryTalk System Services and Policy Manager,5.9,CVSS:3.1/AV:L/AC:L/PR:L/UI:R/S:C/C:H/I:N/A:N,none,no,partial
2024-07,CVE-2024-6298,ICSA-25-007-01,ABB ASPECT System,10,CVSS:3.1/AV:N/AC:L/PR:N/UI:N/S:C/C:H/I:H/A:H/E:P/RL:U/RC:C,none,no,total
2024-07,CVE-2024-6325,ICSA-24-193-19,Rockwell Automation FactoryTalk System Services and Policy Manager,6.5,CVSS:3.1/AV:L/AC:L/PR:L/UI:N/S:C/C:H/I:N/A:N,none,no,partial
2024-07,CVE-2024-6407,ICSA-25-112-03,Schneider Electric Wiser Home Controller WHC-5918A,9.8,CVSS:3.1/AV:N/AC:L/PR:N/UI:N/S:U/C:H/I:H/A:H,none,no,partial
2024-07,CVE-2024-6435,ICSA-24-198-01,Rockwell Automation Pavilion 8,8.8,CVSS:3.1/AV:N/AC:L/PR:L/UI:N/S:U/C:H/I:H/A:H,none,no,partial
2024-07,CVE-2024-6558,ICSA-24-193-20,HMS Industrial Networks Anybus-CompactCom 30,6.3,CVSS:3.0/AV:N/AC:L/PR:N/UI:R/S:U/C:L/I:L/A:L,none,no,partial
2024-07,CVE-2024-7007,ICSA-24-207-02,Positron Broadcast Signal Processor,7.5,CVSS:3.1/AV:N/AC:L/PR:N/UI:N/S:U/C:H/I:N/A:N,none,yes,partial
2024-08,CVE-2023-26495,ICSA-24-228-08,Siemens COMOS,7.8,CVSS:3.1/AV:L/AC:L/PR:N/UI:R/S:U/C:H/I:H/A:H,none,no,total
2024-08,CVE-2023-31122,ICSA-24-228-06,Siemens SINEC NMS,7.5,CVSS:3.1/AV:N/AC:L/PR:N/UI:N/S:U/C:N/I:N/A:H/E:P/RL:O/RC:C,none,yes,partial
2024-08,CVE-2023-34050,ICSA-24-228-06,Siemens SINEC NMS,5.0,CVSS:3.1/AV:N/AC:H/PR:H/UI:N/S:U/C:N/I:L/A:H/E:P/RL:O/RC:C,none,no,partial
2024-08,CVE-2023-39615,ICSA-24-228-06,Siemens SINEC NMS,6.5,CVSS:3.1/AV:N/AC:L/PR:N/UI:R/S:U/C:N/I:N/A:H/E:P/RL:O/RC:C,poc,no,partial
2024-08,CVE-2023-42795,ICSA-24-228-06,Siemens SINEC NMS,5.3,CVSS:3.1/AV:N/AC:L/PR:N/UI:N/S:U/C:L/I:N/A:N/E:P/RL:O/RC:C,none,yes,partial
2024-08,CVE-2023-43622,ICSA-24-228-06,Siemens SINEC NMS,7.5,CVSS:3.1/AV:N/AC:L/PR:N/UI:N/S:U/C:N/I:N/A:H/E:P/RL:O/RC:C,poc,yes,partial
2024-08,CVE-2023-44321,ICSA-24-228-01,"Siemens SCALANCE M-800, RUGGEDCOM RM1224",2.7,CVSS:3.1/AV:N/AC:L/PR:H/UI:N/S:U/C:N/I:N/A:L/E:P/RL:O/RC:C,none,no,partial
2024-08,CVE-2023-44487,ICSA-24-228-06,Siemens SINEC NMS,7.5,CVSS:3.1/AV:N/AC:L/PR:N/UI:N/S:U/C:N/I:N/A:H/E:P/RL:O/RC:C,active,yes,partial
2024-08,CVE-2023-45648,ICSA-24-228-06,Siemens SINEC NMS,5.3,CVSS:3.1/AV:N/AC:L/PR:N/UI:N/S:U/C:N/I:L/A:N/E:P/RL:O/RC:C,none,yes,partial
2024-08,CVE-2023-45802,ICSA-24-228-06,Siemens SINEC NMS,5.9,CVSS:3.1/AV:N/AC:H/PR:N/UI:N/S:U/C:N/I:N/A:H/E:P/RL:O/RC:C,none,no,partial
2024-08,CVE-2023-4611,ICSA-24-228-06,Siemens SINEC NMS,6.3,CVSS:3.1/AV:L/AC:H/PR:L/UI:N/S:U/C:H/I:N/A:H/E:P/RL:O/RC:C,none,no,total
2024-08,CVE-2023-46120,ICSA-24-228-06,Siemens SINEC NMS,4.9,CVSS:3.1/AV:N/AC:L/PR:H/UI:N/S:U/C:N/I:N/A:H/E:P/RL:O/RC:C,poc,no,partial
2024-08,CVE-2023-46280,ICSA-24-228-06,Siemens SINEC NMS,6.5,CVSS:3.1/AV:L/AC:L/PR:L/UI:N/S:C/C:N/I:N/A:H/E:P/RL:O/RC:C,none,no,partial
2024-08,CVE-2023-46589,ICSA-24-228-06,Siemens SINEC NMS,7.5,CVSS:3.1/AV:N/AC:L/PR:N/UI:N/S:U/C:N/I:H/A:N/E:P/RL:O/RC:C,none,yes,partial
2024-08,CVE-2023-52425,ICSA-24-228-06,Siemens SINEC NMS,7.5,CVSS:3.1/AV:N/AC:L/PR:N/UI:N/S:U/C:N/I:N/A:H/E:P/RL:O/RC:C,none,yes,partial
2024-08,CVE-2023-52426,ICSA-24-228-06,Siemens SINEC NMS,5.5,CVSS:3.1/AV:L/AC:L/PR:L/UI:N/S:U/C:N/I:N/A:H/E:P/RL:O/RC:C,none,no,partial
2024-08,CVE-2023-5868,ICSA-24-228-06,Siemens SINEC NMS,4.3,CVSS:3.1/AV:N/AC:L/PR:L/UI:N/S:U/C:L/I:N/A:N/E:P/RL:O/RC:C,none,yes,partial
2024-08,CVE-2023-5870,ICSA-24-228-06,Siemens SINEC NMS,4.4,CVSS:3.1/AV:N/AC:H/PR:H/UI:N/S:U/C:N/I:N/A:H/E:P/RL:O/RC:C,none,no,partial
2024-08,CVE-2023-6378,ICSA-24-228-06,Siemens SINEC NMS,7.5,CVSS:3.1/AV:N/AC:L/PR:N/UI:N/S:U/C:N/I:N/A:H/E:P/RL:O/RC:C,none,no,partial
2024-08,CVE-2024-0056,ICSA-24-228-02,Siemens INTRALOG WMS,8.0,CVSS:3.1/AV:A/AC:H/PR:N/UI:N/S:C/C:H/I:H/A:N,none,no,total
2024-08,CVE-2024-0985,ICSA-24-228-06,Siemens SINEC NMS,8.0,CVSS:3.1/AV:N/AC:L/PR:L/UI:R/S:U/C:H/I:H/A:H,none,no,total
2024-08,CVE-2024-25062,ICSA-24-228-06,Siemens SINEC NMS,5.9,CVSS:3.1/AV:N/AC:H/PR:N/UI:N/S:U/C:N/I:N/A:H/E:P/RL:O/RC:C,none,yes,partial
2024-08,CVE-2024-28182,ICSA-24-228-06,Siemens SINEC NMS,5.3,CVSS:3.1/AV:N/AC:L/PR:N/UI:N/S:U/C:N/I:N/A:L/E:P/RL:O/RC:C,none,yes,partial
2024-08,CVE-2024-28757,ICSA-24-228-06,Siemens SINEC NMS,7.5,CVSS:3.1/AV:N/AC:L/PR:N/UI:N/S:U/C:N/I:N/A:H/E:P/RL:O/RC:C,none,no,partial
2024-08,CVE-2024-29082,ICSA-24-214-08,Vonets WiFi Bridges,8.6,CVSS:3.1/AV:N/AC:L/PR:N/UI:N/S:U/C:L/I:L/A:H,none,yes,partial
2024-08,CVE-2024-30045,ICSA-24-228-02,Siemens INTRALOG WMS,5.5,CVSS:3.1/AV:A/AC:L/PR:N/UI:R/S:U/C:L/I:L/A:L,none,no,partial
2024-08,CVE-2024-32635,ICSA-24-228-03,Siemens Teamcenter Visualization and JT2Go,7.8,CVSS:3.1/AV:L/AC:L/PR:N/UI:R/S:U/C:H/I:H/A:H,none,no,total
2024-08,CVE-2024-32636,ICSA-24-228-03,Siemens Teamcenter Visualization and JT2Go,7.8,CVSS:3.1/AV:L/AC:L/PR:N/UI:R/S:U/C:H/I:H/A:H,none,no,total
2024-08,CVE-2024-32637,ICSA-24-228-03,Siemens Teamcenter Visualization and JT2Go,3.3,CVSS:3.1/AV:L/AC:L/PR:N/UI:R/S:U/C:N/I:N/A:L,none,no,total
2024-08,CVE-2024-32758,ICSA-24-214-01,Johnson Controls exacqVision client and exacqVision server,8.3,CVSS:3.1/AV:N/AC:H/PR:N/UI:R/S:C/C:H/I:H/A:H,none,no,total
2024-08,CVE-2024-32862,ICSA-24-214-02,Johnson Controls exacqVision Server web service,6.8,CVSS:3.1/AV:N/AC:H/PR:N/UI:R/S:U/C:H/I:H/A:N,none,no,total
2024-08,CVE-2024-32863,ICSA-24-214-03,Johnson Controls exacqVision Web Service,6.8,CVSS:3.1/AV:N/AC:H/PR:N/UI:R/S:U/C:H/I:H/A:N,none,no,total
2024-08,CVE-2024-32864,ICSA-24-214-04,Johnson Controls exacqVision Web Service,6.4,CVSS:3.1/AV:A/AC:H/PR:N/UI:R/S:U/C:H/I:H/A:N,none,no,partial
2024-08,CVE-2024-32865,ICSA-24-214-05,Johnson Controls exacqVision Server,6.4,CVSS:3.1/AV:A/AC:H/PR:N/UI:R/S:U/C:H/I:H/A:N,none,no,total
2024-08,CVE-2024-32931,ICSA-24-214-06,Johnson Controls exacqVision Web Service,5.7,CVSS:3.1/AV:N/AC:L/PR:L/UI:R/S:U/C:H/I:N/A:N,none,no,partial
2024-08,CVE-2024-36398,ICSA-24-228-06,Siemens SINEC NMS,7.8,CVSS:3.1/AV:L/AC:L/PR:L/UI:N/S:U/C:H/I:H/A:H/E:P/RL:O/RC:C,none,no,total
2024-08,CVE-2024-37023,ICSA-24-214-08,Vonets WiFi Bridges,9.1,CVSS:3.1/AV:N/AC:L/PR:H/UI:N/S:C/C:H/I:H/A:H,none,no,total
2024-08,CVE-2024-39287,ICSA-24-221-01,Dorsett Controls InfoScan,5.3,CVSS:3.1/AV:N/AC:L/PR:N/UI:N/S:U/C:L/I:N/A:N,none,yes,partial
2024-08,CVE-2024-39776,ICSA-24-235-04,Avtec Outpost 0810,7.5,CVSS:3.1/AV:N/AC:L/PR:N/UI:N/S:U/C:H/I:N/A:N,none,yes,partial
2024-08,CVE-2024-39791,ICSA-24-214-08,Vonets WiFi Bridges,10.0,CVSS:3.1/AV:N/AC:L/PR:N/UI:N/S:C/C:H/I:H/A:H,none,yes,total
2024-08,CVE-2024-3980,ICSA-24-331-04,Hitachi Energy MicroSCADA Pro/X SYS600 (Update A),9.9,CVSS:3.1/AV:N/AC:L/PR:L/UI:N/S:C/C:H/I:H/A:H,none,no,total
2024-08,CVE-2024-39815,ICSA-24-214-08,Vonets WiFi Bridges,7.5,CVSS:3.1/AV:N/AC:L/PR:N/UI:N/S:U/C:N/I:N/A:H,none,no,total
2024-08,CVE-2024-3982,ICSA-24-331-04,Hitachi Energy MicroSCADA Pro/X SYS600 (Update A),8.2,CVSS:3.1/AV:L/AC:L/PR:H/UI:N/S:C/C:H/I:H/A:H,none,no,total
2024-08,CVE-2024-39922,ICSA-24-228-05,Siemens LOGO! V8.3 BM Devices,4.6,CVSS:3.1/AV:P/AC:L/PR:N/UI:N/S:U/C:H/I:N/A:N/E:P/RL:O/RC:C,none,no,partial
2024-08,CVE-2024-40619,ICSA-24-226-03,Rockwell Automation GuardLogix/ControlLogix 5580 Controller,7.5,CVSS:3.1/AV:N/AC:L/PR:N/UI:N/S:U/C:N/I:N/A:H,none,yes,partial
2024-08,CVE-2024-40620,ICSA-24-226-04,Rockwell Automation Pavilion8,7.4,CVSS:3.1/AV:N/AC:L/PR:L/UI:N/S:C/C:L/I:L/A:L,none,no,partial
2024-08,CVE-2024-41161,ICSA-24-214-08,Vonets WiFi Bridges,7.5,CVSS:3.1/AV:N/AC:L/PR:N/UI:N/S:U/C:H/I:N/A:N,none,yes,partial
2024-08,CVE-2024-41681,ICSA-24-228-07,Siemens Location Intelligence,6.7,CVSS:3.1/AV:A/AC:H/PR:N/UI:R/S:U/C:L/I:H/A:H/E:P/RL:O/RC:C,none,no,partial
2024-08,CVE-2024-41682,ICSA-24-228-07,Siemens Location Intelligence,5.3,CVSS:3.1/AV:N/AC:L/PR:N/UI:N/S:U/C:L/I:N/A:N/E:P/RL:O/RC:C,none,no,partial
2024-08,CVE-2024-41683,ICSA-24-228-07,Siemens Location Intelligence,5.3,CVSS:3.1/AV:N/AC:L/PR:N/UI:N/S:U/C:L/I:N/A:N/E:P/RL:O/RC:C,none,yes,partial
2024-08,CVE-2024-41903,ICSA-24-228-04,Siemens SINEC Traffic Analyzer,6.6,CVSS:3.1/AV:N/AC:H/PR:H/UI:N/S:U/C:H/I:H/A:H,none,no,total
2024-08,CVE-2024-41904,ICSA-24-228-04,Siemens SINEC Traffic Analyzer,7.5,CVSS:3.1/AV:N/AC:L/PR:N/UI:N/S:U/C:H/I:N/A:N,none,yes,partial
2024-08,CVE-2024-41905,ICSA-24-228-04,Siemens SINEC Traffic Analyzer,6.8,CVSS:3.1/AV:N/AC:H/PR:L/UI:N/S:U/C:H/I:H/A:N,none,no,total
2024-08,CVE-2024-41906,ICSA-24-228-04,Siemens SINEC Traffic Analyzer,4.8,CVSS:3.1/AV:N/AC:H/PR:N/UI:N/S:U/C:L/I:L/A:N,none,no,partial
2024-08,CVE-2024-41907,ICSA-24-228-04,Siemens SINEC Traffic Analyzer,4.2,CVSS:3.1/AV:N/AC:H/PR:N/UI:R/S:U/C:L/I:L/A:N,none,no,partial
2024-08,CVE-2024-41908,ICSA-24-228-09,Siemens NX,7.8,CVSS:3.1/AV:L/AC:L/PR:N/UI:R/S:U/C:H/I:H/A:H,none,no,total
2024-08,CVE-2024-41936,ICSA-24-214-08,Vonets WiFi Bridges,7.5,CVSS:3.1/AV:N/AC:L/PR:N/UI:N/S:U/C:H/I:N/A:N,none,yes,partial
2024-08,CVE-2024-41938,ICSA-24-228-06,Siemens SINEC NMS,5.5,CVSS:3.1/AV:N/AC:L/PR:H/UI:N/S:C/C:N/I:L/A:L/E:P/RL:O/RC:C,none,no,partial
2024-08,CVE-2024-41939,ICSA-24-228-06,Siemens SINEC NMS,8.8,CVSS:3.1/AV:N/AC:L/PR:L/UI:N/S:U/C:H/I:H/A:H/E:P/RL:O/RC:C,none,no,total
2024-08,CVE-2024-41940,ICSA-24-228-06,Siemens SINEC NMS,9.1,CVSS:3.1/AV:N/AC:L/PR:H/UI:N/S:C/C:H/I:H/A:H/E:P/RL:O/RC:C,none,no,total
2024-08,CVE-2024-41941,ICSA-24-228-06,Siemens SINEC NMS,4.3,CVSS:3.1/AV:N/AC:L/PR:L/UI:N/S:U/C:N/I:L/A:N/E:P/RL:O/RC:C,none,no,partial
2024-08,CVE-2024-41976,ICSA-24-228-01,"Siemens SCALANCE M-800, RUGGEDCOM RM1224",7.2,CVSS:3.1/AV:N/AC:L/PR:H/UI:N/S:U/C:H/I:H/A:H/E:P/RL:T/RC:C,none,no,total
2024-08,CVE-2024-41977,ICSA-24-228-01,"Siemens SCALANCE M-800, RUGGEDCOM RM1224",7.1,CVSS:3.1/AV:N/AC:H/PR:L/UI:R/S:U/C:H/I:H/A:H/E:P/RL:O/RC:C,none,no,total
2024-08,CVE-2024-41978,ICSA-24-228-01,"Siemens SCALANCE M-800, RUGGEDCOM RM1224",6.5,CVSS:3.1/AV:N/AC:L/PR:L/UI:N/S:U/C:H/I:N/A:N/E:P/RL:O/RC:C,none,no,partial
2024-08,CVE-2024-42001,ICSA-24-214-08,Vonets WiFi Bridges,8.6,CVSS:3.1/AV:N/AC:L/PR:N/UI:N/S:U/C:L/I:L/A:H,none,yes,partial
2024-08,CVE-2024-42408,ICSA-24-221-01,Dorsett Controls InfoScan,5.3,CVSS:3.1/AV:N/AC:L/PR:N/UI:N/S:U/C:L/I:N/A:N,none,yes,partial
2024-08,CVE-2024-42418,ICSA-24-235-04,Avtec Outpost 0810,7.5,CVSS:3.1/AV:N/AC:L/PR:N/UI:N/S:U/C:H/I:N/A:N,none,yes,partial
2024-08,CVE-2024-42493,ICSA-24-221-01,Dorsett Controls InfoScan,5.3,CVSS:3.1/AV:N/AC:L/PR:N/UI:N/S:U/C:L/I:N/A:N,none,yes,partial
2024-08,CVE-2024-4872,ICSA-24-331-04,Hitachi Energy MicroSCADA Pro/X SYS600 (Update A),9.9,CVSS:3.1/AV:N/AC:L/PR:L/UI:N/S:C/C:H/I:H/A:H,none,no,total
2024-08,CVE-2024-6078,ICSA-24-226-05,Rockwell Automation DataMosaix Private Cloud,9.1,CVSS:3.1/AV:N/AC:L/PR:N/UI:N/S:U/C:H/I:H/A:N,none,yes,total
2024-08,CVE-2024-6079,ICSA-24-235-01,Rockwell Automation Emulate3D,6.7,CVSS:3.1/AV:L/AC:H/PR:L/UI:R/S:U/C:H/I:H/A:H,none,no,total
2024-08,CVE-2024-6089,ICSA-24-235-02,Rockwell Automation 5015 - AENFTXT,7.5,CVSS:3.1/AV:N/AC:L/PR:N/UI:N/S:U/C:N/I:N/A:H,none,yes,partial
2024-08,CVE-2024-6098,ICSA-24-228-11,PTC Kepware ThingWorx Kepware Server,5.3,CVSS:3.1/AV:A/AC:H/PR:N/UI:N/S:U/C:N/I:N/A:H,none,no,partial
2024-08,CVE-2024-6242,ICSA-24-214-09,Rockwell Automation Logix Controllers,8.4,CVSS:3.1/AV:N/AC:H/PR:L/UI:N/S:C/C:L/I:H/A:H,none,no,total
2024-08,CVE-2024-6456,ICSA-24-228-10,AVEVA Historian Web Server,8.1,CVSS:3.1/AV:N/AC:L/PR:N/UI:R/S:U/C:H/I:H/A:N,none,no,total
2024-08,CVE-2024-6618,ICSA-24-226-08,Ocean Data Systems Dream Report,7.8,CVSS:3.1/AV:L/AC:L/PR:L/UI:N/S:U/C:H/I:H/A:H,none,no,total
2024-08,CVE-2024-6619,ICSA-24-226-08,Ocean Data Systems Dream Report,7.8,CVSS:3.1/AV:L/AC:L/PR:L/UI:N/S:U/C:H/I:H/A:H,none,no,total
2024-08,CVE-2024-6918,ICSA-24-354-06,Schneider Electric Accutech Manager,7.5,CVSS:3.1/AV:N/AC:L/PR:N/UI:N/S:U/C:N/I:N/A:H,none,yes,partial
2024-08,CVE-2024-7029,ICSA-24-214-07,AVTECH IP camera,8.8,CVSS:3.1/AV:N/AC:L/PR:L/UI:N/S:U/C:H/I:H/A:H,none,no,total
2024-08,CVE-2024-7113,ICSA-24-226-01,AVEVA SuiteLink Server,7.5,CVSS:3.1/AV:N/AC:L/PR:N/UI:N/S:U/C:N/I:N/A:H,none,no,partial
2024-08,CVE-2024-7502,ICSA-24-219-01,Delta Electronics DIAScreen,7.8,CVSS:3.1/AV:L/AC:L/PR:N/UI:R/S:U/C:H/I:H/A:H,none,no,total
2024-08,CVE-2024-7507,ICSA-24-226-09,"Rockwell Automation ControlLogix, GuardLogix 5580, CompactLogix, Compact GuardLogix 5380",7.5,CVSS:3.1/AV:N/AC:L/PR:N/UI:N/S:U/C:N/I:N/A:H,none,yes,partial
2024-08,CVE-2024-7513,ICSA-24-226-06,Rockwell Automation FactoryTalk View Site Edition (Update A),8.8,CVSS:3.1/AV:L/AC:L/PR:L/UI:N/S:C/C:H/I:H/A:H,none,no,total
2024-08,CVE-2024-7515,ICSA-24-226-10,"Rockwell Automation ControlLogix, GuardLogix 5580, CompactLogix, and Compact GuardLogix 5380",8.6,CVSS:3.1/AV:N/AC:L/PR:N/UI:N/S:C/C:N/I:N/A:H,none,yes,partial
2024-08,CVE-2024-7567,ICSA-24-226-07,Rockwell Automation Micro850/870,5.3,CVSS:3.1/AV:N/AC:L/PR:N/UI:N/S:U/C:N/I:N/A:L,none,yes,partial
2024-08,CVE-2024-7940,ICSA-24-331-04,Hitachi Energy MicroSCADA Pro/X SYS600 (Update A),8.3,CVSS:3.1/AV:N/AC:H/PR:N/UI:R/S:C/C:H/I:H/A:H,none,no,total
2024-08,CVE-2024-7941,ICSA-24-331-04,Hitachi Energy MicroSCADA Pro/X SYS600 (Update A),4.3,CVSS:3.1/AV:N/AC:L/PR:N/UI:R/S:U/C:N/I:L/A:N,none,no,partial
2024-08,CVE-2024-7986,ICSA-24-242-01,Rockwell Automation ThinManager ThinServer,5.5,CVSS:3.1/AV:L/AC:L/PR:L/UI:N/S:U/C:H/I:N/A:N,none,no,partial
2024-08,CVE-2024-7987,ICSA-24-242-01,Rockwell Automation ThinManager ThinServer,7.8,CVSS:3.1/AV:L/AC:L/PR:L/UI:N/S:U/C:H/I:H/A:H,none,no,total
2024-08,CVE-2024-7988,ICSA-24-242-01,Rockwell Automation ThinManager ThinServer,9.8,CVSS:3.1/AV:N/AC:L/PR:N/UI:N/S:U/C:H/I:H/A:H,none,yes,total
2024-08,CVE-2024-8255,ICSA-24-242-02,Delta Electronics DTN Soft,7.8,CVSS:3.1/AV:L/AC:L/PR:N/UI:R/S:U/C:H/I:H/A:H,none,no,total
2024-09,CVE-2020-15782,ICSA-25-182-01,"FESTO Didactic CP, MPS 200, and MPS 400 Firmware",9.8,CVSS:3.1/AV:N/AC:L/PR:N/UI:N/S:U/C:H/I:H/A:H/CR:L/IR:L/AR:L,none,yes,total
2024-09,CVE-2023-28827,ICSA-24-256-09,"Siemens SIMATIC, SIPLUS, and TIM",5.9,CVSS:3.1/AV:N/AC:H/PR:N/UI:N/S:U/C:N/I:N/A:H/E:P/RL:O/RC:C,none,no,partial
2024-09,CVE-2023-30755,ICSA-24-256-09,"Siemens SIMATIC, SIPLUS, and TIM",4.4,CVSS:3.1/AV:N/AC:H/PR:H/UI:N/S:U/C:N/I:N/A:H/E:U/RL:O/RC:C,none,no,partial
2024-09,CVE-2023-30756,ICSA-24-256-09,"Siemens SIMATIC, SIPLUS, and TIM",5.9,CVSS:3.1/AV:N/AC:H/PR:N/UI:N/S:U/C:N/I:N/A:H/E:P/RL:O/RC:C,none,no,partial
2024-09,CVE-2023-31102,ICSA-24-256-20,Rockwell Automation AADvance Trusted SIS Workstation,7.8,CVSS:3.1/AV:L/AC:L/PR:N/UI:R/S:U/C:H/I:H/A:H,poc,no,total
2024-09,CVE-2023-40481,ICSA-24-256-20,Rockwell Automation AADvance Trusted SIS Workstation,7.8,CVSS:3.1/AV:L/AC:L/PR:N/UI:R/S:U/C:H/I:H/A:H,none,no,total
2024-09,CVE-2023-45852,ICSA-24-254-01,Viessmann Climate Solutions SE Vitogate 300,9.8,CVSS:3.1/AV:N/AC:L/PR:N/UI:N/S:U/C:H/I:H/A:H,poc,yes,total
2024-09,CVE-2023-46380,ICSA-24-247-01,LOYTEC Electronics LINX Series,7.5,CVSS:3.1/AV:N/AC:L/PR:N/UI:N/S:U/C:H/I:N/A:N,none,yes,partial
2024-09,CVE-2023-46381,ICSA-24-247-01,LOYTEC Electronics LINX Series,8.2,CVSS:3.1/AV:N/AC:L/PR:N/UI:N/S:U/C:N/I:H/A:L,none,yes,partial
2024-09,CVE-2023-46387,ICSA-24-247-01,LOYTEC Electronics LINX Series,7.5,CVSS:3.1/AV:N/AC:L/PR:N/UI:N/S:U/C:H/I:N/A:N,none,yes,partial
2024-09,CVE-2023-46850,ICSA-24-256-10,Siemens SINEMA,9.8,CVSS:3.1/AV:N/AC:L/PR:N/UI:N/S:U/C:H/I:H/A:H/E:P/RL:O/RC:C,none,yes,total
2024-09,CVE-2023-49069,ICSA-24-256-05,Siemens Mendix Runtime,5.3,CVSS:3.1/AV:N/AC:L/PR:N/UI:N/S:U/C:L/I:N/A:N,none,yes,partial
2024-09,CVE-2023-5222,ICSA-24-254-01,Viessmann Climate Solutions SE Vitogate 300,9.8,CVSS:3.1/AV:N/AC:L/PR:N/UI:N/S:U/C:H/I:H/A:H,poc,no,partial
2024-09,CVE-2024-2004,ICSA-24-256-10,Siemens SINEMA,5.3,CVSS:3.1/AV:L/AC:L/PR:L/UI:N/S:U/C:L/I:L/A:L/E:P/RL:O/RC:C,none,no,partial
2024-09,CVE-2024-2379,ICSA-24-256-10,Siemens SINEMA,4.3,CVSS:3.1/AV:N/AC:L/PR:L/UI:N/S:U/C:N/I:L/A:N/E:P/RL:O/RC:C,none,no,partial
2024-09,CVE-2024-2398,ICSA-24-256-10,Siemens SINEMA,7.5,CVSS:3.1/AV:N/AC:L/PR:N/UI:N/S:U/C:N/I:N/A:H/E:P/RL:O/RC:C,none,yes,partial
2024-09,CVE-2024-2466,ICSA-24-256-10,Siemens SINEMA,7.1,CVSS:3.1/AV:N/AC:L/PR:L/UI:N/S:U/C:L/I:H/A:N/E:P/RL:O/RC:C,poc,no,partial
2024-09,CVE-2024-28948,ICSA-24-270-02,Advantech ADAM 5630,8.0,CVSS:3.1/AV:A/AC:L/PR:N/UI:R/S:U/C:H/I:H/A:H,none,no,total
2024-09,CVE-2024-28957,ICSA-24-263-02,IDEC Products (Update A),5.3,CVSS:3.1/AV:N/AC:L/PR:N/UI:N/S:U/C:N/I:N/A:L,none,yes,partial
2024-09,CVE-2024-32006,ICSA-24-256-10,Siemens SINEMA,4.3,CVSS:3.1/AV:N/AC:L/PR:L/UI:N/S:U/C:N/I:L/A:N/E:P/RL:O/RC:C,none,no,partial
2024-09,CVE-2024-33698,ICSA-24-256-03,Siemens User Management Component (UMC),9.8,CVSS:3.1/AV:N/AC:L/PR:N/UI:N/S:U/C:H/I:H/A:H,none,yes,total
2024-09,CVE-2024-34057,ICSA-24-256-16,Siemens Third-Party Component in SICAM and SITIPE Products,8.2,CVSS:3.1/AV:N/AC:L/PR:N/UI:N/S:U/C:N/I:L/A:H,none,yes,partial
2024-09,CVE-2024-34542,ICSA-24-270-02,Advantech ADAM 5630,5.7,CVSS:3.1/AV:A/AC:L/PR:N/UI:R/S:U/C:H/I:N/A:N,none,no,partial
2024-09,CVE-2024-35783,ICSA-24-256-14,Siemens SIMATIC SCADA and PCS 7 Systems,9.1,CVSS:3.1/AV:N/AC:L/PR:H/UI:N/S:C/C:H/I:H/A:H/E:P/RL:O/RC:C,none,no,total
2024-09,CVE-2024-37187,ICSA-24-270-01,Advantech ADAM-5550,5.7,CVSS:3.1/AV:A/AC:L/PR:N/UI:R/S:U/C:H/I:N/A:N,none,no,partial
2024-09,CVE-2024-37990,ICSA-24-256-07,Siemens SIMATIC RFID Readers,6.5,CVSS:3.1/AV:N/AC:L/PR:H/UI:N/S:U/C:N/I:H/A:H,none,no,partial
2024-09,CVE-2024-37991,ICSA-24-256-07,Siemens SIMATIC RFID Readers,5.3,CVSS:3.1/AV:N/AC:H/PR:N/UI:R/S:U/C:H/I:N/A:N,none,no,partial
2024-09,CVE-2024-37992,ICSA-24-256-07,Siemens SIMATIC RFID Readers,4.9,CVSS:3.1/AV:N/AC:L/PR:H/UI:N/S:U/C:N/I:N/A:H,none,no,partial
2024-09,CVE-2024-37993,ICSA-24-256-07,Siemens SIMATIC RFID Readers,5.3,CVSS:3.1/AV:N/AC:L/PR:N/UI:N/S:U/C:N/I:N/A:L,none,no,partial
2024-09,CVE-2024-37994,ICSA-24-256-07,Siemens SIMATIC RFID Readers,4.3,CVSS:3.1/AV:N/AC:L/PR:L/UI:N/S:U/C:N/I:L/A:N,none,no,partial
2024-09,CVE-2024-37995,ICSA-24-256-07,Siemens SIMATIC RFID Readers,2.7,CVSS:3.1/AV:N/AC:L/PR:H/UI:N/S:U/C:N/I:N/A:L,none,no,partial
2024-09,CVE-2024-38308,ICSA-24-270-01,Advantech ADAM-5550,8.8,CVSS:3.1/AV:A/AC:L/PR:N/UI:N/S:U/C:H/I:H/A:H,none,no,partial
2024-09,CVE-2024-38355,ICSA-24-256-08,Siemens Industrial Products,7.3,CVSS:3.1/AV:N/AC:L/PR:N/UI:N/S:U/C:L/I:L/A:L,none,yes,partial
2024-09,CVE-2024-38380,ICSA-24-261-02,Millbeck Communications Proroute H685t-w,5.5,CVSS:3.1/AV:N/AC:L/PR:L/UI:R/S:U/C:L/I:L/A:L,none,no,partial
2024-09,CVE-2024-39275,ICSA-24-270-02,Advantech ADAM 5630,8.0,CVSS:3.1/AV:A/AC:L/PR:N/UI:R/S:U/C:H/I:H/A:H,none,no,total
2024-09,CVE-2024-39278,ICSA-24-249-01,Hughes Network Systems WL3000 Fusion Software,4.2,CVSS:3.1/AV:P/AC:H/PR:N/UI:N/S:U/C:H/I:N/A:N,none,no,partial
2024-09,CVE-2024-39364,ICSA-24-270-02,Advantech ADAM 5630,6.3,CVSS:3.1/AV:A/AC:L/PR:N/UI:R/S:U/C:N/I:L/A:H,none,no,partial
2024-09,CVE-2024-41170,ICSA-24-256-12,Siemens Tecnomatix Plant Simulation,7.8,CVSS:3.1/AV:L/AC:L/PR:N/UI:R/S:U/C:H/I:H/A:H,none,no,total
2024-09,CVE-2024-41171,ICSA-24-256-02,"Siemens SINUMERIK ONE, SINUMERIK 840D and SINUMERIK 828D",8.8,CVSS:3.1/AV:L/AC:L/PR:L/UI:N/S:C/C:H/I:H/A:H/E:P/RL:O/RC:C,none,no,total
2024-09,CVE-2024-41715,ICSA-24-270-05,goTenna Pro ATAK Plugin (Update A),4.3,CVSS:3.1/AV:A/AC:L/PR:N/UI:N/S:U/C:L/I:N/A:N,none,no,partial
2024-09,CVE-2024-41716,ICSA-24-263-03,IDEC CORPORATION WindLDR and WindO/I-NV4,5.9,CVSS:3.1/AV:N/AC:H/PR:N/UI:N/S:U/C:H/I:N/A:N,none,no,partial
2024-09,CVE-2024-41722,ICSA-24-270-05,goTenna Pro ATAK Plugin (Update A),6.5,CVSS:3.1/AV:A/AC:L/PR:N/UI:N/S:U/C:H/I:N/A:N,none,no,partial
2024-09,CVE-2024-41725,ICSA-24-268-04,Dover Fueling Solutions ProGauge MAGLINK LX CONSOLE,8.8,CVSS:3.1/AV:N/AC:L/PR:N/UI:R/S:U/C:H/I:H/A:H,none,no,total
2024-09,CVE-2024-41927,ICSA-24-263-02,IDEC Products (Update A),4.6,CVSS:3.1/AV:P/AC:L/PR:N/UI:N/S:U/C:H/I:N/A:N,none,no,partial
2024-09,CVE-2024-41931,ICSA-24-270-05,goTenna Pro ATAK Plugin (Update A),4.3,CVSS:3.1/AV:A/AC:L/PR:N/UI:N/S:U/C:L/I:N/A:N,none,no,partial
2024-09,CVE-2024-42344,ICSA-24-256-10,Siemens SINEMA,4.4,CVSS:3.1/AV:L/AC:L/PR:L/UI:N/S:U/C:L/I:N/A:L/E:P/RL:O/RC:C,none,no,partial
2024-09,CVE-2024-42345,ICSA-24-256-01,Siemens SINEMA Remote Connect Server,4.3,CVSS:3.1/AV:N/AC:L/PR:L/UI:N/S:U/C:N/I:L/A:N/E:P/RL:O/RC:C,none,no,partial
2024-09,CVE-2024-42495,ICSA-24-249-01,Hughes Network Systems WL3000 Fusion Software,6.5,CVSS:3.1/AV:A/AC:L/PR:N/UI:N/S:U/C:H/I:N/A:N,none,no,partial
2024-09,CVE-2024-43099,ICSA-24-256-17,AutomationDirect DirectLogic H2-DM1E,8.8,CVSS:3.1/AV:A/AC:L/PR:N/UI:N/S:U/C:H/I:H/A:H,none,no,total
2024-09,CVE-2024-43108,ICSA-24-270-05,goTenna Pro ATAK Plugin (Update A),5.3,CVSS:3.1/AV:A/AC:H/PR:N/UI:N/S:U/C:N/I:H/A:N,none,no,partial
2024-09,CVE-2024-43423,ICSA-24-268-04,Dover Fueling Solutions ProGauge MAGLINK LX CONSOLE,9.8,CVSS:3.1/AV:N/AC:L/PR:N/UI:N/S:U/C:H/I:H/A:H,none,yes,total
2024-09,CVE-2024-43647,ICSA-24-261-01,Siemens SIMATIC S7-200 SMART Devices,7.5,CVSS:3.1/AV:N/AC:L/PR:N/UI:N/S:U/C:N/I:N/A:H/E:P/RL:T/RC:C,none,yes,partial
2024-09,CVE-2024-43692,ICSA-24-268-04,Dover Fueling Solutions ProGauge MAGLINK LX CONSOLE,9.8,CVSS:3.1/AV:N/AC:L/PR:N/UI:N/S:U/C:H/I:H/A:H,none,yes,total
2024-09,CVE-2024-43693,ICSA-24-268-04,Dover Fueling Solutions ProGauge MAGLINK LX CONSOLE,10.0,CVSS:3.1/AV:N/AC:L/PR:N/UI:N/S:C/C:H/I:H/A:H,none,yes,total
2024-09,CVE-2024-43694,ICSA-24-270-05,goTenna Pro ATAK Plugin (Update A),4.3,CVSS:3.1/AV:P/AC:L/PR:L/UI:N/S:U/C:H/I:N/A:N,none,no,total
2024-09,CVE-2024-43781,ICSA-24-256-04,Siemens SINUMERIK Systems,5.5,CVSS:3.1/AV:L/AC:L/PR:L/UI:N/S:U/C:H/I:N/A:N/E:P/RL:O/RC:C,none,no,partial
2024-09,CVE-2024-43814,ICSA-24-270-05,goTenna Pro ATAK Plugin (Update A),4.3,CVSS:3.1/AV:A/AC:L/PR:N/UI:N/S:U/C:L/I:N/A:N,none,no,partial
2024-09,CVE-2024-44087,ICSA-24-256-06,Siemens Automation License Manager,8.6,CVSS:3.1/AV:N/AC:L/PR:N/UI:N/S:C/C:N/I:N/A:H,none,yes,partial
2024-09,CVE-2024-45032,ICSA-24-256-11,Siemens Industrial Edge Management,10.0,CVSS:3.1/AV:N/AC:L/PR:N/UI:N/S:C/C:H/I:H/A:H/E:P/RL:O/RC:C,none,yes,total
2024-09,CVE-2024-45066,ICSA-24-268-04,Dover Fueling Solutions ProGauge MAGLINK LX CONSOLE,10.0,CVSS:3.1/AV:N/AC:L/PR:N/UI:N/S:C/C:H/I:H/A:H,none,yes,total
2024-09,CVE-2024-45368,ICSA-24-256-17,AutomationDirect DirectLogic H2-DM1E,8.8,CVSS:3.1/AV:A/AC:L/PR:N/UI:N/S:U/C:H/I:H/A:H,none,no,total
2024-09,CVE-2024-45373,ICSA-24-268-04,Dover Fueling Solutions ProGauge MAGLINK LX CONSOLE,8.8,CVSS:3.1/AV:N/AC:L/PR:L/UI:N/S:U/C:H/I:H/A:H,none,no,total
2024-09,CVE-2024-45374,ICSA-24-270-05,goTenna Pro ATAK Plugin (Update A),5.3,CVSS:3.1/AV:A/AC:H/PR:N/UI:N/S:U/C:H/I:N/A:N,none,no,total
2024-09,CVE-2024-45682,ICSA-24-261-02,Millbeck Communications Proroute H685t-w,8.8,CVSS:3.1/AV:N/AC:L/PR:L/UI:N/S:U/C:H/I:H/A:H,none,no,total
2024-09,CVE-2024-45723,ICSA-24-270-05,goTenna Pro ATAK Plugin (Update A),6.5,CVSS:3.1/AV:A/AC:L/PR:N/UI:N/S:U/C:H/I:N/A:N,none,no,partial
2024-09,CVE-2024-45823,ICSA-24-256-22,Rockwell Automation FactoryTalk Batch View,8.1,CVSS:3.1/AV:N/AC:H/PR:N/UI:N/S:U/C:H/I:H/A:H,none,no,total
2024-09,CVE-2024-45824,ICSA-24-256-23,Rockwell Automation FactoryTalk View Site,9.8,CVSS:3.1/AV:N/AC:L/PR:N/UI:N/S:U/C:H/I:H/A:H,none,no,total
2024-09,CVE-2024-45825,ICSA-24-256-21,Rockwell Automation 5015-U8IHFT,7.5,CVSS:3.1/AV:N/AC:L/PR:N/UI:N/S:U/C:N/I:N/A:H,none,yes,partial
2024-09,CVE-2024-45826,ICSA-24-256-25,Rockwell Automation ThinManager,6.8,CVSS:3.1/AV:N/AC:L/PR:H/UI:R/S:U/C:H/I:H/A:H,none,no,total
2024-09,CVE-2024-45838,ICSA-24-270-05,goTenna Pro ATAK Plugin (Update A),4.3,CVSS:3.1/AV:A/AC:L/PR:N/UI:N/S:U/C:L/I:N/A:N,none,no,partial
2024-09,CVE-2024-45861,ICSA-24-263-05,Kastle Systems Access Control System,8.6,CVSS:3.1/AV:N/AC:L/PR:N/UI:N/S:C/C:H/I:N/A:N,none,yes,partial
2024-09,CVE-2024-45862,ICSA-24-263-05,Kastle Systems Access Control System,8.6,CVSS:3.1/AV:N/AC:L/PR:N/UI:N/S:C/C:H/I:N/A:N,none,yes,partial
2024-09,CVE-2024-47121,ICSA-24-270-04,goTenna Pro X and Pro X2 (Update A),5.3,CVSS:3.1/AV:A/AC:H/PR:N/UI:N/S:U/C:H/I:N/A:N,none,no,partial
2024-09,CVE-2024-47122,ICSA-24-270-04,goTenna Pro X and Pro X2 (Update A),4.3,CVSS:3.1/AV:P/AC:L/PR:L/UI:N/S:U/C:H/I:N/A:N,none,no,partial
2024-09,CVE-2024-47123,ICSA-24-270-04,goTenna Pro X and Pro X2 (Update A),5.3,CVSS:3.1/AV:A/AC:H/PR:N/UI:N/S:U/C:N/I:H/A:N,none,no,partial
2024-09,CVE-2024-47124,ICSA-24-270-04,goTenna Pro X and Pro X2 (Update A),4.3,CVSS:3.1/AV:A/AC:L/PR:N/UI:N/S:U/C:L/I:N/A:N,none,no,partial
2024-09,CVE-2024-47125,ICSA-24-270-04,goTenna Pro X and Pro X2 (Update A),8.1,CVSS:3.1/AV:A/AC:L/PR:N/UI:N/S:U/C:H/I:H/A:N,none,no,total
2024-09,CVE-2024-47126,ICSA-24-270-04,goTenna Pro X and Pro X2 (Update A),6.5,CVSS:3.1/AV:A/AC:L/PR:N/UI:N/S:U/C:H/I:N/A:N,none,no,total
2024-09,CVE-2024-47127,ICSA-24-270-04,goTenna Pro X and Pro X2 (Update A),6.5,CVSS:3.1/AV:A/AC:L/PR:N/UI:N/S:U/C:H/I:N/A:N,none,no,partial
2024-09,CVE-2024-47128,ICSA-24-270-04,goTenna Pro X and Pro X2 (Update A),4.3,CVSS:3.1/AV:A/AC:L/PR:N/UI:N/S:U/C:L/I:N/A:N,none,no,partial
2024-09,CVE-2024-47129,ICSA-24-270-04,goTenna Pro X and Pro X2 (Update A),4.3,CVSS:3.1/AV:A/AC:L/PR:N/UI:N/S:U/C:L/I:N/A:N,none,no,partial
2024-09,CVE-2024-47130,ICSA-24-270-04,goTenna Pro X and Pro X2 (Update A),9.6,CVSS:3.1/AV:A/AC:L/PR:N/UI:N/S:C/C:H/I:H/A:H,none,no,total
2024-09,CVE-2024-6077,ICSA-24-256-18,Rockwell Automation  ControlLogix/GuardLogix 5580 and CompactLogix/Compact GuardLogix 5380,7.5,CVSS:3.1/AV:N/AC:L/PR:N/UI:N/S:U/C:N/I:N/A:H,none,yes,partial
2024-09,CVE-2024-6387,ICSA-24-256-15,Siemens Industrial Products,8.1,CVSS:3.1/AV:N/AC:H/PR:N/UI:N/S:U/C:H/I:H/A:H,poc,no,total
2024-09,CVE-2024-6436,ICSA-24-254-03,Rockwell Automation SequenceManager,7.5,CVSS:3.1/AV:N/AC:L/PR:N/UI:N/S:U/C:N/I:N/A:H,none,yes,partial
2024-09,CVE-2024-6785,ICSA-24-268-05,Moxa MXview One,5.5,CVSS:3.1/AV:L/AC:L/PR:L/UI:N/S:U/C:H/I:N/A:N,none,no,partial
2024-09,CVE-2024-6786,ICSA-24-268-05,Moxa MXview One,6.5,CVSS:3.1/AV:N/AC:L/PR:L/UI:N/S:U/C:H/I:N/A:N,none,no,partial
2024-09,CVE-2024-6787,ICSA-24-268-05,Moxa MXview One,5.3,CVSS:3.1/AV:N/AC:H/PR:L/UI:N/S:U/C:N/I:H/A:N,none,no,partial
2024-09,CVE-2024-6981,ICSA-24-268-06,OMNTEC Proteus Tank Monitoring (Update A),9.8,CVSS:3.1/AV:N/AC:L/PR:N/UI:N/S:U/C:H/I:H/A:H,none,yes,total
2024-09,CVE-2024-7960,ICSA-24-256-24,Rockwell Automation Pavilion8,7.6,CVSS:3.1/AV:N/AC:L/PR:L/UI:N/S:U/C:H/I:L/A:L,none,no,total
2024-09,CVE-2024-7961,ICSA-24-256-24,Rockwell Automation Pavilion8,7.2,CVSS:3.1/AV:N/AC:L/PR:H/UI:N/S:U/C:H/I:H/A:H,none,no,total
2024-09,CVE-2024-8110,ICSA-24-261-03,Yokogawa Dual-redundant Platform for Computer (PC2CKM),7.5,CVSS:3.1/AV:N/AC:L/PR:N/UI:N/S:U/C:N/I:N/A:H,none,yes,partial
2024-09,CVE-2024-8232,ICSA-24-254-02,iniNet Solutions SpiderControl SCADA Web Server,7.5,CVSS:3.1/AV:N/AC:L/PR:N/UI:N/S:U/C:N/I:H/A:N,none,yes,partial
2024-09,CVE-2024-8306,ICSA-25-014-02,Schneider Electric Vijeo Designer and EcoStruxureâ„¢ Machine Expert (Update A),7.8,CVSS:3.1/AV:L/AC:L/PR:L/UI:N/S:U/C:H/I:H/A:H,none,no,total
2024-09,CVE-2024-8310,ICSA-24-268-01,OPW Fuel Management Systems SiteSentinel,9.8,CVSS:3.1/AV:N/AC:L/PR:N/UI:N/S:U/C:H/I:H/A:H,none,yes,total
2024-09,CVE-2024-8497,ICSA-24-268-03,Franklin Fueling Systems TS-550 EVO,7.5,CVSS:3.1/AV:N/AC:L/PR:N/UI:N/S:U/C:H/I:N/A:N,none,yes,total
2024-09,CVE-2024-8533,ICSA-24-256-19,Rockwell Automation OptixPanel,7.5,CVSS:3.1/AV:N/AC:H/PR:N/UI:R/S:U/C:H/I:H/A:H,none,no,total
2024-09,CVE-2024-8630,ICSA-24-268-02,Alisonic Sibylla,9.4,CVSS:3.1/AV:N/AC:L/PR:N/UI:N/S:U/C:H/I:H/A:L,none,yes,total
2024-09,CVE-2024-9166,ICSA-24-270-03,Atelmo Atemio AM 520 HD Full HD Satellite Receiver,9.8,CVSS:3.1/AV:N/AC:L/PR:N/UI:N/S:U/C:H/I:H/A:H,none,yes,total
2024-10,CVE-2019-18276,ICSA-24-284-16,Rockwell Automation DataMosaix Private Cloud,7.8,CVSS:3.1/AV:L/AC:L/PR:L/UI:N/S:U/C:H/I:H/A:H,poc,no,total
2024-10,CVE-2019-9923,ICSA-24-284-16,Rockwell Automation DataMosaix Private Cloud,7.5,CVSS:3.1/AV:N/AC:L/PR:N/UI:N/S:U/C:N/I:N/A:H,poc,yes,partial
2024-10,CVE-2023-45857,ICSA-24-277-02,Subnet Solutions Inc. PowerSYSTEM Center,6.5,CVSS:3.1/AV:N/AC:L/PR:N/UI:R/S:U/C:H/I:N/A:N,poc,yes,partial
2024-10,CVE-2023-46344,ICSA-24-303-02,Solar-Log Base 15,5.4,CVSS:3.1/AV:N/AC:L/PR:L/UI:R/S:C/C:L/I:L/A:N,poc,no,partial
2024-10,CVE-2023-52952,ICSA-24-284-08,Siemens HiMed Cockpit,8.5,CVSS:3.1/AV:L/AC:L/PR:N/UI:N/S:C/C:L/I:L/A:H/E:P/RL:O/RC:C,none,no,partial
2024-10,CVE-2023-6874,ICSA-24-284-12,Siemens Sentron Powercenter 1000,7.5,CVSS:3.1/AV:N/AC:L/PR:N/UI:N/S:U/C:N/I:N/A:H,none,yes,partial
2024-10,CVE-2024-0727,ICSA-24-275-02,Mitsubishi Electric MELSEC iQ-F FX5-OPC,7.5,CVSS:3.1/AV:N/AC:L/PR:N/UI:N/S:U/C:N/I:N/A:H,none,no,partial
2024-10,CVE-2024-10313,ICSA-24-298-02,iniNet Solutions SpiderControl SCADA PC HMI Editor,8.0,CVSS:3.1/AV:N/AC:L/PR:L/UI:R/S:U/C:H/I:H/A:H,none,no,total
2024-10,CVE-2024-10386,ICSA-24-305-01,Rockwell Automation FactoryTalk ThinManager,9.8,CVSS:3.1/AV:N/AC:L/PR:N/UI:N/S:U/C:H/I:H/A:H,none,yes,total
2024-10,CVE-2024-10387,ICSA-24-305-01,Rockwell Automation FactoryTalk ThinManager,7.5,CVSS:3.1/AV:N/AC:L/PR:N/UI:N/S:U/C:N/I:N/A:H,none,yes,partial
2024-10,CVE-2024-10456,ICSA-24-303-03,Delta Electronics InfraSuite Device Master,9.8,CVSS:3.1/AV:N/AC:L/PR:N/UI:N/S:U/C:H/I:H/A:H,none,yes,total
2024-10,CVE-2024-2398,ICSA-24-319-16,Hitachi Energy MSM (Update A),8.6,CVSS:3.1/AV:N/AC:L/PR:N/UI:N/S:U/C:H/I:L/A:L,none,yes,partial
2024-10,CVE-2024-3506,ICSA-24-289-01,Siemens Siveillance Video Camera,6.7,CVSS:3.1/AV:A/AC:H/PR:N/UI:R/S:U/C:H/I:H/A:L,none,no,total
2024-10,CVE-2024-37996,ICSA-24-284-03,Siemens Teamcenter Visualization and JT2Go,3.3,CVSS:3.1/AV:L/AC:L/PR:N/UI:R/S:U/C:N/I:N/A:L,none,no,partial
2024-10,CVE-2024-37997,ICSA-24-284-03,Siemens Teamcenter Visualization and JT2Go,7.8,CVSS:3.1/AV:L/AC:L/PR:N/UI:R/S:U/C:H/I:H/A:H,none,no,total
2024-10,CVE-2024-41717,ICSA-24-291-05,Kieback&Peter DDC4000 Series,9.8,CVSS:3.1/AV:N/AC:L/PR:N/UI:N/S:U/C:H/I:H/A:H,none,no,total
2024-10,CVE-2024-41798,ICSA-24-284-04,Siemens SENTRON PAC3200 Devices,9.8,CVSS:3.1/AV:N/AC:L/PR:N/UI:N/S:U/C:H/I:H/A:H,none,yes,total
2024-10,CVE-2024-41902,ICSA-24-284-07,Siemens JT2Go,7.8,CVSS:3.1/AV:L/AC:L/PR:N/UI:R/S:U/C:H/I:H/A:H,none,no,total
2024-10,CVE-2024-41925,ICSA-24-275-01,Optigo Networks ONS-S8 - Spectra Aggregation Switch,9.8,CVSS:3.1/AV:N/AC:L/PR:N/UI:N/S:U/C:H/I:H/A:H,none,yes,total
2024-10,CVE-2024-41981,ICSA-24-284-02,Siemens Simcenter Nastran,7.8,CVSS:3.1/AV:L/AC:L/PR:N/UI:R/S:U/C:H/I:H/A:H,none,no,total
2024-10,CVE-2024-41987,ICSA-24-277-01,TEM Opera Plus FM Family Transmitter,9.6,CVSS:3.1/AV:N/AC:L/PR:N/UI:R/S:C/C:H/I:H/A:H,none,no,partial
2024-10,CVE-2024-41988,ICSA-24-277-01,TEM Opera Plus FM Family Transmitter,9.8,CVSS:3.1/AV:N/AC:L/PR:N/UI:N/S:U/C:H/I:H/A:H,none,no,total
2024-10,CVE-2024-42417,ICSA-24-277-03,Delta Electronics DIAEnergie,8.8,CVSS:3.1/AV:N/AC:L/PR:L/UI:N/S:U/C:H/I:H/A:H,none,no,total
2024-10,CVE-2024-43698,ICSA-24-291-05,Kieback&Peter DDC4000 Series,9.8,CVSS:3.1/AV:N/AC:L/PR:N/UI:N/S:U/C:H/I:H/A:H,none,no,total
2024-10,CVE-2024-43699,ICSA-24-277-03,Delta Electronics DIAEnergie,9.8,CVSS:3.1/AV:N/AC:L/PR:N/UI:N/S:U/C:H/I:H/A:H,none,yes,total
2024-10,CVE-2024-43812,ICSA-24-291-05,Kieback&Peter DDC4000 Series,8.4,CVSS:3.1/AV:L/AC:L/PR:N/UI:N/S:U/C:H/I:H/A:H,none,no,total
2024-10,CVE-2024-4465,ICSA-24-284-11,Siemens RUGGEDCOM APE1808,6.0,CVSS:3.1/AV:N/AC:H/PR:L/UI:N/S:C/C:L/I:L/A:L,none,no,partial
2024-10,CVE-2024-45181,ICSA-24-284-09,Siemens PSS SINCAL,8.8,CVSS:3.1/AV:L/AC:L/PR:L/UI:N/S:C/C:H/I:H/A:H,none,no,total
2024-10,CVE-2024-45182,ICSA-24-284-09,Siemens PSS SINCAL,6.5,CVSS:3.1/AV:L/AC:L/PR:L/UI:N/S:C/C:N/I:N/A:H,none,no,partial
2024-10,CVE-2024-45367,ICSA-24-275-01,Optigo Networks ONS-S8 - Spectra Aggregation Switch,9.1,CVSS:3.1/AV:N/AC:L/PR:N/UI:N/S:U/C:H/I:H/A:N,none,yes,total
2024-10,CVE-2024-45463,ICSA-24-284-13,Siemens Tecnomatix Plant Simulation,7.8,CVSS:3.1/AV:L/AC:L/PR:N/UI:R/S:U/C:H/I:H/A:H,none,no,total
2024-10,CVE-2024-45464,ICSA-24-284-13,Siemens Tecnomatix Plant Simulation,7.8,CVSS:3.1/AV:L/AC:L/PR:N/UI:R/S:U/C:H/I:H/A:H,none,no,total
2024-10,CVE-2024-45465,ICSA-24-284-13,Siemens Tecnomatix Plant Simulation,7.8,CVSS:3.1/AV:L/AC:L/PR:N/UI:R/S:U/C:H/I:H/A:H,none,no,total
2024-10,CVE-2024-45466,ICSA-24-284-13,Siemens Tecnomatix Plant Simulation,7.8,CVSS:3.1/AV:L/AC:L/PR:N/UI:R/S:U/C:H/I:H/A:H,none,no,total
2024-10,CVE-2024-45467,ICSA-24-284-13,Siemens Tecnomatix Plant Simulation,7.8,CVSS:3.1/AV:L/AC:L/PR:N/UI:R/S:U/C:H/I:H/A:H,none,no,total
2024-10,CVE-2024-45468,ICSA-24-284-13,Siemens Tecnomatix Plant Simulation,7.8,CVSS:3.1/AV:L/AC:L/PR:N/UI:R/S:U/C:H/I:H/A:H,none,no,total
2024-10,CVE-2024-45469,ICSA-24-284-13,Siemens Tecnomatix Plant Simulation,7.8,CVSS:3.1/AV:L/AC:L/PR:N/UI:R/S:U/C:H/I:H/A:H,none,no,total
2024-10,CVE-2024-45470,ICSA-24-284-13,Siemens Tecnomatix Plant Simulation,7.8,CVSS:3.1/AV:L/AC:L/PR:N/UI:R/S:U/C:H/I:H/A:H,none,no,total
2024-10,CVE-2024-45471,ICSA-24-284-13,Siemens Tecnomatix Plant Simulation,7.8,CVSS:3.1/AV:L/AC:L/PR:N/UI:R/S:U/C:H/I:H/A:H,none,no,total
2024-10,CVE-2024-45472,ICSA-24-284-13,Siemens Tecnomatix Plant Simulation,7.8,CVSS:3.1/AV:L/AC:L/PR:N/UI:R/S:U/C:H/I:H/A:H,none,no,total
2024-10,CVE-2024-45473,ICSA-24-284-13,Siemens Tecnomatix Plant Simulation,7.8,CVSS:3.1/AV:L/AC:L/PR:N/UI:R/S:U/C:H/I:H/A:H,none,no,total
2024-10,CVE-2024-45474,ICSA-24-284-13,Siemens Tecnomatix Plant Simulation,7.8,CVSS:3.1/AV:L/AC:L/PR:N/UI:R/S:U/C:H/I:H/A:H,none,no,total
2024-10,CVE-2024-45475,ICSA-24-284-13,Siemens Tecnomatix Plant Simulation,7.8,CVSS:3.1/AV:L/AC:L/PR:N/UI:R/S:U/C:H/I:H/A:H,none,no,total
2024-10,CVE-2024-45476,ICSA-24-284-13,Siemens Tecnomatix Plant Simulation,3.3,CVSS:3.1/AV:L/AC:L/PR:N/UI:R/S:U/C:N/I:N/A:L,none,no,partial
2024-10,CVE-2024-46886,ICSA-24-284-01,Siemens SIMATIC S7-1500 and S7-1200 CPUs,4.7,CVSS:3.1/AV:N/AC:L/PR:N/UI:R/S:C/C:N/I:L/A:N,none,no,partial
2024-10,CVE-2024-46887,ICSA-24-284-10,Siemens SIMATIC S7-1500 CPUs,5.3,CVSS:3.1/AV:N/AC:L/PR:N/UI:N/S:U/C:L/I:N/A:N,none,yes,partial
2024-10,CVE-2024-47046,ICSA-24-284-02,Siemens Simcenter Nastran,7.8,CVSS:3.1/AV:L/AC:L/PR:N/UI:R/S:U/C:H/I:H/A:H,none,no,total
2024-10,CVE-2024-47194,ICSA-24-284-05,Siemens Questa and ModelSim,6.7,CVSS:3.1/AV:L/AC:H/PR:L/UI:R/S:U/C:H/I:H/A:H,none,no,total
2024-10,CVE-2024-47195,ICSA-24-284-05,Siemens Questa and ModelSim,6.7,CVSS:3.1/AV:L/AC:H/PR:L/UI:R/S:U/C:H/I:H/A:H,none,no,total
2024-10,CVE-2024-47196,ICSA-24-284-05,Siemens Questa and ModelSim,6.7,CVSS:3.1/AV:L/AC:H/PR:L/UI:R/S:U/C:H/I:H/A:H,none,no,total
2024-10,CVE-2024-47553,ICSA-24-284-06,Siemens SINEC Security Monitor,9.9,CVSS:3.1/AV:N/AC:L/PR:L/UI:N/S:C/C:H/I:H/A:H/E:P/RL:O/RC:C,none,no,total
2024-10,CVE-2024-47562,ICSA-24-284-06,Siemens SINEC Security Monitor,8.8,CVSS:3.1/AV:L/AC:L/PR:L/UI:N/S:C/C:H/I:H/A:H/E:P/RL:O/RC:C,none,no,total
2024-10,CVE-2024-47563,ICSA-24-284-06,Siemens SINEC Security Monitor,5.3,CVSS:3.1/AV:N/AC:L/PR:N/UI:N/S:U/C:N/I:L/A:N/E:P/RL:O/RC:C,none,yes,partial
2024-10,CVE-2024-47565,ICSA-24-284-06,Siemens SINEC Security Monitor,4.3,CVSS:3.1/AV:N/AC:L/PR:L/UI:N/S:U/C:N/I:L/A:N/E:P/RL:O/RC:C,none,no,partial
2024-10,CVE-2024-47901,ICSA-24-303-01,Siemens InterMesh Subscriber Devices,10,CVSS:3.1/AV:N/AC:L/PR:N/UI:N/S:C/C:H/I:H/A:H,none,no,total
2024-10,CVE-2024-47902,ICSA-24-303-01,Siemens InterMesh Subscriber Devices,7.2,CVSS:3.1/AV:N/AC:L/PR:N/UI:N/S:C/C:L/I:L/A:N,none,no,total
2024-10,CVE-2024-47903,ICSA-24-303-01,Siemens InterMesh Subscriber Devices,5.8,CVSS:3.1/AV:N/AC:L/PR:N/UI:N/S:C/C:N/I:L/A:N,none,no,partial
2024-10,CVE-2024-47904,ICSA-24-303-01,Siemens InterMesh Subscriber Devices,7.8,CVSS:3.1/AV:L/AC:L/PR:L/UI:N/S:U/C:H/I:H/A:H,none,no,total
2024-10,CVE-2024-47962,ICSA-24-284-21,Delta Electronics CNCSoft-G2,7.8,CVSS:3.1/AV:L/AC:L/PR:N/UI:R/S:U/C:H/I:H/A:H,none,no,total
2024-10,CVE-2024-47963,ICSA-24-284-21,Delta Electronics CNCSoft-G2,7.8,CVSS:3.1/AV:L/AC:L/PR:N/UI:R/S:U/C:H/I:H/A:H,none,no,total
2024-10,CVE-2024-47964,ICSA-24-284-21,Delta Electronics CNCSoft-G2,7.8,CVSS:3.1/AV:L/AC:L/PR:N/UI:R/S:U/C:H/I:H/A:H,none,no,total
2024-10,CVE-2024-47965,ICSA-24-284-21,Delta Electronics CNCSoft-G2,7.8,CVSS:3.1/AV:L/AC:L/PR:N/UI:R/S:U/C:H/I:H/A:H,none,no,total
2024-10,CVE-2024-47966,ICSA-24-284-21,Delta Electronics CNCSoft-G2,7.8,CVSS:3.1/AV:L/AC:L/PR:N/UI:R/S:U/C:H/I:H/A:H,none,no,total
2024-10,CVE-2024-49396,ICSA-24-291-01,Elvaco M-Bus Metering Gateway CMe3100 (Update A),7.5,CVSS:3.1/AV:N/AC:L/PR:N/UI:N/S:U/C:N/I:H/A:N,none,yes,partial
2024-10,CVE-2024-49397,ICSA-24-291-01,Elvaco M-Bus Metering Gateway CMe3100 (Update A),8.1,CVSS:3.1/AV:N/AC:H/PR:N/UI:N/S:U/C:H/I:H/A:H,none,no,total
2024-10,CVE-2024-49398,ICSA-24-291-01,Elvaco M-Bus Metering Gateway CMe3100 (Update A),9.1,CVSS:3.1/AV:N/AC:L/PR:N/UI:N/S:U/C:N/I:H/A:H,none,yes,partial
2024-10,CVE-2024-49399,ICSA-24-291-01,Elvaco M-Bus Metering Gateway CMe3100 (Update A),7.5,CVSS:3.1/AV:N/AC:L/PR:N/UI:N/S:U/C:H/I:N/A:N,none,yes,partial
2024-10,CVE-2024-5947,ICSA-24-298-03,Deep Sea Electronics DSE855,6.5,CVSS:3.1/AV:A/AC:L/PR:N/UI:N/S:U/C:H/I:N/A:N,none,no,partial
2024-10,CVE-2024-6207,ICSA-24-284-20,Rockwell Automation ControlLogix,7.5,CVSS:3.1/AV:N/AC:L/PR:N/UI:N/S:U/C:N/I:N/A:H,none,yes,partial
2024-10,CVE-2024-7316,ICSA-24-291-03,Mitsubishi Electric CNC Series (Update D),5.9,CVSS:3.1/AV:N/AC:H/PR:N/UI:N/S:U/C:N/I:N/A:H,none,no,partial
2024-10,CVE-2024-7587,ICSA-24-296-01,Mitsubishi Electric Iconics Digital Solutions and Mitsubishi Electric Products (Update C),7.8,CVSS:3.1/AV:L/AC:L/PR:L/UI:N/S:U/C:H/I:H/A:H,none,no,total
2024-10,CVE-2024-7755,ICSA-24-291-04,HMS Networks EWON FLEXY 202,8.2,CVSS:3.1/AV:N/AC:L/PR:N/UI:R/S:C/C:H/I:L/A:N,none,no,partial
2024-10,CVE-2024-8070,ICSA-25-023-03,Schneider Electric EVlink Home Smart and Schneider Charge,8.5,CVSS:3.1/AV:L/AC:L/PR:N/UI:N/S:C/C:H/I:L/A:L,none,no,partial
2024-10,CVE-2024-8422,ICSA-24-284-14,Schneider Electric Zelio Soft 2,7.8,CVSS:3.1/AV:L/AC:L/PR:N/UI:R/S:U/C:H/I:H/A:H,none,no,total
2024-10,CVE-2024-8518,ICSA-24-284-14,Schneider Electric Zelio Soft 2,3.3,CVSS:3.1/AV:L/AC:L/PR:N/UI:R/S:U/C:N/I:N/A:L,none,no,partial
2024-10,CVE-2024-8530,ICSA-24-289-02,Schneider Electric Data Center Expert,5.9,CVSS:3.1/AV:N/AC:H/PR:N/UI:N/S:U/C:H/I:N/A:N,none,no,partial
2024-10,CVE-2024-8531,ICSA-24-289-02,Schneider Electric Data Center Expert,7.2,CVSS:3.1/AV:N/AC:L/PR:H/UI:N/S:U/C:H/I:H/A:H,none,no,total
2024-10,CVE-2024-8626,ICSA-24-284-18,Rockwell Automation Logix Controllers,8.6,CVSS:3.1/AV:N/AC:L/PR:N/UI:N/S:C/C:N/I:N/A:H,none,yes,partial
2024-10,CVE-2024-8884,ICSA-25-030-03,Schneider Electric System Monitor Application in Harmony and Pro-face PS5000 Legacy Industrial PCs,9.8,CVSS:3.1/AV:N/AC:L/PR:N/UI:N/S:U/C:H/I:H/A:H,none,yes,total
2024-10,CVE-2024-9002,ICSA-25-023-04,Schneider Electric Easergy Studio,7.8,CVSS:3.1/AV:L/AC:L/PR:L/UI:N/S:U/C:H/I:H/A:H,none,no,total
2024-10,CVE-2024-9005,ICSA-25-037-01,Schneider Electric EcoStruxure Power Monitoring Expert (PME) (Update B),7.1,CVSS:3.1/AV:N/AC:H/PR:L/UI:R/S:U/C:H/I:H/A:H,none,yes,total
2024-10,CVE-2024-9124,ICSA-24-284-19,Rockwell Automation PowerFlex 6000T,7.5,CVSS:3.1/AV:N/AC:L/PR:N/UI:N/S:U/C:N/I:N/A:H,none,yes,partial
2024-10,CVE-2024-9412,ICSA-24-284-17,Rockwell Automation Verve Asset Manager,6.8,CVSS:3.1/AV:N/AC:L/PR:H/UI:R/S:U/C:H/I:H/A:H,none,no,total
2024-10,CVE-2024-9414,ICSA-24-291-02,LCDS LAquis SCADA,7.1,CVSS:3.1/AV:N/AC:L/PR:N/UI:R/S:U/C:H/I:L/A:N,none,no,partial
2024-10,CVE-2024-9692,ICSA-24-298-01,VIMESA VHF/FM Transmitter Blue Plus,5.3,CVSS:3.1/AV:N/AC:L/PR:N/UI:N/S:U/C:N/I:N/A:L,none,yes,partial
2024-11,CVE-2023-28450,ICSA-24-319-06,Siemens SCALANCE M-800 Family,7.5,CVSS:3.1/AV:N/AC:L/PR:N/UI:N/S:U/C:N/I:N/A:H/E:P/RL:O/RC:C,none,yes,partial
2024-11,CVE-2023-2975,ICSA-24-319-08,Siemens SINEC INS,5.3,CVSS:3.1/AV:N/AC:L/PR:N/UI:N/S:U/C:N/I:L/A:N/E:P/RL:O/RC:C,none,yes,partial
2024-11,CVE-2023-32002,ICSA-24-319-08,Siemens SINEC INS,9.8,CVSS:3.1/AV:N/AC:L/PR:N/UI:N/S:U/C:H/I:H/A:H/E:P/RL:O/RC:C,none,yes,total
2024-11,CVE-2023-32003,ICSA-24-319-08,Siemens SINEC INS,5.3,CVSS:3.1/AV:N/AC:L/PR:N/UI:N/S:U/C:N/I:L/A:N/E:P/RL:O/RC:C,none,yes,partial
2024-11,CVE-2023-32004,ICSA-24-319-08,Siemens SINEC INS,8.8,CVSS:3.1/AV:N/AC:L/PR:L/UI:N/S:U/C:H/I:H/A:H/E:P/RL:O/RC:C,none,no,total
2024-11,CVE-2023-32005,ICSA-24-319-08,Siemens SINEC INS,5.3,CVSS:3.1/AV:N/AC:L/PR:N/UI:N/S:U/C:L/I:N/A:N/E:P/RL:O/RC:C,poc,yes,partial
2024-11,CVE-2023-32006,ICSA-24-319-08,Siemens SINEC INS,8.8,CVSS:3.1/AV:N/AC:L/PR:L/UI:N/S:U/C:H/I:H/A:H/E:P/RL:O/RC:C,none,no,total
2024-11,CVE-2023-32559,ICSA-24-319-08,Siemens SINEC INS,7.5,CVSS:3.1/AV:N/AC:H/PR:L/UI:N/S:U/C:H/I:H/A:H/E:P/RL:O/RC:C,none,no,total
2024-11,CVE-2023-32736,ICSA-24-319-07,Siemens Engineering Platforms,7.3,CVSS:3.1/AV:L/AC:L/PR:L/UI:R/S:U/C:H/I:H/A:H/E:P/RL:O/RC:C,none,no,total
2024-11,CVE-2023-3341,ICSA-24-319-08,Siemens SINEC INS,7.5,CVSS:3.1/AV:N/AC:L/PR:N/UI:N/S:U/C:N/I:N/A:H,none,yes,partial
2024-11,CVE-2023-3446,ICSA-24-319-08,Siemens SINEC INS,5.3,CVSS:3.1/AV:N/AC:L/PR:N/UI:N/S:U/C:N/I:N/A:L/E:P/RL:O/RC:C,none,yes,partial
2024-11,CVE-2023-3817,ICSA-24-319-08,Siemens SINEC INS,5.3,CVSS:3.1/AV:N/AC:L/PR:N/UI:N/S:U/C:N/I:N/A:L/E:P/RL:O/RC:C,none,yes,partial
2024-11,CVE-2023-38552,ICSA-24-319-08,Siemens SINEC INS,7.5,CVSS:3.1/AV:N/AC:L/PR:N/UI:N/S:U/C:N/I:H/A:N/E:P/RL:O/RC:C,none,yes,partial
2024-11,CVE-2023-38709,ICSA-24-319-04,Siemens SINEC NMS,6.1,CVSS:3.1/AV:N/AC:L/PR:N/UI:R/S:C/C:L/I:L/A:N/E:P/RL:O/RC:C,none,no,partial
2024-11,CVE-2023-39331,ICSA-24-319-08,Siemens SINEC INS,7.5,CVSS:3.1/AV:N/AC:L/PR:N/UI:N/S:U/C:N/I:H/A:N/E:P/RL:O/RC:C,none,no,total
2024-11,CVE-2023-39332,ICSA-24-319-08,Siemens SINEC INS,9.8,CVSS:3.1/AV:N/AC:L/PR:N/UI:N/S:U/C:H/I:H/A:H/E:P/RL:O/RC:C,none,yes,total
2024-11,CVE-2023-39333,ICSA-24-319-08,Siemens SINEC INS,6.1,CVSS:3.1/AV:N/AC:L/PR:N/UI:R/S:C/C:L/I:L/A:N/E:U/RL:O/RC:C,none,yes,partial
2024-11,CVE-2023-4408,ICSA-24-319-08,Siemens SINEC INS,7.5,CVSS:3.1/AV:N/AC:L/PR:N/UI:N/S:U/C:N/I:N/A:H,none,no,partial
2024-11,CVE-2023-44487,ICSA-24-319-08,Siemens SINEC INS,7.5,CVSS:3.1/AV:N/AC:L/PR:N/UI:N/S:U/C:N/I:N/A:H/E:P/RL:O/RC:C,active,yes,partial
2024-11,CVE-2023-45143,ICSA-24-319-08,Siemens SINEC INS,3.9,CVSS:3.1/AV:N/AC:H/PR:H/UI:R/S:U/C:L/I:L/A:L/E:P/RL:O/RC:C,none,no,partial
2024-11,CVE-2023-46218,ICSA-24-319-04,Siemens SINEC NMS,6.5,CVSS:3.1/AV:N/AC:L/PR:N/UI:N/S:U/C:L/I:L/A:N/E:P/RL:O/RC:C,poc,yes,partial
2024-11,CVE-2023-46219,ICSA-24-319-04,Siemens SINEC NMS,5.3,CVSS:3.1/AV:N/AC:L/PR:N/UI:N/S:U/C:N/I:L/A:N/E:P/RL:O/RC:C,poc,yes,partial
2024-11,CVE-2023-46280,ICSA-24-319-04,Siemens SINEC NMS,6.5,CVSS:3.1/AV:L/AC:L/PR:L/UI:N/S:C/C:N/I:N/A:H/E:P/RL:O/RC:C,none,no,partial
2024-11,CVE-2023-46809,ICSA-24-319-08,Siemens SINEC INS,7.4,CVSS:3.1/AV:N/AC:H/PR:N/UI:N/S:U/C:H/I:H/A:N,none,no,total
2024-11,CVE-2023-47038,ICSA-24-319-08,Siemens SINEC INS,7.0,CVSS:3.1/AV:L/AC:H/PR:L/UI:N/S:U/C:H/I:H/A:H,none,no,total
2024-11,CVE-2023-47039,ICSA-24-319-08,Siemens SINEC INS,7.8,CVSS:3.1/AV:L/AC:L/PR:L/UI:N/S:U/C:H/I:H/A:H,none,no,total
2024-11,CVE-2023-4807,ICSA-24-319-04,Siemens SINEC NMS,7.8,CVSS:3.1/AV:L/AC:L/PR:L/UI:N/S:U/C:H/I:H/A:H/E:P/RL:O/RC:C,none,no,total
2024-11,CVE-2023-48795,ICSA-24-319-08,Siemens SINEC INS,5.9,CVSS:3.1/AV:N/AC:H/PR:N/UI:N/S:U/C:N/I:H/A:N/E:P/RL:O/RC:C,poc,no,partial
2024-11,CVE-2023-50387,ICSA-24-319-08,Siemens SINEC INS,7.5,CVSS:3.1/AV:N/AC:L/PR:N/UI:N/S:U/C:N/I:N/A:H,none,yes,partial
2024-11,CVE-2023-50868,ICSA-24-319-08,Siemens SINEC INS,7.5,CVSS:3.1/AV:N/AC:L/PR:N/UI:N/S:U/C:N/I:N/A:H,none,yes,partial
2024-11,CVE-2023-52389,ICSA-24-319-08,Siemens SINEC INS,9.8,CVSS:3.1/AV:N/AC:L/PR:N/UI:N/S:U/C:H/I:H/A:H,none,yes,total
2024-11,CVE-2023-5363,ICSA-24-319-04,Siemens SINEC NMS,7.5,CVSS:3.1/AV:N/AC:L/PR:N/UI:N/S:U/C:H/I:N/A:N/E:P/RL:O/RC:C,none,yes,partial
2024-11,CVE-2023-5517,ICSA-24-319-08,Siemens SINEC INS,7.5,CVSS:3.1/AV:N/AC:L/PR:N/UI:N/S:U/C:N/I:N/A:H,none,yes,partial
2024-11,CVE-2023-5678,ICSA-24-319-04,Siemens SINEC NMS,5.3,CVSS:3.1/AV:N/AC:L/PR:N/UI:N/S:U/C:N/I:N/A:L/E:P/RL:O/RC:C,none,yes,partial
2024-11,CVE-2023-5679,ICSA-24-319-08,Siemens SINEC INS,7.5,CVSS:3.1/AV:N/AC:L/PR:N/UI:N/S:U/C:N/I:N/A:H,none,no,partial
2024-11,CVE-2023-5680,ICSA-24-319-08,Siemens SINEC INS,7.5,CVSS:3.1/AV:N/AC:L/PR:N/UI:N/S:U/C:N/I:N/A:H,none,no,partial
2024-11,CVE-2023-6129,ICSA-24-319-04,Siemens SINEC NMS,6.5,CVSS:3.1/AV:N/AC:H/PR:N/UI:N/S:U/C:N/I:L/A:H/E:P/RL:O/RC:C,none,no,partial
2024-11,CVE-2023-6237,ICSA-24-319-04,Siemens SINEC NMS,5.9,CVSS:3.1/AV:N/AC:H/PR:N/UI:N/S:U/C:N/I:N/A:H/E:P/RL:O/RC:C,none,no,partial
2024-11,CVE-2023-6516,ICSA-24-319-08,Siemens SINEC INS,7.5,CVSS:3.1/AV:N/AC:L/PR:N/UI:N/S:U/C:N/I:N/A:H,none,yes,partial
2024-11,CVE-2023-7104,ICSA-24-319-01,Siemens RUGGEDCOM CROSSBOW,5.5,CVSS:3.1/AV:A/AC:L/PR:L/UI:N/S:U/C:L/I:L/A:L/E:P/RL:O/RC:C,poc,no,partial
2024-11,CVE-2024-0012,ICSA-24-338-02,Siemens RUGGEDCOM APE1808,10.0,CVSS:3.1/AV:N/AC:L/PR:N/UI:N/S:C/C:H/I:H/A:H,active,yes,total
2024-11,CVE-2024-0232,ICSA-24-319-01,Siemens RUGGEDCOM CROSSBOW,4.7,CVSS:3.1/AV:L/AC:H/PR:N/UI:R/S:U/C:N/I:N/A:H/E:P/RL:O/RC:C,none,no,partial
2024-11,CVE-2024-0727,ICSA-24-319-04,Siemens SINEC NMS,5.5,CVSS:3.1/AV:L/AC:L/PR:N/UI:R/S:U/C:N/I:N/A:H,none,no,partial
2024-11,CVE-2024-10575,ICSA-24-326-05,Schneider Electric EcoStruxure IT Gateway,9.8,CVSS:3.1/AV:N/AC:L/PR:N/UI:N/S:U/C:H/I:H/A:H,none,yes,total
2024-11,CVE-2024-10943,ICSA-24-319-14,Rockwell Automation FactoryTalk Updater (Update A),9.1,CVSS:3.1/AV:N/AC:L/PR:N/UI:N/S:U/C:H/I:H/A:N,none,yes,total
2024-11,CVE-2024-10944,ICSA-24-319-14,Rockwell Automation FactoryTalk Updater (Update A),8.4,CVSS:3.1/AV:N/AC:L/PR:H/UI:R/S:C/C:H/I:H/A:H,none,no,total
2024-11,CVE-2024-10945,ICSA-24-319-14,Rockwell Automation FactoryTalk Updater (Update A),7.3,CVSS:3.1/AV:L/AC:L/PR:L/UI:R/S:U/C:H/I:H/A:H,none,no,total
2024-11,CVE-2024-2004,ICSA-24-319-04,Siemens SINEC NMS,5.3,CVSS:3.1/AV:L/AC:L/PR:L/UI:N/S:U/C:L/I:L/A:L/E:P/RL:O/RC:C,none,no,partial
2024-11,CVE-2024-21890,ICSA-24-319-08,Siemens SINEC INS,5.3,CVSS:3.1/AV:N/AC:L/PR:N/UI:N/S:U/C:N/I:L/A:N,none,no,partial
2024-11,CVE-2024-21891,ICSA-24-319-08,Siemens SINEC INS,5.3,CVSS:3.1/AV:N/AC:L/PR:N/UI:N/S:U/C:N/I:L/A:N,none,no,total
2024-11,CVE-2024-21892,ICSA-24-319-08,Siemens SINEC INS,7.8,CVSS:3.1/AV:L/AC:L/PR:L/UI:N/S:U/C:H/I:H/A:H,none,no,total
2024-11,CVE-2024-21896,ICSA-24-319-08,Siemens SINEC INS,7.9,CVSS:3.1/AV:L/AC:L/PR:L/UI:R/S:C/C:H/I:H/A:N,none,no,total
2024-11,CVE-2024-22017,ICSA-24-319-08,Siemens SINEC INS,7.3,CVSS:3.0/AV:L/AC:L/PR:H/UI:N/S:C/C:L/I:H/A:L,none,no,total
2024-11,CVE-2024-22019,ICSA-24-319-08,Siemens SINEC INS,7.5,CVSS:3.0/AV:N/AC:L/PR:N/UI:N/S:U/C:N/I:N/A:H,none,yes,partial
2024-11,CVE-2024-22025,ICSA-24-319-08,Siemens SINEC INS,5.3,CVSS:3.1/AV:N/AC:L/PR:N/UI:N/S:U/C:N/I:N/A:L,none,no,partial
2024-11,CVE-2024-2379,ICSA-24-319-04,Siemens SINEC NMS,4.3,CVSS:3.1/AV:N/AC:L/PR:L/UI:N/S:U/C:N/I:L/A:N/E:P/RL:O/RC:C,none,no,partial
2024-11,CVE-2024-2398,ICSA-24-319-04,Siemens SINEC NMS,7.5,CVSS:3.1/AV:N/AC:L/PR:N/UI:N/S:U/C:N/I:N/A:H/E:P/RL:O/RC:C,none,yes,partial
2024-11,CVE-2024-2466,ICSA-24-319-04,Siemens SINEC NMS,7.1,CVSS:3.1/AV:N/AC:L/PR:L/UI:N/S:U/C:L/I:H/A:N/E:P/RL:O/RC:C,poc,no,partial
2024-11,CVE-2024-24758,ICSA-24-319-08,Siemens SINEC INS,3.9,CVSS:3.1/AV:N/AC:H/PR:H/UI:R/S:U/C:L/I:L/A:L,none,no,partial
2024-11,CVE-2024-24795,ICSA-24-319-04,Siemens SINEC NMS,6.1,CVSS:3.1/AV:N/AC:L/PR:N/UI:R/S:C/C:L/I:L/A:N,none,no,partial
2024-11,CVE-2024-24806,ICSA-24-319-08,Siemens SINEC INS,7.3,CVSS:3.1/AV:N/AC:L/PR:N/UI:N/S:U/C:L/I:L/A:L,poc,no,partial
2024-11,CVE-2024-2511,ICSA-24-319-06,Siemens SCALANCE M-800 Family,3.7,CVSS:3.1/AV:N/AC:H/PR:N/UI:N/S:U/C:N/I:N/A:L/E:P/RL:O/RC:C,none,no,partial
2024-11,CVE-2024-2550,ICSA-24-338-02,Siemens RUGGEDCOM APE1808,7.5,CVSS:3.1/AV:N/AC:L/PR:N/UI:N/S:U/C:N/I:N/A:H,none,yes,partial
2024-11,CVE-2024-2552,ICSA-24-338-02,Siemens RUGGEDCOM APE1808,6.0,CVSS:3.1/AV:L/AC:L/PR:H/UI:N/S:U/C:N/I:H/A:H,none,no,partial
2024-11,CVE-2024-26306,ICSA-24-319-06,Siemens SCALANCE M-800 Family,5.9,CVSS:3.1/AV:N/AC:H/PR:N/UI:N/S:U/C:H/I:N/A:N,none,no,partial
2024-11,CVE-2024-26925,ICSA-24-319-06,Siemens SCALANCE M-800 Family,5.5,CVSS:3.1/AV:L/AC:L/PR:L/UI:N/S:U/C:N/I:N/A:H/E:U/RL:O/RC:C,none,no,partial
2024-11,CVE-2024-27316,ICSA-24-319-04,Siemens SINEC NMS,7.5,CVSS:3.1/AV:N/AC:L/PR:N/UI:N/S:U/C:N/I:N/A:H/E:P/RL:O/RC:C,none,yes,partial
2024-11,CVE-2024-27982,ICSA-24-319-08,Siemens SINEC INS,6.1,CVSS:3.1/AV:N/AC:L/PR:N/UI:R/S:C/C:L/I:L/A:N,none,yes,partial
2024-11,CVE-2024-27983,ICSA-24-319-08,Siemens SINEC INS,7.5,CVSS:3.1/AV:N/AC:L/PR:N/UI:N/S:U/C:N/I:N/A:H,none,yes,partial
2024-11,CVE-2024-28882,ICSA-24-319-06,Siemens SCALANCE M-800 Family,6.5,CVSS:3.1/AV:N/AC:L/PR:L/UI:N/S:U/C:N/I:H/A:N/E:U/RL:O/RC:C,none,no,partial
2024-11,CVE-2024-29119,ICSA-24-319-09,Siemens Spectrum Power 7,7.8,CVSS:3.1/AV:L/AC:L/PR:L/UI:N/S:U/C:H/I:H/A:H,none,no,total
2024-11,CVE-2024-36140,ICSA-24-319-03,Siemens OZW672 and OZW772 Web Server,6.8,CVSS:3.1/AV:N/AC:L/PR:L/UI:R/S:C/C:N/I:H/A:N,none,no,partial
2024-11,CVE-2024-37287,ICSA-24-319-13,Rockwell Automation Verve Reporting (Update A),7.2,CVSS:3.1/AV:N/AC:L/PR:H/UI:N/S:U/C:H/I:H/A:H,none,no,total
2024-11,CVE-2024-37365,ICSA-24-317-03,Rockwell Automation FactoryTalk View ME,7.3,CVSS:3.1/AV:L/AC:L/PR:L/UI:R/S:U/C:H/I:H/A:H,none,no,total
2024-11,CVE-2024-39354,ICSA-24-312-02,Delta Electronics DIAScreen,7.8,CVSS:3.1/AV:L/AC:L/PR:N/UI:R/S:U/C:H/I:H/A:H,none,no,total
2024-11,CVE-2024-39605,ICSA-24-312-02,Delta Electronics DIAScreen,7.8,CVSS:3.1/AV:L/AC:L/PR:N/UI:R/S:U/C:H/I:H/A:H,none,no,total
2024-11,CVE-2024-41153,ICSA-24-317-02,Hitachi Energy TRO600,7.2,CVSS:3.1/AV:N/AC:L/PR:H/UI:N/S:U/C:H/I:H/A:H,none,no,total
2024-11,CVE-2024-41156,ICSA-24-317-02,Hitachi Energy TRO600,2.7,CVSS:3.1/AV:N/AC:L/PR:H/UI:N/S:U/C:L/I:N/A:N,none,no,partial
2024-11,CVE-2024-44102,ICSA-24-319-10,Siemens TeleControl Server,10.0,CVSS:3.1/AV:N/AC:L/PR:N/UI:N/S:C/C:H/I:H/A:H/E:P/RL:O/RC:C,none,yes,total
2024-11,CVE-2024-45369,ICSA-24-326-07,mySCADA myPRO Manager,8.1,CVSS:3.1/AV:N/AC:H/PR:N/UI:N/S:U/C:H/I:H/A:H,none,no,total
2024-11,CVE-2024-45490,ICSA-24-317-01,Subnet Solutions PowerSYSTEM Center,9.8,CVSS:3.1/AV:N/AC:L/PR:N/UI:N/S:U/C:H/I:H/A:H,none,yes,total
2024-11,CVE-2024-45491,ICSA-24-317-01,Subnet Solutions PowerSYSTEM Center,9.8,CVSS:3.1/AV:N/AC:L/PR:N/UI:N/S:U/C:H/I:H/A:H,none,yes,partial
2024-11,CVE-2024-45492,ICSA-24-317-01,Subnet Solutions PowerSYSTEM Center,9.8,CVSS:3.1/AV:N/AC:L/PR:N/UI:N/S:U/C:H/I:H/A:H,none,yes,partial
2024-11,CVE-2024-4603,ICSA-24-319-06,Siemens SCALANCE M-800 Family,5.3,CVSS:3.1/AV:N/AC:L/PR:N/UI:N/S:U/C:N/I:N/A:L,none,yes,partial
2024-11,CVE-2024-46888,ICSA-24-319-08,Siemens SINEC INS,9.9,CVSS:3.1/AV:N/AC:L/PR:L/UI:N/S:C/C:H/I:H/A:H/E:P/RL:O/RC:C,none,no,partial
2024-11,CVE-2024-46889,ICSA-24-319-08,Siemens SINEC INS,5.3,CVSS:3.1/AV:N/AC:L/PR:N/UI:N/S:U/C:L/I:N/A:N/E:P/RL:O/RC:C,none,yes,partial
2024-11,CVE-2024-46890,ICSA-24-319-08,Siemens SINEC INS,9.1,CVSS:3.1/AV:N/AC:L/PR:H/UI:N/S:C/C:H/I:H/A:H/E:P/RL:O/RC:C,none,no,partial
2024-11,CVE-2024-46891,ICSA-24-319-08,Siemens SINEC INS,5.3,CVSS:3.1/AV:N/AC:L/PR:N/UI:N/S:U/C:N/I:N/A:L/E:P/RL:O/RC:C,none,yes,partial
2024-11,CVE-2024-46892,ICSA-24-319-08,Siemens SINEC INS,4.9,CVSS:3.1/AV:N/AC:L/PR:H/UI:N/S:U/C:N/I:H/A:N/E:P/RL:O/RC:C,none,no,partial
2024-11,CVE-2024-46894,ICSA-24-319-08,Siemens SINEC INS,6.3,CVSS:3.1/AV:N/AC:L/PR:L/UI:N/S:U/C:L/I:L/A:L/E:P/RL:O/RC:C,none,yes,partial
2024-11,CVE-2024-47131,ICSA-24-312-02,Delta Electronics DIAScreen,7.8,CVSS:3.1/AV:L/AC:L/PR:N/UI:R/S:U/C:H/I:H/A:H,none,no,total
2024-11,CVE-2024-47138,ICSA-24-326-07,mySCADA myPRO Manager,9.8,CVSS:3.1/AV:N/AC:L/PR:N/UI:N/S:U/C:H/I:H/A:H,none,yes,total
2024-11,CVE-2024-47253,ICSA-24-319-17,2N Access Commander (Update A),7.2,CVSS:3.1/AV:N/AC:L/PR:H/UI:N/S:U/C:H/I:H/A:H,none,no,total
2024-11,CVE-2024-47254,ICSA-24-319-17,2N Access Commander (Update A),6.3,CVSS:3.1/AV:A/AC:H/PR:H/UI:R/S:U/C:H/I:H/A:H,none,no,total
2024-11,CVE-2024-47255,ICSA-24-319-17,2N Access Commander (Update A),4.7,CVSS:3.1/AV:L/AC:H/PR:H/UI:N/S:U/C:H/I:L/A:N,none,no,total
2024-11,CVE-2024-47407,ICSA-24-326-07,mySCADA myPRO Manager,10.0,CVSS:3.1/AV:N/AC:L/PR:N/UI:N/S:C/C:H/I:H/A:H,none,yes,total
2024-11,CVE-2024-4741,ICSA-24-319-06,Siemens SCALANCE M-800 Family,7.5,CVSS:3.1/AV:N/AC:L/PR:N/UI:N/S:U/C:N/I:N/A:H/E:U/RL:O/RC:C,none,yes,partial
2024-11,CVE-2024-47783,ICSA-24-319-02,Siemens SIPORT,7.8,CVSS:3.1/AV:L/AC:L/PR:L/UI:N/S:U/C:H/I:H/A:H,none,no,total
2024-11,CVE-2024-47808,ICSA-24-319-04,Siemens SINEC NMS,8.4,CVSS:3.1/AV:L/AC:L/PR:L/UI:N/S:C/C:N/I:H/A:H/E:P/RL:O/RC:C,none,no,total
2024-11,CVE-2024-47940,ICSA-24-319-05,Siemens Solid Edge,7.8,CVSS:3.1/AV:L/AC:L/PR:N/UI:R/S:U/C:H/I:H/A:H,none,no,total
2024-11,CVE-2024-47941,ICSA-24-319-05,Siemens Solid Edge,7.8,CVSS:3.1/AV:L/AC:L/PR:N/UI:R/S:U/C:H/I:H/A:H,none,no,total
2024-11,CVE-2024-47942,ICSA-24-319-05,Siemens Solid Edge,7.3,CVSS:3.1/AV:L/AC:L/PR:L/UI:R/S:U/C:H/I:H/A:H,none,no,total
2024-11,CVE-2024-48989,ICSA-24-312-03,Bosch Rexroth IndraDrive,7.5,CVSS:3.1/AV:N/AC:L/PR:N/UI:N/S:U/C:N/I:N/A:H,none,yes,partial
2024-11,CVE-2024-50054,ICSA-24-326-07,mySCADA myPRO Manager,7.5,CVSS:3.1/AV:N/AC:L/PR:N/UI:N/S:U/C:N/I:N/A:H,none,yes,partial
2024-11,CVE-2024-50310,ICSA-24-319-11,Siemens SIMATIC CP,7.5,CVSS:3.1/AV:N/AC:L/PR:N/UI:N/S:U/C:H/I:N/A:N/E:P/RL:O/RC:C,none,yes,partial
2024-11,CVE-2024-50313,ICSA-24-319-12,Siemens Mendix Runtime,5.3,CVSS:3.1/AV:N/AC:L/PR:N/UI:N/S:U/C:N/I:L/A:N,none,yes,partial
2024-11,CVE-2024-50557,ICSA-24-319-06,Siemens SCALANCE M-800 Family,7.2,CVSS:3.1/AV:N/AC:L/PR:H/UI:N/S:U/C:H/I:H/A:H,none,yes,total
2024-11,CVE-2024-50558,ICSA-24-319-06,Siemens SCALANCE M-800 Family,4.3,CVSS:3.1/AV:N/AC:L/PR:L/UI:N/S:U/C:N/I:N/A:L,none,no,partial
2024-11,CVE-2024-50559,ICSA-24-319-06,Siemens SCALANCE M-800 Family,4.3,CVSS:3.1/AV:N/AC:L/PR:N/UI:R/S:U/C:N/I:L/A:N,none,no,partial
2024-11,CVE-2024-50560,ICSA-24-319-06,Siemens SCALANCE M-800 Family,3.1,CVSS:3.1/AV:N/AC:H/PR:L/UI:N/S:U/C:N/I:L/A:N,none,no,partial
2024-11,CVE-2024-50561,ICSA-24-319-06,Siemens SCALANCE M-800 Family,4.3,CVSS:3.1/AV:N/AC:L/PR:N/UI:R/S:U/C:N/I:L/A:N,none,no,partial
2024-11,CVE-2024-50572,ICSA-24-319-06,Siemens SCALANCE M-800 Family,7.2,CVSS:3.1/AV:N/AC:L/PR:H/UI:N/S:U/C:H/I:H/A:H,none,no,total
2024-11,CVE-2024-52034,ICSA-24-326-07,mySCADA myPRO Manager,10.0,CVSS:3.1/AV:N/AC:L/PR:N/UI:N/S:C/C:H/I:H/A:H,none,yes,total
2024-11,CVE-2024-5535,ICSA-24-319-08,Siemens SINEC INS,5.9,CVSS:3.1/AV:N/AC:H/PR:N/UI:N/S:U/C:H/I:N/A:N,none,yes,partial
2024-11,CVE-2024-6068,ICSA-24-319-15,Rockwell Automation Arena Input Analyzer,7.3,CVSS:3.1/AV:L/AC:L/PR:L/UI:R/S:U/C:H/I:H/A:H,none,no,total
2024-11,CVE-2024-6876,ICSA-24-326-02,OSCAT Basic Library,5.1,CVSS:3.1/AV:L/AC:L/PR:N/UI:N/S:U/C:L/I:N/A:L,none,no,partial
2024-11,CVE-2024-8403,ICSA-24-324-01,Mitsubishi Electric MELSEC iQ-F Series (Update A),7.5,CVSS:3.1/AV:N/AC:L/PR:N/UI:N/S:U/C:N/I:N/A:H,none,yes,partial
2024-11,CVE-2024-8525,ICSA-24-326-01,Automated Logic WebCTRL Premium Server,10.0,CVSS:3.1/AV:N/AC:L/PR:N/UI:N/S:C/C:H/I:H/A:H,none,yes,total
2024-11,CVE-2024-8526,ICSA-24-326-01,Automated Logic WebCTRL Premium Server,6.5,CVSS:3.1/AV:N/AC:L/PR:N/UI:R/S:U/C:H/I:N/A:N,none,no,partial
2024-11,CVE-2024-8933,ICSA-24-326-03,"Schneider Electric Modicon M340, MC80, and Momentum Unity M1E & EcoStruxure (Update A)",7.5,CVSS:3.1/AV:N/AC:H/PR:N/UI:R/S:U/C:H/I:H/A:H,none,no,total
2024-11,CVE-2024-8934,ICSA-24-312-01,Beckhoff Automation TwinCAT Package Manager,6.5,CVSS:3.1/AV:L/AC:L/PR:H/UI:R/S:U/C:H/I:H/A:H,none,no,total
2024-11,CVE-2024-8935,ICSA-24-326-03,"Schneider Electric Modicon M340, MC80, and Momentum Unity M1E & EcoStruxure (Update A)",7.5,CVSS:3.1/AV:N/AC:H/PR:N/UI:R/S:U/C:H/I:H/A:H,none,no,total
2024-11,CVE-2024-8936,ICSA-24-326-04,"Schneider Electric Modicon M340, MC80, and Momentum Unity M1E (Update B)",6.5,CVSS:3.1/AV:N/AC:H/PR:N/UI:N/S:U/C:H/I:L/A:N,none,no,partial
2024-11,CVE-2024-8937,ICSA-24-326-04,"Schneider Electric Modicon M340, MC80, and Momentum Unity M1E (Update B)",8.1,CVSS:3.1/AV:N/AC:H/PR:N/UI:N/S:U/C:H/I:H/A:H,none,no,partial
2024-11,CVE-2024-8938,ICSA-24-326-04,"Schneider Electric Modicon M340, MC80, and Momentum Unity M1E (Update B)",8.1,CVSS:3.1/AV:N/AC:H/PR:N/UI:N/S:U/C:H/I:H/A:H,none,no,total
2024-11,CVE-2024-9409,ICSA-24-326-06,Schneider Electric PowerLogic PM5300 Series,7.5,CVSS:3.1/AV:N/AC:L/PR:N/UI:N/S:U/C:N/I:N/A:H,none,yes,partial
2024-11,CVE-2024-9474,ICSA-24-338-02,Siemens RUGGEDCOM APE1808,4.9,CVSS:3.1/AV:N/AC:L/PR:H/UI:N/S:U/C:N/I:H/A:N,active,no,total
2024-12,CVE-2020-28398,ICSA-24-347-03,Siemens RUGGEDCOM ROX II ,8.8,CVSS:3.1/AV:N/AC:L/PR:N/UI:R/S:U/C:H/I:H/A:H/E:P/RL:O/RC:C,none,no,total
2024-12,CVE-2024-10494,ICSA-24-345-04,National Instruments LabVIEW,7.8,CVSS:3.1/AV:L/AC:L/PR:N/UI:R/S:U/C:H/I:H/A:H,none,no,total
2024-12,CVE-2024-10495,ICSA-24-345-04,National Instruments LabVIEW,7.8,CVSS:3.1/AV:L/AC:L/PR:N/UI:R/S:U/C:H/I:H/A:H,none,no,total
2024-12,CVE-2024-10496,ICSA-24-345-04,National Instruments LabVIEW,7.8,CVSS:3.1/AV:L/AC:L/PR:N/UI:R/S:U/C:H/I:H/A:H,none,no,total
2024-12,CVE-2024-10511,ICSA-25-010-01,Schneider Electric PowerChute Serial Shutdown,5.3,CVSS:3.1/AV:N/AC:L/PR:N/UI:N/S:U/C:N/I:N/A:L,none,yes,partial
2024-12,CVE-2024-11155,ICSA-24-345-06,Rockwell Automation Arena (Update C),7.8,CVSS:3.1/AV:L/AC:L/PR:N/UI:R/S:U/C:H/I:H/A:H,none,no,total
2024-12,CVE-2024-11156,ICSA-24-345-06,Rockwell Automation Arena (Update C),7.8,CVSS:3.1/AV:L/AC:L/PR:N/UI:R/S:U/C:H/I:H/A:H,none,no,total
2024-12,CVE-2024-11157,ICSA-24-345-06,Rockwell Automation Arena (Update C),7.8,CVSS:3.1/AV:L/AC:L/PR:N/UI:R/S:U/C:H/I:H/A:H,none,no,partial
2024-12,CVE-2024-11158,ICSA-24-345-06,Rockwell Automation Arena (Update C),7.8,CVSS:3.1/AV:L/AC:L/PR:N/UI:R/S:U/C:H/I:H/A:H,none,no,total
2024-12,CVE-2024-11220,ICSA-24-338-03,Open Automation Software,7.8,CVSS:3.1/AV:L/AC:L/PR:L/UI:N/S:U/C:H/I:H/A:H,none,no,total
2024-12,CVE-2024-11364,ICSA-24-345-06,Rockwell Automation Arena (Update C),7.8,CVSS:3.1/AV:L/AC:L/PR:N/UI:R/S:U/C:H/I:H/A:H,none,no,total
2024-12,CVE-2024-11737,ICSA-24-352-04,Schneider Electric Modicon,9.8,CVSS:3.1/AV:N/AC:L/PR:N/UI:N/S:U/C:H/I:H/A:H,none,yes,total
2024-12,CVE-2024-11787,ICSA-24-338-05,Fuji Electric Monitouch V-SFT (Update A),7.8,CVSS:3.1/AV:L/AC:L/PR:N/UI:R/S:U/C:H/I:H/A:H,none,no,total
2024-12,CVE-2024-11789,ICSA-24-338-05,Fuji Electric Monitouch V-SFT (Update A),7.8,CVSS:3.1/AV:L/AC:L/PR:N/UI:R/S:U/C:H/I:H/A:H,none,no,total
2024-12,CVE-2024-11790,ICSA-24-338-05,Fuji Electric Monitouch V-SFT (Update A),7.8,CVSS:3.1/AV:L/AC:L/PR:N/UI:R/S:U/C:H/I:H/A:H,none,no,total
2024-12,CVE-2024-11791,ICSA-24-338-05,Fuji Electric Monitouch V-SFT (Update A),7.8,CVSS:3.1/AV:L/AC:L/PR:N/UI:R/S:U/C:H/I:H/A:H,none,no,total
2024-12,CVE-2024-11792,ICSA-24-338-05,Fuji Electric Monitouch V-SFT (Update A),7.8,CVSS:3.1/AV:L/AC:L/PR:N/UI:R/S:U/C:H/I:H/A:H,none,no,total
2024-12,CVE-2024-11793,ICSA-24-338-05,Fuji Electric Monitouch V-SFT (Update A),7.8,CVSS:3.1/AV:L/AC:L/PR:N/UI:R/S:U/C:H/I:H/A:H,none,no,total
2024-12,CVE-2024-11794,ICSA-24-338-05,Fuji Electric Monitouch V-SFT (Update A),7.8,CVSS:3.1/AV:L/AC:L/PR:N/UI:R/S:U/C:H/I:H/A:H,none,no,total
2024-12,CVE-2024-11795,ICSA-24-338-05,Fuji Electric Monitouch V-SFT (Update A),7.8,CVSS:3.1/AV:L/AC:L/PR:N/UI:R/S:U/C:H/I:H/A:H,none,no,total
2024-12,CVE-2024-11796,ICSA-24-338-05,Fuji Electric Monitouch V-SFT (Update A),7.8,CVSS:3.1/AV:L/AC:L/PR:N/UI:R/S:U/C:H/I:H/A:H,none,no,total
2024-12,CVE-2024-11797,ICSA-24-338-05,Fuji Electric Monitouch V-SFT (Update A),7.8,CVSS:3.1/AV:L/AC:L/PR:N/UI:R/S:U/C:H/I:H/A:H,none,no,total
2024-12,CVE-2024-11799,ICSA-24-338-06,Fuji Electric Tellus Lite V-Simulator (Update A),7.8,CVSS:3.1/AV:L/AC:L/PR:N/UI:R/S:U/C:H/I:H/A:H,none,no,total
2024-12,CVE-2024-11800,ICSA-24-338-06,Fuji Electric Tellus Lite V-Simulator (Update A),7.8,CVSS:3.1/AV:L/AC:L/PR:N/UI:R/S:U/C:H/I:H/A:H,none,no,total
2024-12,CVE-2024-11801,ICSA-24-338-06,Fuji Electric Tellus Lite V-Simulator (Update A),7.8,CVSS:3.1/AV:L/AC:L/PR:N/UI:R/S:U/C:H/I:H/A:H,none,no,total
2024-12,CVE-2024-11802,ICSA-24-338-06,Fuji Electric Tellus Lite V-Simulator (Update A),7.8,CVSS:3.1/AV:L/AC:L/PR:N/UI:R/S:U/C:H/I:H/A:H,none,no,total
2024-12,CVE-2024-11803,ICSA-24-338-06,Fuji Electric Tellus Lite V-Simulator (Update A),7.8,CVSS:3.1/AV:L/AC:L/PR:N/UI:R/S:U/C:H/I:H/A:H,none,no,total
2024-12,CVE-2024-11999,ICSA-25-010-02,Schneider Electric Harmony HMI and Pro-Face HMI Products,8.8,CVSS:3.1/AV:N/AC:L/PR:L/UI:N/S:U/C:H/I:H/A:H,none,no,total
2024-12,CVE-2024-12130,ICSA-24-345-06,Rockwell Automation Arena (Update C),7.8,CVSS:3.1/AV:L/AC:L/PR:N/UI:R/S:U/C:H/I:H/A:H,none,no,partial
2024-12,CVE-2024-12175,ICSA-24-345-06,Rockwell Automation Arena (Update C),7.8,CVSS:3.1/AV:L/AC:L/PR:N/UI:R/S:U/C:H/I:H/A:H,none,no,partial
2024-12,CVE-2024-12212,ICSA-24-345-05,Horner Automation Cscape,7.5,CVSS:3.1/AV:N/AC:L/PR:N/UI:N/S:U/C:N/I:N/A:H,none,no,total
2024-12,CVE-2024-12286,ICSA-24-345-01,MOBATIME Network Master Clock - DTS 4801,9.8,CVSS:3.1/AV:N/AC:L/PR:N/UI:N/S:U/C:H/I:H/A:H,none,yes,total
2024-12,CVE-2024-12371,ICSA-24-352-03,Rockwell Automation PowerMonitor 1000 Remote,9.8,CVSS:3.1/AV:N/AC:L/PR:N/UI:N/S:U/C:H/I:H/A:H,none,no,partial
2024-12,CVE-2024-12372,ICSA-24-352-03,Rockwell Automation PowerMonitor 1000 Remote,9.8,CVSS:3.1/AV:N/AC:L/PR:N/UI:N/S:U/C:H/I:H/A:H,none,no,total
2024-12,CVE-2024-12373,ICSA-24-352-03,Rockwell Automation PowerMonitor 1000 Remote,9.8,CVSS:3.1/AV:N/AC:L/PR:N/UI:N/S:U/C:H/I:H/A:H,none,no,partial
2024-12,CVE-2024-12672,ICSA-24-345-06,Rockwell Automation Arena (Update C),7.8,CVSS:3.1/AV:L/AC:L/PR:N/UI:R/S:U/C:H/I:H/A:H,none,no,total
2024-12,CVE-2024-12677,ICSA-24-354-03,Delta Electronics DTM Soft,7.8,CVSS:3.1/AV:L/AC:L/PR:N/UI:R/S:U/C:H/I:H/A:H,none,no,total
2024-12,CVE-2024-12700,ICSA-24-354-05,Tibbo AggreGate Network Manager,8.8,CVSS:3.1/AV:N/AC:L/PR:L/UI:N/S:U/C:H/I:H/A:H,none,no,total
2024-12,CVE-2024-39703,ICSA-24-352-01,ThreatQuotient ThreatQ Platform,8.8,CVSS:3.1/AV:N/AC:L/PR:L/UI:N/S:U/C:H/I:H/A:H,none,no,total
2024-12,CVE-2024-41981,ICSA-24-347-06,Siemens Simcenter Femap,7.8,CVSS:3.1/AV:L/AC:L/PR:N/UI:R/S:U/C:H/I:H/A:H,none,no,total
2024-12,CVE-2024-42494,ICSA-24-338-01,Ruijie Reyee OS (Update A),4.9,CVSS:3.1/AV:N/AC:L/PR:H/UI:N/S:U/C:H/I:N/A:N,none,no,partial
2024-12,CVE-2024-45463,ICSA-24-347-09,Siemens Teamcenter Visualization ,7.8,CVSS:3.1/AV:L/AC:L/PR:N/UI:R/S:U/C:H/I:H/A:H,none,no,total
2024-12,CVE-2024-45464,ICSA-24-347-09,Siemens Teamcenter Visualization ,7.8,CVSS:3.1/AV:L/AC:L/PR:N/UI:R/S:U/C:H/I:H/A:H,none,no,total
2024-12,CVE-2024-45465,ICSA-24-347-09,Siemens Teamcenter Visualization ,7.8,CVSS:3.1/AV:L/AC:L/PR:N/UI:R/S:U/C:H/I:H/A:H,none,no,total
2024-12,CVE-2024-45466,ICSA-24-347-09,Siemens Teamcenter Visualization ,7.8,CVSS:3.1/AV:L/AC:L/PR:N/UI:R/S:U/C:H/I:H/A:H,none,no,total
2024-12,CVE-2024-45467,ICSA-24-347-09,Siemens Teamcenter Visualization ,7.8,CVSS:3.1/AV:L/AC:L/PR:N/UI:R/S:U/C:H/I:H/A:H,none,no,total
2024-12,CVE-2024-45468,ICSA-24-347-09,Siemens Teamcenter Visualization ,7.8,CVSS:3.1/AV:L/AC:L/PR:N/UI:R/S:U/C:H/I:H/A:H,none,no,total
2024-12,CVE-2024-45469,ICSA-24-347-09,Siemens Teamcenter Visualization ,7.8,CVSS:3.1/AV:L/AC:L/PR:N/UI:R/S:U/C:H/I:H/A:H,none,no,total
2024-12,CVE-2024-45470,ICSA-24-347-09,Siemens Teamcenter Visualization ,7.8,CVSS:3.1/AV:L/AC:L/PR:N/UI:R/S:U/C:H/I:H/A:H,none,no,total
2024-12,CVE-2024-45471,ICSA-24-347-09,Siemens Teamcenter Visualization ,7.8,CVSS:3.1/AV:L/AC:L/PR:N/UI:R/S:U/C:H/I:H/A:H,none,no,total
2024-12,CVE-2024-45472,ICSA-24-347-09,Siemens Teamcenter Visualization ,7.8,CVSS:3.1/AV:L/AC:L/PR:N/UI:R/S:U/C:H/I:H/A:H,none,no,total
2024-12,CVE-2024-45473,ICSA-24-347-09,Siemens Teamcenter Visualization ,7.8,CVSS:3.1/AV:L/AC:L/PR:N/UI:R/S:U/C:H/I:H/A:H,none,no,total
2024-12,CVE-2024-45474,ICSA-24-347-09,Siemens Teamcenter Visualization ,7.8,CVSS:3.1/AV:L/AC:L/PR:N/UI:R/S:U/C:H/I:H/A:H,none,no,total
2024-12,CVE-2024-45475,ICSA-24-347-09,Siemens Teamcenter Visualization ,7.8,CVSS:3.1/AV:L/AC:L/PR:N/UI:R/S:U/C:H/I:H/A:H,none,no,total
2024-12,CVE-2024-45476,ICSA-24-347-09,Siemens Teamcenter Visualization ,3.3,CVSS:3.1/AV:L/AC:L/PR:N/UI:R/S:U/C:N/I:N/A:L,none,no,partial
2024-12,CVE-2024-45722,ICSA-24-338-01,Ruijie Reyee OS (Update A),5.9,CVSS:3.1/AV:N/AC:H/PR:N/UI:N/S:U/C:H/I:N/A:N,none,yes,partial
2024-12,CVE-2024-46874,ICSA-24-338-01,Ruijie Reyee OS (Update A),7.5,CVSS:3.1/AV:N/AC:H/PR:L/UI:N/S:U/C:H/I:H/A:H,none,no,total
2024-12,CVE-2024-47043,ICSA-24-338-01,Ruijie Reyee OS (Update A),4.3,CVSS:3.1/AV:N/AC:L/PR:L/UI:N/S:U/C:L/I:N/A:N,none,yes,partial
2024-12,CVE-2024-47046,ICSA-24-347-06,Siemens Simcenter Femap,7.8,CVSS:3.1/AV:L/AC:L/PR:N/UI:R/S:U/C:H/I:H/A:H,none,no,total
2024-12,CVE-2024-47146,ICSA-24-338-01,Ruijie Reyee OS (Update A),3.1,CVSS:3.1/AV:A/AC:H/PR:N/UI:N/S:U/C:L/I:N/A:N,none,no,partial
2024-12,CVE-2024-47547,ICSA-24-338-01,Ruijie Reyee OS (Update A),8.2,CVSS:3.1/AV:N/AC:L/PR:N/UI:N/S:U/C:H/I:L/A:N,none,yes,total
2024-12,CVE-2024-47791,ICSA-24-338-01,Ruijie Reyee OS (Update A),5.9,CVSS:3.1/AV:N/AC:H/PR:N/UI:N/S:U/C:H/I:N/A:N,none,yes,partial
2024-12,CVE-2024-48871,ICSA-24-340-02,Planet Technology Planet WGS-804HPT,9.8,CVSS:3.1/AV:N/AC:L/PR:N/UI:N/S:U/C:H/I:H/A:H,none,yes,total
2024-12,CVE-2024-48874,ICSA-24-338-01,Ruijie Reyee OS (Update A),7.5,CVSS:3.1/AV:N/AC:H/PR:L/UI:N/S:U/C:H/I:H/A:H,none,yes,total
2024-12,CVE-2024-49704,ICSA-24-347-08,Siemens COMOS ,5.5,CVSS:3.1/AV:L/AC:L/PR:N/UI:R/S:U/C:H/I:N/A:N,none,no,partial
2024-12,CVE-2024-49775,ICSA-24-354-04,Siemens User Management Component,9.8,CVSS:3.1/AV:N/AC:L/PR:N/UI:N/S:U/C:H/I:H/A:H,none,yes,total
2024-12,CVE-2024-49849,ICSA-24-347-05,Siemens Siemens Engineering Platforms,7.8,CVSS:3.1/AV:L/AC:L/PR:N/UI:R/S:U/C:H/I:H/A:H/E:P/RL:O/RC:C,none,no,total
2024-12,CVE-2024-51727,ICSA-24-338-01,Ruijie Reyee OS (Update A),4.9,CVSS:3.1/AV:N/AC:L/PR:H/UI:N/S:U/C:N/I:N/A:H,none,no,partial
2024-12,CVE-2024-52051,ICSA-24-347-02,Siemens Engineering Platforms,7.3,CVSS:3.1/AV:L/AC:L/PR:L/UI:R/S:U/C:H/I:H/A:H/E:P/RL:O/RC:C,none,no,total
2024-12,CVE-2024-52320,ICSA-24-340-02,Planet Technology Planet WGS-804HPT,9.8,CVSS:3.1/AV:N/AC:L/PR:N/UI:N/S:U/C:H/I:H/A:H,none,yes,total
2024-12,CVE-2024-52324,ICSA-24-338-01,Ruijie Reyee OS (Update A),9.8,CVSS:3.1/AV:N/AC:L/PR:N/UI:N/S:U/C:H/I:H/A:H,none,yes,total
2024-12,CVE-2024-52558,ICSA-24-340-02,Planet Technology Planet WGS-804HPT,5.3,CVSS:3.1/AV:N/AC:L/PR:N/UI:N/S:U/C:N/I:N/A:L,none,yes,partial
2024-12,CVE-2024-52565,ICSA-24-347-09,Siemens Teamcenter Visualization ,7.8,CVSS:3.1/AV:L/AC:L/PR:N/UI:R/S:U/C:H/I:H/A:H,none,no,total
2024-12,CVE-2024-52566,ICSA-24-347-09,Siemens Teamcenter Visualization ,7.8,CVSS:3.1/AV:L/AC:L/PR:N/UI:R/S:U/C:H/I:H/A:H,none,no,total
2024-12,CVE-2024-52567,ICSA-24-347-09,Siemens Teamcenter Visualization ,7.8,CVSS:3.1/AV:L/AC:L/PR:N/UI:R/S:U/C:H/I:H/A:H,none,no,total
2024-12,CVE-2024-52568,ICSA-24-347-09,Siemens Teamcenter Visualization ,7.8,CVSS:3.1/AV:L/AC:L/PR:N/UI:R/S:U/C:H/I:H/A:H,none,no,total
2024-12,CVE-2024-52569,ICSA-24-347-09,Siemens Teamcenter Visualization ,7.8,CVSS:3.1/AV:L/AC:L/PR:N/UI:R/S:U/C:H/I:H/A:H,none,no,total
2024-12,CVE-2024-52570,ICSA-24-347-09,Siemens Teamcenter Visualization ,7.8,CVSS:3.1/AV:L/AC:L/PR:N/UI:R/S:U/C:H/I:H/A:H,none,no,total
2024-12,CVE-2024-52571,ICSA-24-347-09,Siemens Teamcenter Visualization ,7.8,CVSS:3.1/AV:L/AC:L/PR:N/UI:R/S:U/C:H/I:H/A:H,none,no,total
2024-12,CVE-2024-52572,ICSA-24-347-09,Siemens Teamcenter Visualization ,7.8,CVSS:3.1/AV:L/AC:L/PR:N/UI:R/S:U/C:H/I:H/A:H,none,no,total
2024-12,CVE-2024-52573,ICSA-24-347-09,Siemens Teamcenter Visualization ,7.8,CVSS:3.1/AV:L/AC:L/PR:N/UI:R/S:U/C:H/I:H/A:H,none,no,total
2024-12,CVE-2024-52574,ICSA-24-347-09,Siemens Teamcenter Visualization ,7.8,CVSS:3.1/AV:L/AC:L/PR:N/UI:R/S:U/C:H/I:H/A:H,none,no,total
2024-12,CVE-2024-53041,ICSA-24-347-09,Siemens Teamcenter Visualization ,7.8,CVSS:3.1/AV:L/AC:L/PR:N/UI:R/S:U/C:H/I:H/A:H,none,no,total
2024-12,CVE-2024-53242,ICSA-24-347-09,Siemens Teamcenter Visualization ,7.8,CVSS:3.1/AV:L/AC:L/PR:N/UI:R/S:U/C:H/I:H/A:H,none,no,total
2024-12,CVE-2024-53832,ICSA-24-347-01,Siemens CPCI85 Central Processing/Communication ,4.6,CVSS:3.1/AV:P/AC:L/PR:N/UI:N/S:U/C:H/I:N/A:N,none,no,partial
2024-12,CVE-2024-54005,ICSA-24-347-08,Siemens COMOS ,5.1,CVSS:3.1/AV:L/AC:H/PR:N/UI:N/S:U/C:H/I:N/A:N,none,no,partial
2024-12,CVE-2024-54091,ICSA-24-347-04,Siemens Parasolid,7.8,CVSS:3.1/AV:L/AC:L/PR:N/UI:R/S:U/C:H/I:H/A:H,none,no,total
2024-12,CVE-2024-54093,ICSA-24-347-07,Siemens Solid Edge SE2024,7.8,CVSS:3.1/AV:L/AC:L/PR:N/UI:R/S:U/C:H/I:H/A:H,none,no,total
2024-12,CVE-2024-54094,ICSA-24-347-07,Siemens Solid Edge SE2024,7.8,CVSS:3.1/AV:L/AC:L/PR:N/UI:R/S:U/C:H/I:H/A:H,none,no,total
2024-12,CVE-2024-54095,ICSA-24-347-07,Siemens Solid Edge SE2024,7.8,CVSS:3.1/AV:L/AC:L/PR:N/UI:R/S:U/C:H/I:H/A:H,none,no,total
2024-12,CVE-2024-6528,ICSA-24-354-07,Schneider Electric Modicon Controllers (Update A),5.4,CVSS:3.1/AV:N/AC:L/PR:L/UI:R/S:C/C:L/I:L/A:N,none,no,partial
2024-12,CVE-2024-8299,ICSA-24-338-04,Mitsubishi Electric Iconics Digital Solutions and Mitsubishi Electric Products (Update C),7.8,CVSS:3.1/AV:L/AC:L/PR:L/UI:N/S:U/C:H/I:H/A:H,none,no,total
2024-12,CVE-2024-8300,ICSA-24-338-04,Mitsubishi Electric Iconics Digital Solutions and Mitsubishi Electric Products (Update C),7,CVSS:3.1/AV:L/AC:H/PR:L/UI:N/S:U/C:H/I:H/A:H,none,no,total
2024-12,CVE-2024-9508,ICSA-24-345-05,Horner Automation Cscape,7.8,CVSS:3.1/AV:L/AC:L/PR:N/UI:R/S:U/C:H/I:H/A:H,none,no,total
2024-12,CVE-2024-9852,ICSA-24-338-04,Mitsubishi Electric Iconics Digital Solutions and Mitsubishi Electric Products (Update C),7.8,CVSS:3.1/AV:L/AC:L/PR:L/UI:N/S:U/C:H/I:H/A:H,none,no,total
2025-01,CVE-2023-3825,ICSA-25-030-04,Rockwell Automation KEPServer,7.5,CVSS:3.1/AV:N/AC:L/PR:N/UI:N/S:U/C:N/I:N/A:H,none,no,partial
2025-01,CVE-2024-10497,ICSA-25-028-02,Schneider Electric Power Logic,8.8,CVSS:3.1/AV:N/AC:L/PR:L/UI:N/S:U/C:H/I:H/A:H,none,yes,total
2025-01,CVE-2024-10498,ICSA-25-028-02,Schneider Electric Power Logic,6.5,CVSS:3.1/AV:N/AC:L/PR:N/UI:N/S:U/C:N/I:L/A:L,none,yes,partial
2025-01,CVE-2024-11139,ICSA-25-023-05,Schneider Electric EcoStruxure Power Build Rapsody,5.3,CVSS:3.1/AV:L/AC:L/PR:N/UI:R/S:U/C:L/I:L/A:L,none,no,partial
2025-01,CVE-2024-11425,ICSA-25-035-04,Schneider Electric EcoStruxure Power Monitoring Expert (PME) (Update A),7.5,CVSS:3.1/AV:N/AC:L/PR:N/UI:N/S:U/C:N/I:N/A:H,none,yes,partial
2025-01,CVE-2024-12142,ICSA-25-035-06,"Schneider Electric Modicon M340 and BMXNOE0100/0110, BMXNOR0200H (Update B)",8.6,CVSS:3.1/AV:N/AC:L/PR:N/UI:N/S:U/C:L/I:L/A:H,none,yes,total
2025-01,CVE-2024-12399,ICSA-25-035-07,Schneider Electric Pro-face GP-Pro EX and Remote HMI (Update A),7.1,CVSS:3.1/AV:N/AC:H/PR:N/UI:R/S:U/C:L/I:H/A:H,none,no,total
2025-01,CVE-2024-12569,ICSA-25-016-03,Siemens Siveillance Video Camera,7.8,CVSS:3.1/AV:L/AC:H/PR:L/UI:N/S:C/C:H/I:H/A:H,none,yes,partial
2025-01,CVE-2024-12703,ICSA-25-028-06,Schneider Electric RemoteConnect and SCADAPack x70 Utilities (Update A),7.8,CVSS:3.1/AV:L/AC:L/PR:N/UI:R/S:U/C:H/I:H/A:H,none,no,total
2025-01,CVE-2024-12757,ICSA-25-007-02,Nedap Librix Ecoreader,8.6,CVSS:3.1/AV:N/AC:L/PR:N/UI:N/S:U/C:H/I:L/A:L,none,yes,partial
2025-01,CVE-2024-12834,ICSA-25-010-03,Delta Electronics DRASimuCAD (Update A),7.8,CVSS:3.1/AV:L/AC:L/PR:N/UI:R/S:U/C:H/I:H/A:H,none,no,total
2025-01,CVE-2024-12835,ICSA-25-010-03,Delta Electronics DRASimuCAD (Update A),7.8,CVSS:3.1/AV:L/AC:L/PR:N/UI:R/S:U/C:H/I:H/A:H,none,no,total
2025-01,CVE-2024-12836,ICSA-25-010-03,Delta Electronics DRASimuCAD (Update A),7.8,CVSS:3.1/AV:L/AC:L/PR:N/UI:R/S:U/C:H/I:H/A:H,none,no,total
2025-01,CVE-2024-2658,ICSA-25-037-02,Schneider Electric EcoStruxure (Update D),7.8,CVSS:3.1/AV:L/AC:L/PR:L/UI:N/S:U/C:H/I:H/A:H,none,no,total
2025-01,CVE-2024-34579,ICSA-25-016-05,Fuji Electric Alpha5 SMART,7.8,CVSS:3.1/AV:L/AC:L/PR:N/UI:R/S:U/C:H/I:H/A:H,none,yes,partial
2025-01,CVE-2024-45385,ICSA-25-016-02,Siemens Industrial Edge Management,4.7,CVSS:3.1/AV:N/AC:H/PR:N/UI:R/S:C/C:L/I:L/A:N/E:P/RL:U/RC:C,none,no,partial
2025-01,CVE-2024-47100,ICSA-25-021-02,Siemens SIMATIC S7-1200 CPUs,7.1,CVSS:3.1/AV:N/AC:L/PR:N/UI:R/S:U/C:N/I:L/A:H/E:P/RL:O/RC:C,none,no,partial
2025-01,CVE-2024-48510,ICSA-25-037-03,ABB Drive Composer,9.8,CVSS:3.1/AV:N/AC:L/PR:N/UI:N/S:U/C:H/I:H/A:H,none,yes,total
2025-01,CVE-2024-48841,ICSA-25-051-02,ABB FLXEON Controllers,10,CVSS:3.1/AV:N/AC:L/PR:N/UI:N/S:C/C:H/I:H/A:H/E:P/RL:O/RC:C,none,no,total
2025-01,CVE-2024-48849,ICSA-25-051-02,ABB FLXEON Controllers,9.4,CVSS:3.1/AV:N/AC:L/PR:N/UI:N/S:U/C:L/I:H/A:H/E:P/RL:O/RC:C/CR:L/IR:M/AR:M/MAV:A/MAC:L/MPR:N/MUI:N/MS:U/MC:L/MI:H/MA:H,none,yes,partial
2025-01,CVE-2024-53649,ICSA-25-016-04,Siemens SIPROTEC 5 Products,6.5,CVSS:3.1/AV:N/AC:L/PR:L/UI:N/S:U/C:H/I:N/A:N,none,no,partial
2025-01,CVE-2024-56841,ICSA-25-016-01,Siemens Mendix LDAP,7.4,CVSS:3.1/AV:N/AC:H/PR:N/UI:N/S:U/C:H/I:H/A:N,none,no,total
2025-01,CVE-2024-8603,ICSA-25-028-01,B&R Automation Runtime,7.5,CVSS:3.1/AV:N/AC:L/PR:N/UI:N/S:U/C:N/I:H/A:N/E:P/RL:O/RC:C,none,yes,partial
2025-01,CVE-2025-0430,ICSA-25-014-04,Belledonne Communications Linphone-Desktop,7.5,CVSS:3.1/AV:N/AC:L/PR:N/UI:N/S:U/C:N/I:N/A:H,none,yes,partial
2025-01,CVE-2025-0432,ICSA-25-023-06,HMS Networks Ewon Flexy 202,5.7,CVSS:3.1/AV:A/AC:L/PR:N/UI:R/S:U/C:H/I:N/A:N,poc,no,partial
2025-01,CVE-2025-0477,ICSA-25-030-05,Rockwell Automation FactoryTalk AssetCentre,9.8,CVSS:3.1/AV:N/AC:L/PR:N/UI:N/S:U/C:H/I:H/A:H,none,yes,total
2025-01,CVE-2025-0497,ICSA-25-030-05,Rockwell Automation FactoryTalk AssetCentre,7.0,CVSS:3.1/AV:L/AC:H/PR:L/UI:N/S:U/C:H/I:H/A:H,none,no,total
2025-01,CVE-2025-0498,ICSA-25-030-05,Rockwell Automation FactoryTalk AssetCentre,7.8,CVSS:3.1/AV:L/AC:L/PR:N/UI:R/S:U/C:H/I:H/A:H,none,no,total
2025-01,CVE-2025-0659,ICSA-25-028-05,Rockwell Automation DataMosaix Private Cloud,5.5,CVSS:3.1/AV:N/AC:L/PR:H/UI:N/S:U/C:L/I:H/A:N,none,yes,partial
2025-01,CVE-2025-0680,ICSA-25-030-02,New Rock Technologies Cloud Connected Devices,9.8,CVSS:3.1/AV:N/AC:L/PR:N/UI:N/S:U/C:H/I:H/A:H,none,yes,total
2025-01,CVE-2025-0681,ICSA-25-030-02,New Rock Technologies Cloud Connected Devices,6.2,CVSS:3.1/AV:L/AC:L/PR:N/UI:N/S:U/C:H/I:N/A:N,none,no,partial
2025-01,CVE-2025-20014,ICSA-25-023-01,mySCADA myPRO Manager,9.8,CVSS:3.1/AV:N/AC:L/PR:N/UI:N/S:U/C:H/I:H/A:H,none,yes,total
2025-01,CVE-2025-24479,ICSA-25-028-03,Rockwell Automation FactoryTalk,8.4,CVSS:3.1/AV:L/AC:L/PR:N/UI:N/S:U/C:H/I:H/A:H,none,no,total
2025-01,CVE-2025-24480,ICSA-25-028-03,Rockwell Automation FactoryTalk,9.8,CVSS:3.1/AV:N/AC:L/PR:N/UI:N/S:U/C:H/I:H/A:H,none,yes,partial
2025-01,CVE-2025-24482,ICSA-25-028-04,Rockwell Automation FactoryTalk View Site Edition,7.3,CVSS:3.1/AV:L/AC:L/PR:N/UI:N/S:U/C:L/I:L/A:H,none,no,partial
2025-02,CVE-2022-22128,ICSA-25-044-14,Siemens Opcenter Intelligence,9.0,CVSS:3.1/AV:N/AC:H/PR:N/UI:N/S:C/C:H/I:H/A:H,none,yes,total
2025-02,CVE-2022-2588,ICSA-25-044-09,Siemens SCALANCE W700 IEEE 802.11ax,7.8,CVSS:3.1/AV:L/AC:L/PR:L/UI:N/S:U/C:H/I:H/A:H,poc,no,partial
2025-02,CVE-2022-28615,ICSA-25-133-01,Hitachi Energy Service Suite,9.1,CVSS:3.1/AV:N/AC:L/PR:N/UI:N/S:U/C:H/I:N/A:H,none,yes,partial
2025-02,CVE-2022-36760,ICSA-25-133-01,Hitachi Energy Service Suite,9,CVSS:3.1/AV:N/AC:H/PR:N/UI:N/S:C/C:H/I:H/A:H,none,no,total
2025-02,CVE-2022-37436,ICSA-25-133-01,Hitachi Energy Service Suite,5.3,CVSS:3.1/AV:N/AC:L/PR:N/UI:N/S:U/C:N/I:L/A:N,none,yes,partial
2025-02,CVE-2022-40303,ICSA-25-044-09,Siemens SCALANCE W700 IEEE 802.11ax,7.5,CVSS:3.1/AV:N/AC:L/PR:N/UI:N/S:U/C:N/I:N/A:H,none,yes,partial
2025-02,CVE-2022-40304,ICSA-25-044-09,Siemens SCALANCE W700 IEEE 802.11ax,7.8,CVSS:3.1/AV:L/AC:L/PR:N/UI:R/S:U/C:H/I:H/A:H,none,no,partial
2025-02,CVE-2022-4203,ICSA-25-065-01,Hitachi Energy PCU400,4.9,CVSS:3.1/AV:N/AC:L/PR:H/UI:N/S:U/C:N/I:N/A:H,none,no,partial
2025-02,CVE-2022-42475,ICSA-25-044-06,Siemens RUGGEDCOM APE1808,9.8,CVSS:3.1/AV:N/AC:L/PR:N/UI:N/S:U/C:H/I:H/A:H,active,yes,total
2025-02,CVE-2022-4304,ICSA-25-044-09,Siemens SCALANCE W700 IEEE 802.11ax,5.9,CVSS:3.1/AV:N/AC:H/PR:N/UI:N/S:U/C:N/I:H/A:N,none,no,partial
2025-02,CVE-2022-4450,ICSA-25-065-01,Hitachi Energy PCU400,7.5,CVSS:3.1/AV:N/AC:L/PR:N/UI:N/S:U/C:N/I:N/A:H,none,yes,partial
2025-02,CVE-2022-47069,ICSA-25-044-09,Siemens SCALANCE W700 IEEE 802.11ax,7.8,CVSS:3.1/AV:L/AC:L/PR:N/UI:R/S:U/C:H/I:H/A:H,poc,no,total
2025-02,CVE-2022-47929,ICSA-25-044-09,Siemens SCALANCE W700 IEEE 802.11ax,5.5,CVSS:3.1/AV:L/AC:L/PR:L/UI:N/S:U/C:N/I:N/A:H,poc,no,partial
2025-02,CVE-2023-0045,ICSA-25-044-09,Siemens SCALANCE W700 IEEE 802.11ax,4.7,CVSS:3.1/AV:L/AC:H/PR:L/UI:N/S:U/C:H/I:N/A:N,poc,no,partial
2025-02,CVE-2023-0215,ICSA-25-065-01,Hitachi Energy PCU400,7.5,CVSS:3.1/AV:N/AC:L/PR:N/UI:N/S:U/C:N/I:N/A:H,none,yes,partial
2025-02,CVE-2023-0216,ICSA-25-065-01,Hitachi Energy PCU400,7.5,CVSS:3.1/AV:N/AC:L/PR:N/UI:N/S:U/C:N/I:N/A:H,none,yes,partial
2025-02,CVE-2023-0217,ICSA-25-065-01,Hitachi Energy PCU400,7.5,CVSS:3.1/AV:N/AC:L/PR:N/UI:N/S:U/C:N/I:N/A:H,none,yes,partial
2025-02,CVE-2023-0286,ICSA-25-044-09,Siemens SCALANCE W700 IEEE 802.11ax,7.4,CVSS:3.1/AV:N/AC:H/PR:N/UI:N/S:U/C:H/I:N/A:H,none,no,partial
2025-02,CVE-2023-0401,ICSA-25-065-01,Hitachi Energy PCU400,7.5,CVSS:3.1/AV:N/AC:L/PR:N/UI:N/S:U/C:N/I:N/A:H,none,yes,partial
2025-02,CVE-2023-0464,ICSA-25-044-09,Siemens SCALANCE W700 IEEE 802.11ax,7.5,CVSS:3.1/AV:N/AC:L/PR:N/UI:N/S:U/C:N/I:N/A:H,none,yes,partial
2025-02,CVE-2023-0465,ICSA-25-044-09,Siemens SCALANCE W700 IEEE 802.11ax,5.3,CVSS:3.1/AV:N/AC:L/PR:N/UI:N/S:U/C:N/I:L/A:N,none,yes,partial
2025-02,CVE-2023-0466,ICSA-25-044-09,Siemens SCALANCE W700 IEEE 802.11ax,5.3,CVSS:3.1/AV:N/AC:L/PR:N/UI:N/S:U/C:N/I:L/A:N,none,no,partial
2025-02,CVE-2023-1073,ICSA-25-044-09,Siemens SCALANCE W700 IEEE 802.11ax,6.6,CVSS:3.1/AV:P/AC:L/PR:L/UI:N/S:U/C:H/I:H/A:H,none,no,total
2025-02,CVE-2023-1074,ICSA-25-044-09,Siemens SCALANCE W700 IEEE 802.11ax,5.5,CVSS:3.1/AV:L/AC:L/PR:L/UI:N/S:U/C:N/I:N/A:H,none,no,partial
2025-02,CVE-2023-1206,ICSA-25-044-09,Siemens SCALANCE W700 IEEE 802.11ax,5.7,CVSS:3.1/AV:A/AC:L/PR:L/UI:N/S:U/C:N/I:N/A:H,none,no,partial
2025-02,CVE-2023-1670,ICSA-25-044-09,Siemens SCALANCE W700 IEEE 802.11ax,7.8,CVSS:3.1/AV:L/AC:L/PR:L/UI:N/S:U/C:H/I:H/A:H,none,no,total
2025-02,CVE-2023-2194,ICSA-25-044-09,Siemens SCALANCE W700 IEEE 802.11ax,6.7,CVSS:3.1/AV:L/AC:L/PR:H/UI:N/S:U/C:H/I:H/A:H,none,no,total
2025-02,CVE-2023-23454,ICSA-25-044-09,Siemens SCALANCE W700 IEEE 802.11ax,5.5,CVSS:3.1/AV:L/AC:L/PR:L/UI:N/S:U/C:N/I:N/A:H,none,no,partial
2025-02,CVE-2023-23455,ICSA-25-044-09,Siemens SCALANCE W700 IEEE 802.11ax,5.5,CVSS:3.1/AV:L/AC:L/PR:L/UI:N/S:U/C:N/I:N/A:H,none,no,partial
2025-02,CVE-2023-23559,ICSA-25-044-09,Siemens SCALANCE W700 IEEE 802.11ax,7.8,CVSS:3.1/AV:L/AC:L/PR:L/UI:N/S:U/C:H/I:H/A:H,none,no,total
2025-02,CVE-2023-25690,ICSA-25-133-01,Hitachi Energy Service Suite,9.8,CVSS:3.1/AV:N/AC:L/PR:N/UI:N/S:U/C:H/I:H/A:H,poc,yes,total
2025-02,CVE-2023-26545,ICSA-25-044-09,Siemens SCALANCE W700 IEEE 802.11ax,4.7,CVSS:3.1/AV:L/AC:H/PR:L/UI:N/S:U/C:N/I:N/A:H,none,no,partial
2025-02,CVE-2023-27522,ICSA-25-133-01,Hitachi Energy Service Suite,7.5,CVSS:3.1/AV:N/AC:L/PR:N/UI:N/S:U/C:N/I:H/A:N,none,yes,partial
2025-02,CVE-2023-27997,ICSA-25-044-06,Siemens RUGGEDCOM APE1808,9.8,CVSS:3.1/AV:N/AC:L/PR:N/UI:N/S:U/C:H/I:H/A:H,active,yes,total
2025-02,CVE-2023-28388,ICSA-25-063-03,Hitachi Energy MACH PS700,6.7,CVSS:3.1/AV:L/AC:H/PR:L/UI:R/S:U/C:H/I:H/A:H,none,no,total
2025-02,CVE-2023-28484,ICSA-25-044-09,Siemens SCALANCE W700 IEEE 802.11ax,6.5,CVSS:3.1/AV:N/AC:L/PR:N/UI:R/S:U/C:N/I:N/A:H,none,no,partial
2025-02,CVE-2023-28578,ICSA-25-044-09,Siemens SCALANCE W700 IEEE 802.11ax,9.3,CVSS:3.1/AV:L/AC:L/PR:N/UI:N/S:C/C:H/I:H/A:H,none,no,total
2025-02,CVE-2023-29469,ICSA-25-044-09,Siemens SCALANCE W700 IEEE 802.11ax,6.5,CVSS:3.1/AV:N/AC:L/PR:N/UI:R/S:U/C:N/I:N/A:H,none,no,partial
2025-02,CVE-2023-31122,ICSA-25-133-01,Hitachi Energy Service Suite,7.5,CVSS:3.1/AV:N/AC:L/PR:N/UI:N/S:U/C:N/I:N/A:H,none,yes,partial
2025-02,CVE-2023-31315,ICSA-25-044-09,Siemens SCALANCE W700 IEEE 802.11ax,7.5,CVSS:3.1/AV:L/AC:H/PR:H/UI:N/S:C/C:H/I:H/A:H,none,no,total
2025-02,CVE-2023-3446,ICSA-25-044-09,Siemens SCALANCE W700 IEEE 802.11ax,5.3,CVSS:3.1/AV:N/AC:L/PR:N/UI:N/S:U/C:N/I:N/A:L,none,yes,partial
2025-02,CVE-2023-3611,ICSA-25-044-09,Siemens SCALANCE W700 IEEE 802.11ax,7.8,CVSS:3.1/AV:L/AC:L/PR:L/UI:N/S:U/C:H/I:H/A:H,none,no,total
2025-02,CVE-2023-37482,ICSA-25-044-02,Siemens SIMATIC,5.3,CVSS:3.1/AV:N/AC:L/PR:N/UI:N/S:U/C:L/I:N/A:N,none,yes,partial
2025-02,CVE-2023-39192,ICSA-25-044-09,Siemens SCALANCE W700 IEEE 802.11ax,6.7,CVSS:3.1/AV:L/AC:L/PR:H/UI:N/S:C/C:H/I:N/A:L,none,no,total
2025-02,CVE-2023-39193,ICSA-25-044-09,Siemens SCALANCE W700 IEEE 802.11ax,6.1,CVSS:3.1/AV:L/AC:L/PR:L/UI:N/S:U/C:H/I:N/A:L,none,no,partial
2025-02,CVE-2023-43522,ICSA-25-044-09,Siemens SCALANCE W700 IEEE 802.11ax,7.5,CVSS:3.1/AV:N/AC:L/PR:N/UI:N/S:U/C:N/I:N/A:H,none,yes,partial
2025-02,CVE-2023-43622,ICSA-25-133-01,Hitachi Energy Service Suite,7.5,CVSS:3.1/AV:N/AC:L/PR:N/UI:N/S:U/C:N/I:N/A:H,poc,yes,partial
2025-02,CVE-2023-44320,ICSA-25-044-09,Siemens SCALANCE W700 IEEE 802.11ax,4.3,CVSS:3.1/AV:N/AC:L/PR:L/UI:N/S:U/C:N/I:L/A:N/E:P/RL:O/RC:C,none,yes,partial
2025-02,CVE-2023-44322,ICSA-25-044-09,Siemens SCALANCE W700 IEEE 802.11ax,3.7,CVSS:3.1/AV:N/AC:H/PR:N/UI:N/S:U/C:N/I:N/A:L/E:P/RL:O/RC:C,none,no,partial
2025-02,CVE-2023-45802,ICSA-25-133-01,Hitachi Energy Service Suite,5.9,CVSS:3.1/AV:N/AC:H/PR:N/UI:N/S:U/C:N/I:N/A:H,none,no,partial
2025-02,CVE-2023-45853,ICSA-25-044-09,Siemens SCALANCE W700 IEEE 802.11ax,9.8,CVSS:3.1/AV:N/AC:L/PR:N/UI:N/S:U/C:H/I:H/A:H,none,no,total
2025-02,CVE-2023-4623,ICSA-25-044-09,Siemens SCALANCE W700 IEEE 802.11ax,7.8,CVSS:3.1/AV:L/AC:L/PR:L/UI:N/S:U/C:H/I:H/A:H,none,no,total
2025-02,CVE-2023-46604,ICSA-25-044-14,Siemens Opcenter Intelligence,9.6,CVSS:3.1/AV:A/AC:L/PR:N/UI:N/S:C/C:H/I:H/A:H,active,yes,total
2025-02,CVE-2023-48795,ICSA-25-044-09,Siemens SCALANCE W700 IEEE 802.11ax,5.9,CVSS:3.1/AV:N/AC:H/PR:N/UI:N/S:U/C:N/I:H/A:N,poc,no,partial
2025-02,CVE-2023-4921,ICSA-25-044-09,Siemens SCALANCE W700 IEEE 802.11ax,7.8,CVSS:3.1/AV:L/AC:L/PR:L/UI:N/S:U/C:H/I:H/A:H,none,no,total
2025-02,CVE-2023-51384,ICSA-25-044-09,Siemens SCALANCE W700 IEEE 802.11ax,5.5,CVSS:3.1/AV:L/AC:L/PR:L/UI:N/S:U/C:H/I:N/A:N,none,no,partial
2025-02,CVE-2023-51385,ICSA-25-044-09,Siemens SCALANCE W700 IEEE 802.11ax,6.5,CVSS:3.1/AV:N/AC:L/PR:N/UI:N/S:U/C:L/I:L/A:N,poc,yes,total
2025-02,CVE-2023-5363,ICSA-25-044-09,Siemens SCALANCE W700 IEEE 802.11ax,7.5,CVSS:3.1/AV:N/AC:L/PR:N/UI:N/S:U/C:H/I:N/A:N,none,yes,partial
2025-02,CVE-2023-5678,ICSA-25-044-09,Siemens SCALANCE W700 IEEE 802.11ax,5.3,CVSS:3.1/AV:N/AC:L/PR:N/UI:N/S:U/C:N/I:N/A:L,none,yes,partial
2025-02,CVE-2023-5717,ICSA-25-044-09,Siemens SCALANCE W700 IEEE 802.11ax,7.8,CVSS:3.1/AV:L/AC:L/PR:L/UI:N/S:U/C:H/I:H/A:H,none,no,total
2025-02,CVE-2023-6129,ICSA-25-044-09,Siemens SCALANCE W700 IEEE 802.11ax,6.5,CVSS:3.1/AV:N/AC:H/PR:N/UI:N/S:U/C:N/I:L/A:H,none,no,partial
2025-02,CVE-2023-6237,ICSA-25-044-09,Siemens SCALANCE W700 IEEE 802.11ax,5.9,CVSS:3.1/AV:N/AC:H/PR:N/UI:N/S:U/C:N/I:N/A:H,none,no,partial
2025-02,CVE-2023-7250,ICSA-25-044-09,Siemens SCALANCE W700 IEEE 802.11ax,5.3,CVSS:3.1/AV:N/AC:L/PR:N/UI:N/S:U/C:N/I:N/A:L,none,no,partial
2025-02,CVE-2024-0727,ICSA-25-044-09,Siemens SCALANCE W700 IEEE 802.11ax,5.5,CVSS:3.1/AV:L/AC:L/PR:N/UI:R/S:U/C:N/I:N/A:H,none,no,partial
2025-02,CVE-2024-10083,ICSA-25-070-01,Schneider Electric Uni-Telway Driver (Update D),5.5,CVSS:3.1/AV:L/AC:L/PR:L/UI:N/S:U/C:N/I:N/A:H,none,no,partial
2025-02,CVE-2024-12476,ICSA-25-035-05,Schneider Electric Web Designer for Modicon,7.8,CVSS:3.1/AV:L/AC:L/PR:N/UI:R/S:U/C:H/I:H/A:H,none,no,total
2025-02,CVE-2024-21762,ICSA-25-044-06,Siemens RUGGEDCOM APE1808,9.8,CVSS:3.1/AV:N/AC:L/PR:N/UI:N/S:U/C:H/I:H/A:H,active,yes,total
2025-02,CVE-2024-23814,ICSA-25-044-09,Siemens SCALANCE W700 IEEE 802.11ax,5.3,CVSS:3.1/AV:N/AC:L/PR:N/UI:N/S:U/C:N/I:N/A:L/E:P/RL:O/RC:C,none,yes,partial
2025-02,CVE-2024-2511,ICSA-25-044-09,Siemens SCALANCE W700 IEEE 802.11ax,3.7,CVSS:3.1/AV:N/AC:H/PR:N/UI:N/S:U/C:N/I:N/A:L,none,no,partial
2025-02,CVE-2024-26306,ICSA-25-044-09,Siemens SCALANCE W700 IEEE 802.11ax,5.9,CVSS:3.1/AV:N/AC:H/PR:N/UI:N/S:U/C:H/I:N/A:N,none,no,partial
2025-02,CVE-2024-33016,ICSA-25-044-09,Siemens SCALANCE W700 IEEE 802.11ax,6.8,CVSS:3.1/AV:P/AC:L/PR:N/UI:N/S:U/C:H/I:H/A:H,none,no,total
2025-02,CVE-2024-35279,ICSA-25-044-06,Siemens RUGGEDCOM APE1808,8.1,CVSS:3.1/AV:N/AC:H/PR:N/UI:N/S:U/C:H/I:H/A:H,none,no,total
2025-02,CVE-2024-3596,ICSA-25-044-06,Siemens RUGGEDCOM APE1808,9.0,CVSS:3.1/AV:N/AC:H/PR:N/UI:N/S:C/C:H/I:H/A:H,none,no,total
2025-02,CVE-2024-36504,ICSA-25-044-06,Siemens RUGGEDCOM APE1808,6.5,CVSS:3.1/AV:N/AC:L/PR:L/UI:N/S:U/C:N/I:N/A:H,none,no,partial
2025-02,CVE-2024-3980,ICSA-25-133-03,Hitachi Energy MACH GWS products,9.9,CVSS:3.1/AV:N/AC:L/PR:L/UI:N/S:C/C:H/I:H/A:H,none,no,total
2025-02,CVE-2024-3982,ICSA-25-133-03,Hitachi Energy MACH GWS products,8.2,CVSS:3.1/AV:L/AC:L/PR:H/UI:N/S:C/C:H/I:H/A:H,none,no,total
2025-02,CVE-2024-40591,ICSA-25-044-06,Siemens RUGGEDCOM APE1808,8.8,CVSS:3.1/AV:N/AC:L/PR:L/UI:N/S:U/C:H/I:H/A:H,none,no,total
2025-02,CVE-2024-45386,ICSA-25-044-13,"Siemens SIMATIC PCS neo, TIA Administrator, and TIA Portal",8.8,CVSS:3.1/AV:N/AC:L/PR:N/UI:R/S:U/C:H/I:H/A:H,none,no,total
2025-02,CVE-2024-4603,ICSA-25-044-09,Siemens SCALANCE W700 IEEE 802.11ax,5.3,CVSS:3.1/AV:N/AC:L/PR:N/UI:N/S:U/C:N/I:N/A:L,none,yes,partial
2025-02,CVE-2024-46665,ICSA-25-044-06,Siemens RUGGEDCOM APE1808,3.7,CVSS:3.1/AV:N/AC:H/PR:N/UI:N/S:U/C:L/I:N/A:N,none,no,partial
2025-02,CVE-2024-46666,ICSA-25-044-06,Siemens RUGGEDCOM APE1808,5.3,CVSS:3.1/AV:N/AC:L/PR:N/UI:N/S:U/C:N/I:N/A:L,none,yes,partial
2025-02,CVE-2024-46668,ICSA-25-044-06,Siemens RUGGEDCOM APE1808,7.5,CVSS:3.1/AV:N/AC:L/PR:N/UI:N/S:U/C:N/I:N/A:H,none,yes,partial
2025-02,CVE-2024-46669,ICSA-25-044-06,Siemens RUGGEDCOM APE1808,3.5,CVSS:3.1/AV:A/AC:L/PR:L/UI:N/S:U/C:N/I:N/A:L,none,no,partial
2025-02,CVE-2024-46670,ICSA-25-044-06,Siemens RUGGEDCOM APE1808,7.5,CVSS:3.1/AV:N/AC:L/PR:N/UI:N/S:U/C:N/I:N/A:H,none,yes,partial
2025-02,CVE-2024-4741,ICSA-25-044-09,Siemens SCALANCE W700 IEEE 802.11ax,7.5,CVSS:3.1/AV:N/AC:L/PR:N/UI:N/S:U/C:N/I:N/A:H,none,yes,partial
2025-02,CVE-2024-48510,ICSA-25-051-04,Siemens SiPass Integrated,9.1,CVSS:3.1/AV:N/AC:L/PR:H/UI:N/S:C/C:H/I:H/A:H,none,yes,total
2025-02,CVE-2024-4872,ICSA-25-133-03,Hitachi Energy MACH GWS products,9.9,CVSS:3.1/AV:N/AC:L/PR:L/UI:N/S:C/C:H/I:H/A:H,none,no,total
2025-02,CVE-2024-48884,ICSA-25-044-06,Siemens RUGGEDCOM APE1808,7.5,CVSS:3.1/AV:N/AC:L/PR:N/UI:N/S:U/C:N/I:N/A:H,none,yes,partial
2025-02,CVE-2024-48885,ICSA-25-044-06,Siemens RUGGEDCOM APE1808,5.3,CVSS:3.1/AV:N/AC:H/PR:L/UI:N/S:U/C:N/I:N/A:H,none,no,partial
2025-02,CVE-2024-48886,ICSA-25-044-06,Siemens RUGGEDCOM APE1808,9.0,CVSS:3.1/AV:N/AC:H/PR:N/UI:N/S:C/C:H/I:H/A:H,none,no,total
2025-02,CVE-2024-50560,ICSA-25-044-09,Siemens SCALANCE W700 IEEE 802.11ax,3.1,CVSS:3.1/AV:N/AC:H/PR:L/UI:N/S:U/C:N/I:L/A:N,none,no,partial
2025-02,CVE-2024-50561,ICSA-25-044-09,Siemens SCALANCE W700 IEEE 802.11ax,4.3,CVSS:3.1/AV:N/AC:L/PR:N/UI:R/S:U/C:N/I:L/A:N,none,no,partial
2025-02,CVE-2024-50563,ICSA-25-044-06,Siemens RUGGEDCOM APE1808,7.3,CVSS:3.1/AV:N/AC:L/PR:N/UI:N/S:U/C:L/I:L/A:L,none,yes,partial
2025-02,CVE-2024-50572,ICSA-25-044-09,Siemens SCALANCE W700 IEEE 802.11ax,7.2,CVSS:3.1/AV:N/AC:L/PR:H/UI:N/S:U/C:H/I:H/A:H,none,no,total
2025-02,CVE-2024-51547,ICSA-25-051-01,ABB ASPECT-Enterprise NEXUS and MATRIX Series,9.8,CVSS:3.1/AV:N/AC:L/PR:N/UI:N/S:U/C:H/I:H/A:H/E:P/RL:U/RC:C,none,yes,total
2025-02,CVE-2024-53648,ICSA-25-044-04,Siemens SIPROTEC 5,6.8,CVSS:3.1/AV:P/AC:L/PR:N/UI:N/S:U/C:H/I:H/A:H,none,no,total
2025-02,CVE-2024-53651,ICSA-25-044-03,Siemens SIPROTEC 5,4.6,CVSS:3.1/AV:P/AC:L/PR:N/UI:N/S:U/C:H/I:N/A:N,none,no,partial
2025-02,CVE-2024-53977,ICSA-25-044-10,Siemens Questa and ModelSim,6.7,CVSS:3.1/AV:L/AC:H/PR:L/UI:R/S:U/C:H/I:H/A:H,none,no,total
2025-02,CVE-2024-54015,ICSA-25-044-05,Siemens SIPROTEC 5 Devices,7.5,CVSS:3.1/AV:N/AC:L/PR:N/UI:N/S:U/C:H/I:N/A:N,none,yes,partial
2025-02,CVE-2024-54021,ICSA-25-044-06,Siemens RUGGEDCOM APE1808,6.5,CVSS:3.1/AV:N/AC:L/PR:N/UI:N/S:U/C:N/I:L/A:L,none,no,total
2025-02,CVE-2024-54089,ICSA-25-044-11,Siemens Apogee PXC100 Devices,7.5,CVSS:3.1/AV:N/AC:L/PR:N/UI:N/S:U/C:H/I:N/A:N,none,yes,total
2025-02,CVE-2024-54090,ICSA-25-044-11,Siemens Apogee PXC100 Devices,5.9,CVSS:3.1/AV:N/AC:H/PR:N/UI:N/S:U/C:N/I:N/A:H,none,no,partial
2025-02,CVE-2024-5410,ICSA-25-044-15,ORing IAP-420,9.3,CVSS:3.1/AV:N/AC:L/PR:N/UI:R/S:C/C:H/I:N/A:H,none,no,partial
2025-02,CVE-2024-5411,ICSA-25-044-15,ORing IAP-420,9.6,CVSS:3.1/AV:N/AC:L/PR:N/UI:R/S:C/C:H/I:H/A:H,poc,no,total
2025-02,CVE-2024-5535,ICSA-25-044-09,Siemens SCALANCE W700 IEEE 802.11ax,5.9,CVSS:3.1/AV:N/AC:H/PR:N/UI:N/S:U/C:H/I:N/A:N,none,yes,partial
2025-02,CVE-2024-6119,ICSA-25-044-09,Siemens SCALANCE W700 IEEE 802.11ax,7.5,CVSS:3.1/AV:N/AC:L/PR:N/UI:N/S:U/C:H/I:N/A:N,none,yes,partial
2025-02,CVE-2024-7940,ICSA-25-133-03,Hitachi Energy MACH GWS products,8.3,CVSS:3.1/AV:N/AC:H/PR:N/UI:R/S:C/C:H/I:H/A:H,none,no,total
2025-02,CVE-2024-9143,ICSA-25-044-09,Siemens SCALANCE W700 IEEE 802.11ax,4.3,CVSS:3.1/AV:N/AC:L/PR:L/UI:N/S:U/C:N/I:L/A:N,none,no,partial
2025-02,CVE-2025-0327,ICSA-25-079-01,Schneider Electric EcoStruxure (Update A),7.8,CVSS:3.1/AV:L/AC:L/PR:L/UI:N/S:U/C:H/I:H/A:H,none,no,total
2025-02,CVE-2025-0352,ICSA-25-051-05,Rapid Response Monitoring My Security Account App,7.5,CVSS:3.1/AV:N/AC:L/PR:N/UI:N/S:U/C:H/I:N/A:N,none,yes,partial
2025-02,CVE-2025-0630,ICSA-25-035-01,"Western Telematic Inc NPS Series, DSM Series, CPM Series",6.5,CVSS:3.1/AV:N/AC:L/PR:L/UI:N/S:U/C:H/I:N/A:N,none,no,total
2025-02,CVE-2025-0631,ICSA-25-056-01,Rockwell Automation PowerFlex 755,7.5,CVSS:3.1/AV:N/AC:L/PR:N/UI:N/S:U/C:H/I:N/A:N,none,yes,partial
2025-02,CVE-2025-0674,ICSA-25-035-03,Elber Communications Equipment,9.8,CVSS:3.1/AV:N/AC:L/PR:N/UI:N/S:U/C:H/I:H/A:H,none,yes,total
2025-02,CVE-2025-0675,ICSA-25-035-03,Elber Communications Equipment,7.5,CVSS:3.1/AV:N/AC:L/PR:N/UI:N/S:U/C:H/I:N/A:N,none,yes,partial
2025-02,CVE-2025-0815,ICSA-25-079-02,Schneider Electric Enerlinâ€™X IFE and eIFE,6.5,CVSS:3.1/AV:A/AC:L/PR:N/UI:N/S:U/C:N/I:N/A:H,none,no,partial
2025-02,CVE-2025-0816,ICSA-25-079-02,Schneider Electric Enerlinâ€™X IFE and eIFE,6.5,CVSS:3.1/AV:A/AC:L/PR:N/UI:N/S:U/C:N/I:N/A:H,none,no,partial
2025-02,CVE-2025-0960,ICSA-25-035-08,AutomationDirect C-more EA9 HMI,9.8,CVSS:3.1/AV:N/AC:L/PR:N/UI:N/S:U/C:H/I:H/A:H,none,yes,total
2025-02,CVE-2025-0994,ICSA-25-037-04,Trimble Cityworks (Update A),7.2,CVSS:3.1/AV:N/AC:L/PR:H/UI:N/S:U/C:H/I:H/A:H,active,no,total
2025-02,CVE-2025-1058,ICSA-25-077-05,Schneider Electric ASCO 5310/5350 Remote Annunciator,8.1,CVSS:3.1/AV:N/AC:L/PR:L/UI:N/S:U/C:N/I:H/A:H,none,no,total
2025-02,CVE-2025-1059,ICSA-25-077-05,Schneider Electric ASCO 5310/5350 Remote Annunciator,7.5,CVSS:3.1/AV:N/AC:L/PR:N/UI:N/S:U/C:N/I:N/A:H,none,yes,partial
2025-02,CVE-2025-1060,ICSA-25-077-05,Schneider Electric ASCO 5310/5350 Remote Annunciator,7.5,CVSS:3.1/AV:N/AC:L/PR:N/UI:N/S:U/C:H/I:N/A:N,none,yes,partial
2025-02,CVE-2025-1070,ICSA-25-077-05,Schneider Electric ASCO 5310/5350 Remote Annunciator,8.1,CVSS:3.1/AV:N/AC:L/PR:L/UI:N/S:U/C:N/I:H/A:H,none,no,total
2025-02,CVE-2025-1265,ICSA-25-051-06,Elseta Vinci Protocol Analyzer,9.9,CVSS:3.1/AV:N/AC:L/PR:L/UI:N/S:C/C:H/I:H/A:H,none,no,total
2025-02,CVE-2025-1283,ICSA-25-044-18,Dingtian DT-R0 Series,9.8,CVSS:3.1/AV:N/AC:L/PR:N/UI:N/S:U/C:H/I:H/A:H,none,yes,total
2025-02,CVE-2025-22896,ICSA-25-044-16,mySCADA myPRO Manager,8.6,CVSS:3.1/AV:N/AC:L/PR:N/UI:N/S:C/C:H/I:N/A:N,none,yes,partial
2025-02,CVE-2025-23363,ICSA-25-044-07,Siemens Teamcenter,7.4,CVSS:3.1/AV:N/AC:L/PR:N/UI:R/S:C/C:H/I:N/A:N,none,no,total
2025-02,CVE-2025-23403,ICSA-25-044-12,Siemens SIMATIC IPC DiagBase and SIMATIC IPC DiagMonitor,7.0,CVSS:3.1/AV:L/AC:H/PR:L/UI:N/S:U/C:H/I:H/A:H/E:P/RL:O/RC:C,none,no,total
2025-02,CVE-2025-23411,ICSA-25-044-16,mySCADA myPRO Manager,6.3,CVSS:3.1/AV:N/AC:L/PR:N/UI:R/S:U/C:L/I:L/A:L,none,no,partial
2025-02,CVE-2025-24478,ICSA-25-035-02,Rockwell Automation GuardLogix 5380 and 5580 (Update A),6.5,CVSS:3.1/AV:N/AC:L/PR:L/UI:N/S:U/C:N/I:N/A:H,none,no,total
2025-02,CVE-2025-24499,ICSA-25-044-09,Siemens SCALANCE W700 IEEE 802.11ax,7.2,CVSS:3.1/AV:N/AC:L/PR:H/UI:N/S:U/C:H/I:H/A:H/E:P/RL:O/RC:C,none,no,total
2025-02,CVE-2025-24532,ICSA-25-044-09,Siemens SCALANCE W700 IEEE 802.11ax,4.3,CVSS:3.1/AV:N/AC:L/PR:L/UI:N/S:U/C:N/I:L/A:N/E:P/RL:O/RC:C,none,no,partial
2025-02,CVE-2025-24811,ICSA-25-044-01,Siemens SIMATIC S7-1200 CPU Family,7.5,CVSS:3.1/AV:N/AC:L/PR:N/UI:N/S:U/C:N/I:N/A:H,none,yes,partial
2025-02,CVE-2025-24812,ICSA-25-044-01,Siemens SIMATIC S7-1200 CPU Family,6.5,CVSS:3.1/AV:N/AC:L/PR:L/UI:N/S:U/C:N/I:N/A:H/E:P/RL:O/RC:C,none,no,partial
2025-02,CVE-2025-24861,ICSA-25-044-17,Outback Power Mojave Inverter,7.5,CVSS:3.1/AV:N/AC:L/PR:N/UI:N/S:U/C:H/I:N/A:N,none,yes,partial
2025-02,CVE-2025-24865,ICSA-25-044-16,mySCADA myPRO Manager,10.0,CVSS:3.1/AV:N/AC:L/PR:N/UI:N/S:C/C:H/I:H/A:H,none,yes,total
2025-02,CVE-2025-24956,ICSA-25-044-08,Siemens OpenV2G,6.2,CVSS:3.1/AV:L/AC:L/PR:N/UI:N/S:U/C:N/I:N/A:H/E:P/RL:O/RC:C,none,no,partial
2025-02,CVE-2025-25067,ICSA-25-044-16,mySCADA myPRO Manager,9.8,CVSS:3.1/AV:N/AC:L/PR:N/UI:N/S:U/C:H/I:H/A:H,none,yes,total
2025-02,CVE-2025-25281,ICSA-25-044-17,Outback Power Mojave Inverter,7.5,CVSS:3.1/AV:N/AC:L/PR:N/UI:N/S:U/C:H/I:N/A:N,none,yes,partial
2025-02,CVE-2025-26473,ICSA-25-044-17,Outback Power Mojave Inverter,7.5,CVSS:3.1/AV:N/AC:L/PR:N/UI:N/S:U/C:H/I:N/A:N,none,yes,partial
2025-02,CVE-2025-26490,ICSA-25-044-14,Siemens Opcenter Intelligence,4.9,CVSS:3.1/AV:N/AC:L/PR:H/UI:N/S:U/C:H/I:N/A:N,none,no,total
2025-03,CVE-2022-24999,ICSA-25-084-01,ABB RMC-100,7.5,CVSS:3.1/AV:N/AC:L/PR:N/UI:N/S:U/C:N/I:N/A:H,poc,yes,partial
2025-03,CVE-2022-4046,ICSA-25-093-03,ABB ACS880 Drives Containing CODESYS RTS,8.8,CVSS:3.1/AV:N/AC:L/PR:L/UI:N/S:U/C:H/I:H/A:H,none,no,total
2025-03,CVE-2023-37545,ICSA-25-093-03,ABB ACS880 Drives Containing CODESYS RTS,6.5,CVSS:3.1/AV:N/AC:L/PR:L/UI:N/S:U/C:N/I:N/A:H,none,no,partial
2025-03,CVE-2023-37546,ICSA-25-093-03,ABB ACS880 Drives Containing CODESYS RTS,6.5,CVSS:3.1/AV:N/AC:L/PR:L/UI:N/S:U/C:N/I:N/A:H,none,no,partial
2025-03,CVE-2023-37547,ICSA-25-093-03,ABB ACS880 Drives Containing CODESYS RTS,6.5,CVSS:3.1/AV:N/AC:L/PR:L/UI:N/S:U/C:N/I:N/A:H,none,no,partial
2025-03,CVE-2023-37548,ICSA-25-093-03,ABB ACS880 Drives Containing CODESYS RTS,6.5,CVSS:3.1/AV:N/AC:L/PR:L/UI:N/S:U/C:N/I:N/A:H,none,no,partial
2025-03,CVE-2023-37549,ICSA-25-093-03,ABB ACS880 Drives Containing CODESYS RTS,6.5,CVSS:3.1/AV:N/AC:L/PR:L/UI:N/S:U/C:N/I:N/A:H,none,no,partial
2025-03,CVE-2023-37550,ICSA-25-093-03,ABB ACS880 Drives Containing CODESYS RTS,6.5,CVSS:3.1/AV:N/AC:L/PR:L/UI:N/S:U/C:N/I:N/A:H,none,no,partial
2025-03,CVE-2023-37552,ICSA-25-093-03,ABB ACS880 Drives Containing CODESYS RTS,6.5,CVSS:3.1/AV:N/AC:L/PR:L/UI:N/S:U/C:N/I:N/A:H,none,no,partial
2025-03,CVE-2023-37553,ICSA-25-093-03,ABB ACS880 Drives Containing CODESYS RTS,6.5,CVSS:3.1/AV:N/AC:L/PR:L/UI:N/S:U/C:N/I:N/A:H,none,no,partial
2025-03,CVE-2023-37554,ICSA-25-093-03,ABB ACS880 Drives Containing CODESYS RTS,6.5,CVSS:3.1/AV:N/AC:L/PR:L/UI:N/S:U/C:N/I:N/A:H,none,no,partial
2025-03,CVE-2023-37555,ICSA-25-093-03,ABB ACS880 Drives Containing CODESYS RTS,6.5,CVSS:3.1/AV:N/AC:L/PR:L/UI:N/S:U/C:N/I:N/A:H,none,no,partial
2025-03,CVE-2023-37556,ICSA-25-093-03,ABB ACS880 Drives Containing CODESYS RTS,6.5,CVSS:3.1/AV:N/AC:L/PR:L/UI:N/S:U/C:N/I:N/A:H,none,no,partial
2025-03,CVE-2023-37557,ICSA-25-093-03,ABB ACS880 Drives Containing CODESYS RTS,6.5,CVSS:3.1/AV:N/AC:L/PR:L/UI:N/S:U/C:N/I:N/A:H,none,no,partial
2025-03,CVE-2023-37558,ICSA-25-093-03,ABB ACS880 Drives Containing CODESYS RTS,6.5,CVSS:3.1/AV:N/AC:L/PR:L/UI:N/S:U/C:N/I:N/A:H,none,no,partial
2025-03,CVE-2023-37559,ICSA-25-093-03,ABB ACS880 Drives Containing CODESYS RTS,6.5,CVSS:3.1/AV:N/AC:L/PR:L/UI:N/S:U/C:N/I:N/A:H,none,no,partial
2025-03,CVE-2024-10037,ICSA-25-093-01,Hitachi Energy RTU500 Series (Update B),4.4,CVSS:3.1/AV:N/AC:H/PR:H/UI:N/S:U/C:N/I:N/A:H,none,no,partial
2025-03,CVE-2024-10206,ICSA-25-093-05,B&R APROL,5.3,CVSS:3.1/AV:N/AC:L/PR:N/UI:N/S:U/C:L/I:N/A:N/E:F/RL:O/RC:C,none,yes,partial
2025-03,CVE-2024-10207,ICSA-25-093-05,B&R APROL,4.3,CVSS:3.1/AV:N/AC:L/PR:L/UI:N/S:U/C:L/I:N/A:N/E:F/RL:O/RC:C,none,no,partial
2025-03,CVE-2024-10208,ICSA-25-093-05,B&R APROL,6.1,CVSS:3.1/AV:N/AC:L/PR:N/UI:R/S:C/C:L/I:L/A:N/E:F/RL:O/RC:C,none,no,partial
2025-03,CVE-2024-10209,ICSA-25-093-05,B&R APROL,7.8,CVSS:3.1/AV:L/AC:L/PR:L/UI:N/S:U/C:H/I:H/A:H/E:F/RL:O/RC:C,none,no,total
2025-03,CVE-2024-10210,ICSA-25-093-05,B&R APROL,8.5,CVSS:3.1/AV:N/AC:L/PR:L/UI:N/S:C/C:H/I:L/A:N/E:F/RL:O/RC:C,none,no,partial
2025-03,CVE-2024-10930,ICSA-25-063-01,Carrier Block Load,7.8,CVSS:3.1/AV:L/AC:L/PR:N/UI:R/S:U/C:H/I:H/A:H,none,no,total
2025-03,CVE-2024-11499,ICSA-25-093-01,Hitachi Energy RTU500 Series (Update B),4.9,CVSS:3.1/AV:N/AC:L/PR:H/UI:N/S:U/C:N/I:N/A:H,none,no,partial
2025-03,CVE-2024-12169,ICSA-25-093-01,Hitachi Energy RTU500 Series (Update B),6.5,CVSS:3.1/AV:N/AC:L/PR:L/UI:N/S:U/C:N/I:N/A:H,none,no,partial
2025-03,CVE-2024-1305,ICSA-25-072-10,Siemens SINEMA Remote Connect Client,9.8,CVSS:3.1/AV:N/AC:L/PR:N/UI:N/S:U/C:H/I:H/A:H,none,yes,total
2025-03,CVE-2024-24974,ICSA-25-072-10,Siemens SINEMA Remote Connect Client,7.5,CVSS:3.1/AV:N/AC:L/PR:N/UI:N/S:U/C:H/I:N/A:N,none,yes,total
2025-03,CVE-2024-26982,ICSA-25-072-03,Siemens SIMATIC S7-1500 TM MFP,7.1,CVSS:3.1/AV:L/AC:L/PR:L/UI:N/S:U/C:H/I:N/A:H,none,no,partial
2025-03,CVE-2024-27459,ICSA-25-072-10,Siemens SINEMA Remote Connect Client,7.8,CVSS:3.1/AV:L/AC:L/PR:L/UI:N/S:U/C:H/I:H/A:H,none,no,total
2025-03,CVE-2024-27903,ICSA-25-072-10,Siemens SINEMA Remote Connect Client,9.8,CVSS:3.1/AV:N/AC:L/PR:N/UI:N/S:U/C:H/I:H/A:H,none,yes,total
2025-03,CVE-2024-28882,ICSA-25-072-02,Siemens SINEMA Remote Connect Server,6.5,CVSS:3.1/AV:N/AC:L/PR:L/UI:N/S:U/C:N/I:H/A:N/E:U/RL:O/RC:C,none,no,partial
2025-03,CVE-2024-41046,ICSA-25-072-03,Siemens SIMATIC S7-1500 TM MFP,5.5,CVSS:3.1/AV:L/AC:L/PR:L/UI:N/S:U/C:N/I:N/A:H,none,no,partial
2025-03,CVE-2024-41049,ICSA-25-072-03,Siemens SIMATIC S7-1500 TM MFP,7.8,CVSS:3.1/AV:L/AC:L/PR:L/UI:N/S:U/C:H/I:H/A:H,none,no,partial
2025-03,CVE-2024-41055,ICSA-25-072-03,Siemens SIMATIC S7-1500 TM MFP,5.5,CVSS:3.1/AV:L/AC:L/PR:L/UI:N/S:U/C:N/I:N/A:H,none,no,partial
2025-03,CVE-2024-42154,ICSA-25-072-03,Siemens SIMATIC S7-1500 TM MFP,5.5,CVSS:3.1/AV:L/AC:L/PR:L/UI:N/S:U/C:N/I:N/A:H,none,no,partial
2025-03,CVE-2024-42161,ICSA-25-072-03,Siemens SIMATIC S7-1500 TM MFP,7.8,CVSS:3.1/AV:L/AC:L/PR:L/UI:N/S:U/C:H/I:H/A:H,none,no,partial
2025-03,CVE-2024-42512,ICSA-25-072-09,Siemens OPC UA,7.4,CVSS:3.1/AV:N/AC:H/PR:N/UI:N/S:U/C:H/I:H/A:N,none,yes,partial
2025-03,CVE-2024-42513,ICSA-25-072-09,Siemens OPC UA,9.1,CVSS:3.1/AV:N/AC:L/PR:N/UI:N/S:U/C:H/I:H/A:N,none,no,partial
2025-03,CVE-2024-45480,ICSA-25-093-05,B&R APROL,8.6,CVSS:3.1/AV:N/AC:L/PR:N/UI:N/S:C/C:H/I:N/A:N/E:F/RL:O/RC:C,none,yes,total
2025-03,CVE-2024-45481,ICSA-25-093-05,B&R APROL,7.8,CVSS:3.1/AV:L/AC:L/PR:L/UI:N/S:U/C:H/I:H/A:H/E:F/RL:O/RC:C,none,no,total
2025-03,CVE-2024-45482,ICSA-25-093-05,B&R APROL,7.8,CVSS:3.1/AV:L/AC:L/PR:L/UI:N/S:U/C:H/I:H/A:H/E:F/RL:O/RC:C,none,no,total
2025-03,CVE-2024-45483,ICSA-25-093-05,B&R APROL,6.8,CVSS:3.1/AV:P/AC:L/PR:N/UI:N/S:U/C:H/I:H/A:H/E:F/RL:O/RC:C,none,no,total
2025-03,CVE-2024-45484,ICSA-25-093-05,B&R APROL,7.6,CVSS:3.1/AV:A/AC:L/PR:N/UI:N/S:U/C:L/I:L/A:H/E:F/RL:O/RC:C,none,no,partial
2025-03,CVE-2024-50684,ICSA-25-072-12,"Sungrow iSolarCloud Android App, WiNet Firmware",6.5,CVSS:3.1/AV:N/AC:H/PR:N/UI:N/S:U/C:H/I:L/A:N,none,no,partial
2025-03,CVE-2024-50685,ICSA-25-072-12,"Sungrow iSolarCloud Android App, WiNet Firmware",6.5,CVSS:3.1/AV:N/AC:L/PR:N/UI:N/S:U/C:L/I:L/A:N,none,yes,total
2025-03,CVE-2024-50686,ICSA-25-072-12,"Sungrow iSolarCloud Android App, WiNet Firmware",5.3,CVSS:3.1/AV:N/AC:L/PR:N/UI:N/S:U/C:L/I:N/A:N,none,yes,partial
2025-03,CVE-2024-50687,ICSA-25-072-12,"Sungrow iSolarCloud Android App, WiNet Firmware",5.3,CVSS:3.1/AV:N/AC:L/PR:N/UI:N/S:U/C:L/I:N/A:N,none,yes,total
2025-03,CVE-2024-50688,ICSA-25-072-12,"Sungrow iSolarCloud Android App, WiNet Firmware",5.3,CVSS:3.1/AV:N/AC:L/PR:N/UI:N/S:U/C:L/I:N/A:N,none,yes,total
2025-03,CVE-2024-50689,ICSA-25-072-12,"Sungrow iSolarCloud Android App, WiNet Firmware",8.2,CVSS:3.1/AV:N/AC:L/PR:N/UI:N/S:U/C:H/I:L/A:N,none,yes,total
2025-03,CVE-2024-50690,ICSA-25-072-12,"Sungrow iSolarCloud Android App, WiNet Firmware",6.5,CVSS:3.1/AV:N/AC:L/PR:N/UI:N/S:U/C:L/I:L/A:N,none,yes,partial
2025-03,CVE-2024-50691,ICSA-25-072-12,"Sungrow iSolarCloud Android App, WiNet Firmware",6.5,CVSS:3.1/AV:N/AC:H/PR:N/UI:N/S:U/C:H/I:L/A:N,none,no,total
2025-03,CVE-2024-50692,ICSA-25-072-12,"Sungrow iSolarCloud Android App, WiNet Firmware",8.1,CVSS:3.1/AV:N/AC:H/PR:N/UI:N/S:U/C:H/I:H/A:H,none,no,partial
2025-03,CVE-2024-50693,ICSA-25-072-12,"Sungrow iSolarCloud Android App, WiNet Firmware",8.2,CVSS:3.1/AV:N/AC:L/PR:N/UI:N/S:U/C:H/I:L/A:N,none,yes,total
2025-03,CVE-2024-50694,ICSA-25-072-12,"Sungrow iSolarCloud Android App, WiNet Firmware",8.1,CVSS:3.1/AV:N/AC:H/PR:N/UI:N/S:U/C:H/I:H/A:H,none,yes,total
2025-03,CVE-2024-50695,ICSA-25-072-12,"Sungrow iSolarCloud Android App, WiNet Firmware",8.1,CVSS:3.1/AV:N/AC:H/PR:N/UI:N/S:U/C:H/I:H/A:H,none,yes,total
2025-03,CVE-2024-50696,ICSA-25-072-12,"Sungrow iSolarCloud Android App, WiNet Firmware",8.1,CVSS:3.1/AV:N/AC:H/PR:N/UI:N/S:U/C:H/I:H/A:H,none,yes,partial
2025-03,CVE-2024-50697,ICSA-25-072-12,"Sungrow iSolarCloud Android App, WiNet Firmware",8.1,CVSS:3.1/AV:N/AC:H/PR:N/UI:N/S:U/C:H/I:H/A:H,none,no,total
2025-03,CVE-2024-50698,ICSA-25-072-12,"Sungrow iSolarCloud Android App, WiNet Firmware",8.1,CVSS:3.1/AV:N/AC:H/PR:N/UI:N/S:U/C:H/I:H/A:H,none,yes,total
2025-03,CVE-2024-52285,ICSA-25-072-04,Siemens SiPass integrated AC5102/ACC-G2 and ACC-AP,5.3,CVSS:3.1/AV:N/AC:L/PR:N/UI:N/S:U/C:L/I:N/A:N,none,yes,partial
2025-03,CVE-2024-5594,ICSA-25-072-02,Siemens SINEMA Remote Connect Server,5.4,CVSS:3.1/AV:N/AC:L/PR:L/UI:N/S:U/C:N/I:L/A:L/E:U/RL:O/RC:C,none,yes,total
2025-03,CVE-2024-56181,ICSA-25-072-11,"Siemens SIMATIC IPC Family, ITP1000, and Field PGs",8.2,CVSS:3.1/AV:L/AC:L/PR:H/UI:N/S:C/C:H/I:H/A:H,none,no,total
2025-03,CVE-2024-56182,ICSA-25-072-11,"Siemens SIMATIC IPC Family, ITP1000, and Field PGs",8.2,CVSS:3.1/AV:L/AC:L/PR:H/UI:N/S:C/C:H/I:H/A:H,none,no,total
2025-03,CVE-2024-56336,ICSA-25-072-05,Siemens SINAMICS S200,9.8,CVSS:3.1/AV:N/AC:L/PR:N/UI:N/S:U/C:H/I:H/A:H,none,yes,total
2025-03,CVE-2024-8313,ICSA-25-093-05,B&R APROL,8.8,CVSS:3.1/AV:A/AC:L/PR:N/UI:N/S:U/C:H/I:H/A:H/E:F/RL:O/RC:C,none,no,total
2025-03,CVE-2024-8314,ICSA-25-093-05,B&R APROL,8,CVSS:3.1/AV:N/AC:H/PR:L/UI:R/S:C/C:H/I:H/A:H/E:F/RL:O/RC:C,none,no,partial
2025-03,CVE-2024-8315,ICSA-25-093-05,B&R APROL,5.5,CVSS:3.1/AV:L/AC:L/PR:L/UI:N/S:U/C:H/I:N/A:N/E:F/RL:O/RC:C,none,no,partial
2025-03,CVE-2025-0731,ICSA-25-079-04,SMA Sunny Portal,6.5,CVSS:3.1/AV:N/AC:L/PR:N/UI:N/S:U/C:N/I:L/A:L,none,yes,partial
2025-03,CVE-2025-0813,ICSA-25-077-01,Schneider Electric EcoStruxure Power Automation System User Interface (EPAS-UI),6.8,CVSS:3.1/AV:P/AC:L/PR:N/UI:N/S:U/C:H/I:H/A:H,none,no,total
2025-03,CVE-2025-1316,ICSA-25-063-08,Edimax IC-7100 IP Camera,9.8,CVSS:3.1/AV:N/AC:L/PR:N/UI:N/S:U/C:H/I:H/A:H,active,yes,total
2025-03,CVE-2025-1445,ICSA-25-093-01,Hitachi Energy RTU500 Series (Update B),7.5,CVSS:3.1/AV:N/AC:L/PR:N/UI:N/S:U/C:N/I:N/A:H,none,yes,partial
2025-03,CVE-2025-1960,ICSA-25-077-03,Schneider Electric EcoStruxure Power Automation System,9.8,CVSS:3.1/AV:N/AC:L/PR:N/UI:N/S:U/C:H/I:H/A:H,none,yes,total
2025-03,CVE-2025-20002,ICSA-25-063-07,GMOD Apollo,5.3,CVSS:3.1/AV:N/AC:L/PR:N/UI:N/S:U/C:L/I:N/A:N,none,yes,partial
2025-03,CVE-2025-2002,ICSA-25-077-04,Schneider Electric EcoStruxure Panel Server,6,CVSS:3.1/AV:L/AC:L/PR:H/UI:N/S:C/C:H/I:N/A:N,none,no,partial
2025-03,CVE-2025-2079,ICSA-25-070-02,Optigo Networks Visual BACnet Capture Tool / Optigo Visual Networks Capture Tool (Update A),7.5,CVSS:3.1/AV:N/AC:L/PR:N/UI:N/S:U/C:H/I:N/A:N,none,yes,partial
2025-03,CVE-2025-2080,ICSA-25-070-02,Optigo Networks Visual BACnet Capture Tool / Optigo Visual Networks Capture Tool (Update A),9.8,CVSS:3.1/AV:N/AC:L/PR:N/UI:N/S:U/C:H/I:H/A:H,none,yes,total
2025-03,CVE-2025-2081,ICSA-25-070-02,Optigo Networks Visual BACnet Capture Tool / Optigo Visual Networks Capture Tool (Update A),7.5,CVSS:3.1/AV:N/AC:L/PR:N/UI:N/S:U/C:N/I:N/A:H,none,yes,partial
2025-03,CVE-2025-21092,ICSA-25-063-07,GMOD Apollo,6.5,CVSS:3.1/AV:N/AC:L/PR:L/UI:N/S:U/C:N/I:H/A:N,none,no,partial
2025-03,CVE-2025-21095,ICSA-25-063-02,Keysight Ixia Vision Product Family (Update A),4.9,CVSS:3.1/AV:N/AC:L/PR:H/UI:N/S:U/C:H/I:N/A:N,none,no,partial
2025-03,CVE-2025-21703,ICSA-25-072-03,Siemens SIMATIC S7-1500 TM MFP,7.0,CVSS:3.1/AV:L/AC:H/PR:L/UI:N/S:U/C:H/I:H/A:H,none,no,total
2025-03,CVE-2025-21762,ICSA-25-072-03,Siemens SIMATIC S7-1500 TM MFP,5.5,CVSS:3.1/AV:L/AC:L/PR:L/UI:N/S:U/C:N/I:N/A:H,none,no,total
2025-03,CVE-2025-22224,ICSA-25-077-02,Rockwell Automation Lifecycle Services with VMware,9.3,CVSS:3.1/AV:L/AC:L/PR:N/UI:N/S:C/C:H/I:H/A:H,active,no,total
2025-03,CVE-2025-22225,ICSA-25-077-02,Rockwell Automation Lifecycle Services with VMware,8.2,CVSS:3.1/AV:L/AC:L/PR:H/UI:N/S:C/C:H/I:H/A:H,active,no,total
2025-03,CVE-2025-22226,ICSA-25-077-02,Rockwell Automation Lifecycle Services with VMware,7.1,CVSS:3.1/AV:L/AC:L/PR:N/UI:N/S:C/C:H/I:N/A:N,active,no,partial
2025-03,CVE-2025-22881,ICSA-25-063-06,Delta Electronics CNCSoft-G2,7.8,CVSS:3.1/AV:L/AC:L/PR:N/UI:R/S:U/C:H/I:H/A:H,none,no,total
2025-03,CVE-2025-23384,ICSA-25-072-07,Siemens SCALANCE M-800 and SC-600 Families,3.7,CVSS:3.1/AV:N/AC:H/PR:N/UI:N/S:U/C:N/I:L/A:N/E:P/RL:O/RC:C,none,no,partial
2025-03,CVE-2025-23396,ICSA-25-072-01,Siemens Teamcenter Visualization and Tecnomatix,7.8,CVSS:3.1/AV:L/AC:L/PR:N/UI:R/S:U/C:H/I:H/A:H,none,no,total
2025-03,CVE-2025-23397,ICSA-25-072-01,Siemens Teamcenter Visualization and Tecnomatix,7.8,CVSS:3.1/AV:L/AC:L/PR:N/UI:R/S:U/C:H/I:H/A:H,none,no,total
2025-03,CVE-2025-23398,ICSA-25-072-01,Siemens Teamcenter Visualization and Tecnomatix,7.8,CVSS:3.1/AV:L/AC:L/PR:N/UI:R/S:U/C:H/I:H/A:H,none,no,total
2025-03,CVE-2025-23399,ICSA-25-072-01,Siemens Teamcenter Visualization and Tecnomatix,7.8,CVSS:3.1/AV:L/AC:L/PR:N/UI:R/S:U/C:H/I:H/A:H,none,no,total
2025-03,CVE-2025-23400,ICSA-25-072-01,Siemens Teamcenter Visualization and Tecnomatix,7.8,CVSS:3.1/AV:L/AC:L/PR:N/UI:R/S:U/C:H/I:H/A:H,none,no,total
2025-03,CVE-2025-23401,ICSA-25-072-01,Siemens Teamcenter Visualization and Tecnomatix,7.8,CVSS:3.1/AV:L/AC:L/PR:N/UI:R/S:U/C:H/I:H/A:H,none,no,total
2025-03,CVE-2025-23402,ICSA-25-072-01,Siemens Teamcenter Visualization and Tecnomatix,7.8,CVSS:3.1/AV:L/AC:L/PR:N/UI:R/S:U/C:H/I:H/A:H,none,no,total
2025-03,CVE-2025-23410,ICSA-25-063-07,GMOD Apollo,9.8,CVSS:3.1/AV:N/AC:L/PR:N/UI:N/S:U/C:H/I:H/A:H,none,yes,total
2025-03,CVE-2025-23416,ICSA-25-063-02,Keysight Ixia Vision Product Family (Update A),4.9,CVSS:3.1/AV:N/AC:L/PR:H/UI:N/S:U/C:N/I:H/A:N,none,no,partial
2025-03,CVE-2025-24494,ICSA-25-063-02,Keysight Ixia Vision Product Family (Update A),7.2,CVSS:3.1/AV:N/AC:L/PR:H/UI:N/S:U/C:H/I:H/A:H,none,no,total
2025-03,CVE-2025-24517,ICSA-25-084-04,Inaba Denki Sangyo CHOCO TEI WATCHER mini,7.5,CVSS:3.1/AV:N/AC:L/PR:N/UI:N/S:U/C:H/I:N/A:N,none,yes,partial
2025-03,CVE-2025-24521,ICSA-25-063-02,Keysight Ixia Vision Product Family (Update A),4.9,CVSS:3.1/AV:N/AC:L/PR:H/UI:N/S:U/C:H/I:N/A:N,none,no,partial
2025-03,CVE-2025-24852,ICSA-25-084-04,Inaba Denki Sangyo CHOCO TEI WATCHER mini,4.6,CVSS:3.1/AV:P/AC:L/PR:N/UI:N/S:U/C:H/I:N/A:N,none,no,partial
2025-03,CVE-2025-24924,ICSA-25-063-07,GMOD Apollo,6.5,CVSS:3.1/AV:N/AC:L/PR:L/UI:N/S:U/C:N/I:H/A:N,none,yes,total
2025-03,CVE-2025-25175,ICSA-25-079-03,Siemens Simcenter Femap,7.8,CVSS:3.1/AV:L/AC:L/PR:N/UI:R/S:U/C:H/I:H/A:H,none,no,total
2025-03,CVE-2025-25211,ICSA-25-084-04,Inaba Denki Sangyo CHOCO TEI WATCHER mini,9.8,CVSS:3.1/AV:N/AC:L/PR:N/UI:N/S:U/C:H/I:H/A:H,none,yes,total
2025-03,CVE-2025-25266,ICSA-25-072-08,Siemens Tecnomatix Plant Simulation,6.8,CVSS:3.1/AV:L/AC:L/PR:N/UI:N/S:U/C:N/I:H/A:L,none,no,partial
2025-03,CVE-2025-25267,ICSA-25-072-08,Siemens Tecnomatix Plant Simulation,6.2,CVSS:3.1/AV:L/AC:L/PR:N/UI:N/S:U/C:H/I:N/A:N,none,no,total
2025-03,CVE-2025-26689,ICSA-25-084-04,Inaba Denki Sangyo CHOCO TEI WATCHER mini,9.8,CVSS:3.1/AV:N/AC:L/PR:N/UI:N/S:U/C:H/I:H/A:H,none,yes,total
2025-03,CVE-2025-27392,ICSA-25-072-06,Siemens SCALANCE LPE9403,7.2,CVSS:3.1/AV:N/AC:L/PR:H/UI:N/S:U/C:H/I:H/A:H/E:P/RL:O/RC:C,none,no,total
2025-03,CVE-2025-27393,ICSA-25-072-06,Siemens SCALANCE LPE9403,7.2,CVSS:3.1/AV:N/AC:L/PR:H/UI:N/S:U/C:H/I:H/A:H/E:P/RL:O/RC:C,none,no,total
2025-03,CVE-2025-27394,ICSA-25-072-06,Siemens SCALANCE LPE9403,7.2,CVSS:3.1/AV:N/AC:L/PR:H/UI:N/S:U/C:H/I:H/A:H/E:P/RL:O/RC:C,none,no,total
2025-03,CVE-2025-27395,ICSA-25-072-06,Siemens SCALANCE LPE9403,7.2,CVSS:3.1/AV:N/AC:L/PR:H/UI:N/S:U/C:H/I:H/A:H/E:P/RL:O/RC:C,none,no,total
2025-03,CVE-2025-27396,ICSA-25-072-06,Siemens SCALANCE LPE9403,8.8,CVSS:3.1/AV:N/AC:L/PR:L/UI:N/S:U/C:H/I:H/A:H/E:P/RL:O/RC:C,none,no,total
2025-03,CVE-2025-27397,ICSA-25-072-06,Siemens SCALANCE LPE9403,3.8,CVSS:3.1/AV:N/AC:L/PR:H/UI:N/S:U/C:L/I:L/A:N/E:P/RL:O/RC:C,none,no,partial
2025-03,CVE-2025-27398,ICSA-25-072-06,Siemens SCALANCE LPE9403,2.7,CVSS:3.1/AV:N/AC:L/PR:H/UI:N/S:U/C:N/I:L/A:N/E:P/RL:O/RC:C,none,no,partial
2025-03,CVE-2025-27438,ICSA-25-072-01,Siemens Teamcenter Visualization and Tecnomatix,7.8,CVSS:3.1/AV:L/AC:L/PR:N/UI:R/S:U/C:H/I:H/A:H,none,no,total
2025-03,CVE-2025-27493,ICSA-25-072-04,Siemens SiPass integrated AC5102/ACC-G2 and ACC-AP,8.2,CVSS:3.1/AV:L/AC:L/PR:H/UI:N/S:C/C:H/I:H/A:H,none,no,total
2025-03,CVE-2025-27494,ICSA-25-072-04,Siemens SiPass integrated AC5102/ACC-G2 and ACC-AP,9.1,CVSS:3.1/AV:N/AC:L/PR:H/UI:N/S:C/C:H/I:H/A:H,none,no,total
2025-03,CVE-2025-27631,ICSA-25-093-02,Hitachi Energy TRMTracker,6.5,CVSS:3.1/AV:N/AC:L/PR:N/UI:N/S:U/C:L/I:L/A:N,none,yes,partial
2025-03,CVE-2025-27632,ICSA-25-093-02,Hitachi Energy TRMTracker,6.1,CVSS:3.1/AV:N/AC:L/PR:N/UI:R/S:C/C:L/I:L/A:N,none,no,partial
2025-03,CVE-2025-27633,ICSA-25-093-02,Hitachi Energy TRMTracker,6.1,CVSS:3.1/AV:N/AC:L/PR:N/UI:R/S:C/C:L/I:L/A:N,none,no,partial
2025-04,CVE-2020-22218,ICSA-25-105-08,ABB M2M Gateway,6.5,CVSS:3.1/AV:N/AC:L/PR:L/UI:N/S:U/C:N/I:N/A:H/E:P/RL:W/RC:C,none,yes,partial
2025-04,CVE-2022-21658,ICSA-25-100-02,Siemens SIDIS Prime,7.3,CVSS:3.1/AV:L/AC:L/PR:L/UI:N/S:C/C:N/I:L/A:H,poc,no,partial
2025-04,CVE-2022-23521,ICSA-25-105-08,ABB M2M Gateway,8.8,CVSS:3.1/AV:N/AC:L/PR:L/UI:N/S:U/C:H/I:H/A:H/E:P/RL:W/RC:C,none,yes,total
2025-04,CVE-2022-2795,ICSA-25-105-08,ABB M2M Gateway,2.7,CVSS:3.1/AV:N/AC:L/PR:H/UI:N/S:U/C:N/I:N/A:L/E:P/RL:W/RC:C,none,yes,partial
2025-04,CVE-2022-37434,ICSA-25-105-08,ABB M2M Gateway,8.8,CVSS:3.1/AV:N/AC:L/PR:L/UI:N/S:U/C:H/I:H/A:H/E:P/RL:W/RC:C,poc,no,partial
2025-04,CVE-2022-38177,ICSA-25-105-08,ABB M2M Gateway,7.5,CVSS:3.1/AV:N/AC:L/PR:N/UI:N/S:U/C:N/I:N/A:H/E:P/RL:W/RC:C,none,yes,partial
2025-04,CVE-2022-38178,ICSA-25-105-08,ABB M2M Gateway,7.5,CVSS:3.1/AV:N/AC:L/PR:N/UI:N/S:U/C:N/I:N/A:H/E:P/RL:W/RC:C,none,yes,partial
2025-04,CVE-2022-4046,ICSA-25-112-04,ABB MV Drives,8.8,CVSS:3.1/AV:N/AC:L/PR:L/UI:N/S:U/C:H/I:H/A:H/E:U/RL:W/RC:C,none,no,total
2025-04,CVE-2022-40674,ICSA-25-105-08,ABB M2M Gateway,7.5,CVSS:3.1/AV:N/AC:H/PR:L/UI:N/S:U/C:H/I:H/A:H/E:P/RL:W/RC:C,none,no,total
2025-04,CVE-2022-41903,ICSA-25-105-08,ABB M2M Gateway,8.8,CVSS:3.1/AV:N/AC:L/PR:L/UI:N/S:U/C:H/I:H/A:H/E:P/RL:W/RC:C,none,yes,total
2025-04,CVE-2022-42898,ICSA-25-105-08,ABB M2M Gateway,8,CVSS:3.1/AV:N/AC:L/PR:L/UI:R/S:U/C:H/I:H/A:H/E:P/RL:W/RC:C,none,no,total
2025-04,CVE-2022-4378,ICSA-25-105-08,ABB M2M Gateway,7.8,CVSS:3.1/AV:L/AC:L/PR:L/UI:N/S:U/C:H/I:H/A:H/E:P/RL:W/RC:C,none,no,total
2025-04,CVE-2023-0286,ICSA-25-105-08,ABB M2M Gateway,6.4,CVSS:3.1/AV:N/AC:H/PR:L/UI:R/S:U/C:H/I:N/A:H/E:P/RL:W/RC:C,none,no,partial
2025-04,CVE-2023-20593,ICSA-25-105-08,ABB M2M Gateway,5.5,CVSS:3.1/AV:L/AC:L/PR:L/UI:N/S:U/C:H/I:N/A:N/E:P/RL:W/RC:C,poc,no,partial
2025-04,CVE-2023-22809,ICSA-25-105-08,ABB M2M Gateway,7.8,CVSS:3.1/AV:L/AC:L/PR:L/UI:N/S:U/C:H/I:H/A:H/E:P/RL:W/RC:C,none,no,total
2025-04,CVE-2023-24329,ICSA-25-105-08,ABB M2M Gateway,6.5,CVSS:3.1/AV:N/AC:L/PR:L/UI:N/S:U/C:N/I:H/A:N/E:P/RL:W/RC:C,none,yes,partial
2025-04,CVE-2023-25652,ICSA-25-105-08,ABB M2M Gateway,7.5,CVSS:3.1/AV:N/AC:L/PR:N/UI:N/S:U/C:N/I:H/A:N/E:P/RL:W/RC:C,none,yes,partial
2025-04,CVE-2023-25690,ICSA-25-105-08,ABB M2M Gateway,8.8,CVSS:3.1/AV:N/AC:L/PR:L/UI:N/S:U/C:H/I:H/A:H/E:P/RL:W/RC:C,poc,yes,total
2025-04,CVE-2023-2828,ICSA-25-105-08,ABB M2M Gateway,6.5,CVSS:3.1/AV:N/AC:L/PR:L/UI:N/S:U/C:N/I:N/A:H/E:P/RL:W/RC:C,none,yes,partial
2025-04,CVE-2023-2975,ICSA-25-100-02,Siemens SIDIS Prime,5.3,CVSS:3.1/AV:N/AC:L/PR:N/UI:N/S:U/C:N/I:L/A:N,none,yes,partial
2025-04,CVE-2023-32233,ICSA-25-105-08,ABB M2M Gateway,7.8,CVSS:3.1/AV:L/AC:L/PR:L/UI:N/S:U/C:H/I:H/A:H/E:P/RL:W/RC:C,none,no,total
2025-04,CVE-2023-3341,ICSA-25-105-08,ABB M2M Gateway,7.5,CVSS:3.1/AV:N/AC:L/PR:N/UI:N/S:U/C:N/I:N/A:H/E:P/RL:W/RC:C,none,yes,partial
2025-04,CVE-2023-3446,ICSA-25-100-02,Siemens SIDIS Prime,5.3,CVSS:3.1/AV:N/AC:L/PR:N/UI:N/S:U/C:N/I:N/A:L,none,yes,partial
2025-04,CVE-2023-3609,ICSA-25-105-08,ABB M2M Gateway,7.8,CVSS:3.1/AV:L/AC:L/PR:L/UI:N/S:U/C:H/I:H/A:H/E:P/RL:W/RC:C,none,no,total
2025-04,CVE-2023-37545,ICSA-25-112-04,ABB MV Drives,6.5,CVSS:3.1/AV:N/AC:L/PR:L/UI:N/S:U/C:N/I:N/A:H/E:U/RL:W/RC:C,none,no,partial
2025-04,CVE-2023-37546,ICSA-25-112-04,ABB MV Drives,6.5,CVSS:3.1/AV:N/AC:L/PR:L/UI:N/S:U/C:N/I:N/A:H/E:U/RL:W/RC:C,none,no,partial
2025-04,CVE-2023-37547,ICSA-25-112-04,ABB MV Drives,6.5,CVSS:3.1/AV:N/AC:L/PR:L/UI:N/S:U/C:N/I:N/A:H/E:U/RL:W/RC:C,none,no,partial
2025-04,CVE-2023-37548,ICSA-25-112-04,ABB MV Drives,6.5,CVSS:3.1/AV:N/AC:L/PR:L/UI:N/S:U/C:N/I:N/A:H/E:U/RL:W/RC:C,none,no,partial
2025-04,CVE-2023-37549,ICSA-25-112-04,ABB MV Drives,6.5,CVSS:3.1/AV:N/AC:L/PR:L/UI:N/S:U/C:N/I:N/A:H/E:U/RL:W/RC:C,none,no,partial
2025-04,CVE-2023-37550,ICSA-25-112-04,ABB MV Drives,6.5,CVSS:3.1/AV:N/AC:L/PR:L/UI:N/S:U/C:N/I:N/A:H/E:U/RL:W/RC:C,none,no,partial
2025-04,CVE-2023-37552,ICSA-25-112-04,ABB MV Drives,6.5,CVSS:3.1/AV:N/AC:L/PR:L/UI:N/S:U/C:N/I:N/A:H/E:U/RL:W/RC:C,none,no,partial
2025-04,CVE-2023-37553,ICSA-25-112-04,ABB MV Drives,6.5,CVSS:3.1/AV:N/AC:L/PR:L/UI:N/S:U/C:N/I:N/A:H/E:U/RL:W/RC:C,none,no,partial
2025-04,CVE-2023-37554,ICSA-25-112-04,ABB MV Drives,6.5,CVSS:3.1/AV:N/AC:L/PR:L/UI:N/S:U/C:N/I:N/A:H/E:U/RL:W/RC:C,none,no,partial
2025-04,CVE-2023-37555,ICSA-25-112-04,ABB MV Drives,6.5,CVSS:3.1/AV:N/AC:L/PR:L/UI:N/S:U/C:N/I:N/A:H/E:U/RL:W/RC:C,none,no,partial
2025-04,CVE-2023-37556,ICSA-25-112-04,ABB MV Drives,6.5,CVSS:3.1/AV:N/AC:L/PR:L/UI:N/S:U/C:N/I:N/A:H/E:U/RL:W/RC:C,none,no,partial
2025-04,CVE-2023-37557,ICSA-25-112-04,ABB MV Drives,6.5,CVSS:3.1/AV:N/AC:L/PR:L/UI:N/S:U/C:N/I:N/A:H/E:U/RL:W/RC:C,none,no,partial
2025-04,CVE-2023-37558,ICSA-25-112-04,ABB MV Drives,6.5,CVSS:3.1/AV:N/AC:L/PR:L/UI:N/S:U/C:N/I:N/A:H/E:U/RL:W/RC:C,none,no,partial
2025-04,CVE-2023-37559,ICSA-25-112-04,ABB MV Drives,6.5,CVSS:3.1/AV:N/AC:L/PR:L/UI:N/S:U/C:N/I:N/A:H/E:U/RL:W/RC:C,none,no,partial
2025-04,CVE-2023-38408,ICSA-25-105-08,ABB M2M Gateway,8.8,CVSS:3.1/AV:N/AC:L/PR:L/UI:N/S:U/C:H/I:H/A:H/E:P/RL:W/RC:C,none,yes,total
2025-04,CVE-2023-40217,ICSA-25-105-08,ABB M2M Gateway,5.3,CVSS:3.1/AV:N/AC:L/PR:N/UI:N/S:U/C:L/I:N/A:N/E:P/RL:W/RC:C,none,yes,partial
2025-04,CVE-2023-42753,ICSA-25-105-08,ABB M2M Gateway,7.8,CVSS:3.1/AV:L/AC:L/PR:L/UI:N/S:U/C:H/I:H/A:H/E:P/RL:W/RC:C,poc,no,total
2025-04,CVE-2023-47610,ICSA-25-100-09,ABB Arctic Wireless Gateways,8.1,CVSS:3.1/AV:N/AC:H/PR:N/UI:N/S:U/C:H/I:H/A:H/E:P/RL:W/RC:C,none,no,total
2025-04,CVE-2023-47612,ICSA-25-100-09,ABB Arctic Wireless Gateways,6.8,CVSS:3.1/AV:P/AC:L/PR:N/UI:N/S:U/C:H/I:H/A:H/E:P/RL:W/RC:R,none,no,total
2025-04,CVE-2023-47613,ICSA-25-100-09,ABB Arctic Wireless Gateways,3.2,CVSS:3.1/AV:P/AC:L/PR:L/UI:N/S:U/C:L/I:L/A:N/E:P/RL:W/RC:R,none,no,partial
2025-04,CVE-2023-47614,ICSA-25-100-09,ABB Arctic Wireless Gateways,3.2,CVSS:3.1/AV:P/AC:L/PR:L/UI:N/S:U/C:L/I:L/A:N/E:P/RL:W/RC:R,none,no,partial
2025-04,CVE-2023-47615,ICSA-25-100-09,ABB Arctic Wireless Gateways,4.3,CVSS:3.1/AV:P/AC:L/PR:L/UI:N/S:U/C:H/I:N/A:N/E:P/RL:W/RC:R,none,no,partial
2025-04,CVE-2023-47616,ICSA-25-100-09,ABB Arctic Wireless Gateways,4.6,CVSS:3.1/AV:P/AC:L/PR:N/UI:N/S:U/C:H/I:N/A:N/E:P/RL:W/RC:R,none,no,partial
2025-04,CVE-2023-4807,ICSA-25-100-02,Siemens SIDIS Prime,7.8,CVSS:3.1/AV:L/AC:L/PR:L/UI:N/S:U/C:H/I:H/A:H,none,no,total
2025-04,CVE-2023-48795,ICSA-25-105-08,ABB M2M Gateway,5.9,CVSS:3.1/AV:N/AC:H/PR:N/UI:N/S:U/C:N/I:H/A:N/E:P/RL:W/RC:C,poc,no,partial
2025-04,CVE-2023-5363,ICSA-25-100-02,Siemens SIDIS Prime,7.5,CVSS:3.1/AV:N/AC:L/PR:N/UI:N/S:U/C:H/I:N/A:N,none,yes,partial
2025-04,CVE-2023-5678,ICSA-25-100-02,Siemens SIDIS Prime,5.3,CVSS:3.1/AV:N/AC:L/PR:N/UI:N/S:U/C:N/I:N/A:L,none,yes,partial
2025-04,CVE-2023-7104,ICSA-25-100-02,Siemens SIDIS Prime,5.5,CVSS:3.1/AV:A/AC:L/PR:L/UI:N/S:U/C:L/I:L/A:L,poc,no,partial
2025-04,CVE-2024-0056,ICSA-25-100-02,Siemens SIDIS Prime,8.7,CVSS:3.1/AV:N/AC:H/PR:N/UI:N/S:C/C:H/I:H/A:N,none,no,total
2025-04,CVE-2024-0232,ICSA-25-100-02,Siemens SIDIS Prime,4.7,CVSS:3.1/AV:L/AC:H/PR:N/UI:R/S:U/C:N/I:N/A:H,none,no,partial
2025-04,CVE-2024-0727,ICSA-25-100-02,Siemens SIDIS Prime,5.5,CVSS:3.1/AV:L/AC:L/PR:N/UI:R/S:U/C:N/I:N/A:H,none,no,partial
2025-04,CVE-2024-21319,ICSA-25-100-02,Siemens SIDIS Prime,6.8,CVSS:3.1/AV:N/AC:L/PR:H/UI:N/S:C/C:N/I:N/A:H,none,no,partial
2025-04,CVE-2024-23814,ICSA-25-105-03,"Siemens SIMOCODE, SIMATIC, SIPLUS, SIDOOR, SIWAREX",5.3,CVSS:3.1/AV:N/AC:L/PR:N/UI:N/S:U/C:N/I:N/A:L/E:P/RL:O/RC:C,none,yes,partial
2025-04,CVE-2024-30105,ICSA-25-100-02,Siemens SIDIS Prime,7.5,CVSS:3.1/AV:N/AC:L/PR:N/UI:N/S:U/C:N/I:N/A:H,none,yes,partial
2025-04,CVE-2024-41788,ICSA-25-100-06,Siemens SENTRON 7KT PAC1260 Data Manager,9.1,CVSS:3.1/AV:N/AC:L/PR:H/UI:N/S:C/C:H/I:H/A:H,none,no,total
2025-04,CVE-2024-41789,ICSA-25-100-06,Siemens SENTRON 7KT PAC1260 Data Manager,9.1,CVSS:3.1/AV:N/AC:L/PR:H/UI:N/S:C/C:H/I:H/A:H,none,yes,partial
2025-04,CVE-2024-41790,ICSA-25-100-06,Siemens SENTRON 7KT PAC1260 Data Manager,9.1,CVSS:3.1/AV:N/AC:L/PR:H/UI:N/S:C/C:H/I:H/A:H,none,no,total
2025-04,CVE-2024-41791,ICSA-25-100-06,Siemens SENTRON 7KT PAC1260 Data Manager,7.3,CVSS:3.1/AV:N/AC:L/PR:N/UI:N/S:U/C:L/I:L/A:L,none,yes,partial
2025-04,CVE-2024-41792,ICSA-25-100-06,Siemens SENTRON 7KT PAC1260 Data Manager,8.6,CVSS:3.1/AV:N/AC:L/PR:N/UI:N/S:C/C:H/I:N/A:N,none,yes,total
2025-04,CVE-2024-41793,ICSA-25-100-06,Siemens SENTRON 7KT PAC1260 Data Manager,8.6,CVSS:3.1/AV:N/AC:L/PR:N/UI:N/S:C/C:N/I:H/A:N,none,yes,total
2025-04,CVE-2024-41794,ICSA-25-100-06,Siemens SENTRON 7KT PAC1260 Data Manager,10.0,CVSS:3.1/AV:N/AC:L/PR:N/UI:N/S:C/C:H/I:H/A:H,none,yes,total
2025-04,CVE-2024-41795,ICSA-25-100-06,Siemens SENTRON 7KT PAC1260 Data Manager,6.5,CVSS:3.1/AV:N/AC:L/PR:N/UI:R/S:U/C:N/I:H/A:N,none,no,partial
2025-04,CVE-2024-41796,ICSA-25-100-06,Siemens SENTRON 7KT PAC1260 Data Manager,6.5,CVSS:3.1/AV:N/AC:L/PR:N/UI:R/S:U/C:N/I:H/A:N,none,no,partial
2025-04,CVE-2024-54091,ICSA-25-100-03,Siemens Solid Edge,7.8,CVSS:3.1/AV:L/AC:L/PR:N/UI:R/S:U/C:H/I:H/A:H,none,no,total
2025-04,CVE-2024-54092,ICSA-25-100-04,Siemens Industrial Edge Devices,9.8,CVSS:3.1/AV:N/AC:L/PR:N/UI:N/S:U/C:H/I:H/A:H,none,yes,total
2025-04,CVE-2024-5535,ICSA-25-100-02,Siemens SIDIS Prime,5.9,CVSS:3.1/AV:N/AC:H/PR:N/UI:N/S:U/C:H/I:N/A:N,none,yes,partial
2025-04,CVE-2024-6387,ICSA-25-100-09,ABB Arctic Wireless Gateways,8.1,CVSS:3.1/AV:N/AC:H/PR:N/UI:N/S:U/C:H/I:H/A:H/E:P/RL:W/RC:R,poc,no,total
2025-04,CVE-2024-9143,ICSA-25-100-02,Siemens SIDIS Prime,4.3,CVSS:3.1/AV:N/AC:L/PR:L/UI:N/S:U/C:N/I:L/A:N,none,no,partial
2025-04,CVE-2024-9441,ICSA-25-114-04,Nice Linear eMerge E3,9.8,CVSS:3.1/AV:N/AC:L/PR:N/UI:N/S:U/C:H/I:H/A:H,poc,yes,total
2025-04,CVE-2025-1097,ICSA-25-100-05,Siemens Insights Hub Private Cloud,8.8,CVSS:3.1/AV:N/AC:L/PR:L/UI:N/S:U/C:H/I:H/A:H,poc,no,total
2025-04,CVE-2025-1098,ICSA-25-100-05,Siemens Insights Hub Private Cloud,8.8,CVSS:3.1/AV:N/AC:L/PR:L/UI:N/S:U/C:H/I:H/A:H,none,no,total
2025-04,CVE-2025-1974,ICSA-25-100-05,Siemens Insights Hub Private Cloud,9.8,CVSS:3.1/AV:N/AC:L/PR:N/UI:N/S:U/C:H/I:H/A:H,poc,yes,total
2025-04,CVE-2025-2185,ICSA-25-114-02,ALBEDO Telecom Net.Time - PTP/NTP clock,8.0,CVSS:3.1/AV:N/AC:L/PR:L/UI:R/S:U/C:H/I:H/A:H,none,no,total
2025-04,CVE-2025-2222,ICSA-25-107-03,Schneider Electric ConneXium Network Manager Software,7.5,CVSS:3.1/AV:N/AC:L/PR:N/UI:N/S:U/C:H/I:N/A:N,none,no,total
2025-04,CVE-2025-2223,ICSA-25-107-03,Schneider Electric ConneXium Network Manager Software,7.8,CVSS:3.1/AV:L/AC:L/PR:N/UI:R/S:U/C:H/I:H/A:H,none,no,total
2025-04,CVE-2025-2285,ICSA-25-100-07,Rockwell Automation Arena,7.8,CVSS:3.1/AV:L/AC:L/PR:N/UI:R/S:U/C:H/I:H/A:H,none,no,total
2025-04,CVE-2025-2286,ICSA-25-100-07,Rockwell Automation Arena,7.8,CVSS:3.1/AV:L/AC:L/PR:N/UI:R/S:U/C:H/I:H/A:H,none,no,total
2025-04,CVE-2025-2287,ICSA-25-100-07,Rockwell Automation Arena,7.8,CVSS:3.1/AV:L/AC:L/PR:N/UI:R/S:U/C:H/I:H/A:H,none,no,total
2025-04,CVE-2025-2288,ICSA-25-100-07,Rockwell Automation Arena,7.8,CVSS:3.1/AV:L/AC:L/PR:N/UI:R/S:U/C:H/I:H/A:H,none,no,total
2025-04,CVE-2025-22882,ICSA-25-119-02,Delta Electronics ISPSoft,7.8,CVSS:3.1/AV:L/AC:L/PR:N/UI:R/S:U/C:H/I:H/A:H,none,no,total
2025-04,CVE-2025-22883,ICSA-25-119-02,Delta Electronics ISPSoft,7.8,CVSS:3.1/AV:L/AC:L/PR:N/UI:R/S:U/C:H/I:H/A:H,none,no,total
2025-04,CVE-2025-22884,ICSA-25-119-02,Delta Electronics ISPSoft,7.8,CVSS:3.1/AV:L/AC:L/PR:N/UI:R/S:U/C:H/I:H/A:H,none,no,total
2025-04,CVE-2025-2293,ICSA-25-100-07,Rockwell Automation Arena,7.8,CVSS:3.1/AV:L/AC:L/PR:N/UI:R/S:U/C:H/I:H/A:H,none,no,total
2025-04,CVE-2025-23120,ICSA-25-091-01,Rockwell Automation Lifecycle Services with Veeam Backup and Replication,9.9,CVSS:3.1/AV:N/AC:L/PR:L/UI:N/S:C/C:H/I:H/A:H,none,no,total
2025-04,CVE-2025-24297,ICSA-25-105-04,Growatt Cloud Applications,9.8,CVSS:3.1/AV:N/AC:L/PR:N/UI:N/S:U/C:H/I:H/A:H,none,yes,total
2025-04,CVE-2025-24315,ICSA-25-105-04,Growatt Cloud Applications,5.3,CVSS:3.1/AV:N/AC:L/PR:N/UI:N/S:U/C:N/I:L/A:N,none,yes,partial
2025-04,CVE-2025-2440,ICSA-25-107-01,Schneider Electric Trio Q Licensed Data Radio,4.2,CVSS:3.1/AV:P/AC:H/PR:N/UI:N/S:U/C:H/I:N/A:N,none,no,partial
2025-04,CVE-2025-2441,ICSA-25-107-01,Schneider Electric Trio Q Licensed Data Radio,4.6,CVSS:3.1/AV:P/AC:L/PR:N/UI:N/S:U/C:H/I:N/A:N,none,no,partial
2025-04,CVE-2025-2442,ICSA-25-107-01,Schneider Electric Trio Q Licensed Data Radio,6.8,CVSS:3.1/AV:P/AC:L/PR:N/UI:N/S:U/C:H/I:H/A:H,none,no,total
2025-04,CVE-2025-24487,ICSA-25-105-04,Growatt Cloud Applications,5.3,CVSS:3.1/AV:N/AC:L/PR:N/UI:N/S:U/C:L/I:N/A:N,none,no,partial
2025-04,CVE-2025-24513,ICSA-25-100-05,Siemens Insights Hub Private Cloud,4.8,CVSS:3.1/AV:N/AC:H/PR:N/UI:N/S:U/C:L/I:N/A:L,none,no,partial
2025-04,CVE-2025-24514,ICSA-25-100-05,Siemens Insights Hub Private Cloud,8.8,CVSS:3.1/AV:N/AC:L/PR:L/UI:N/S:U/C:H/I:H/A:H,poc,no,total
2025-04,CVE-2025-24850,ICSA-25-105-04,Growatt Cloud Applications,5.3,CVSS:3.1/AV:N/AC:L/PR:N/UI:N/S:U/C:L/I:N/A:N,none,yes,partial
2025-04,CVE-2025-25276,ICSA-25-105-04,Growatt Cloud Applications,5.3,CVSS:3.1/AV:N/AC:L/PR:N/UI:N/S:U/C:N/I:L/A:N,none,yes,partial
2025-04,CVE-2025-2567,ICSA-25-105-05,Lantronix XPort (Update A),9.8,CVSS:3.1/AV:N/AC:L/PR:N/UI:N/S:U/C:H/I:H/A:H,none,yes,total
2025-04,CVE-2025-2631,ICSA-25-105-06,National Instruments LabVIEW,7.8,CVSS:3.1/AV:L/AC:L/PR:N/UI:R/S:U/C:H/I:H/A:H,none,no,total
2025-04,CVE-2025-2632,ICSA-25-105-06,National Instruments LabVIEW,7.8,CVSS:3.1/AV:L/AC:L/PR:N/UI:R/S:U/C:H/I:H/A:H,none,no,total
2025-04,CVE-2025-26382,ICSA-25-114-05,Johnson Controls Software House iSTAR Configuration Utility (ICU) Tool,9.8,CVSS:3.1/AV:N/AC:L/PR:N/UI:N/S:U/C:H/I:H/A:H,none,yes,total
2025-04,CVE-2025-26857,ICSA-25-105-04,Growatt Cloud Applications,5.3,CVSS:3.1/AV:N/AC:L/PR:N/UI:N/S:U/C:L/I:N/A:N,none,yes,partial
2025-04,CVE-2025-27495,ICSA-25-112-01,Siemens TeleControl Server Basic SQL,9.8,CVSS:3.1/AV:N/AC:L/PR:N/UI:N/S:U/C:H/I:H/A:H,none,yes,total
2025-04,CVE-2025-27539,ICSA-25-112-01,Siemens TeleControl Server Basic SQL,9.8,CVSS:3.1/AV:N/AC:L/PR:N/UI:N/S:U/C:H/I:H/A:H,none,yes,total
2025-04,CVE-2025-27540,ICSA-25-112-01,Siemens TeleControl Server Basic SQL,9.8,CVSS:3.1/AV:N/AC:L/PR:N/UI:N/S:U/C:H/I:H/A:H,none,yes,total
2025-04,CVE-2025-27561,ICSA-25-105-04,Growatt Cloud Applications,5.3,CVSS:3.1/AV:N/AC:L/PR:N/UI:N/S:U/C:N/I:L/A:N,none,yes,partial
2025-04,CVE-2025-27565,ICSA-25-105-04,Growatt Cloud Applications,5.3,CVSS:3.1/AV:N/AC:L/PR:N/UI:N/S:U/C:N/I:L/A:N,none,yes,partial
2025-04,CVE-2025-27568,ICSA-25-105-04,Growatt Cloud Applications,5.3,CVSS:3.1/AV:N/AC:L/PR:N/UI:N/S:U/C:L/I:N/A:N,none,yes,partial
2025-04,CVE-2025-27575,ICSA-25-105-04,Growatt Cloud Applications,5.3,CVSS:3.1/AV:N/AC:L/PR:N/UI:N/S:U/C:L/I:N/A:N,none,yes,partial
2025-04,CVE-2025-27719,ICSA-25-105-04,Growatt Cloud Applications,5.3,CVSS:3.1/AV:N/AC:L/PR:N/UI:N/S:U/C:L/I:N/A:N,none,yes,partial
2025-04,CVE-2025-27927,ICSA-25-105-04,Growatt Cloud Applications,5.3,CVSS:3.1/AV:N/AC:L/PR:N/UI:N/S:U/C:L/I:N/A:N,none,yes,partial
2025-04,CVE-2025-27929,ICSA-25-105-04,Growatt Cloud Applications,5.3,CVSS:3.1/AV:N/AC:L/PR:N/UI:N/S:U/C:N/I:L/A:N,none,yes,partial
2025-04,CVE-2025-27938,ICSA-25-105-04,Growatt Cloud Applications,5.3,CVSS:3.1/AV:N/AC:L/PR:N/UI:N/S:U/C:L/I:N/A:N,none,yes,partial
2025-04,CVE-2025-27939,ICSA-25-105-04,Growatt Cloud Applications,7.5,CVSS:3.1/AV:N/AC:L/PR:N/UI:N/S:U/C:N/I:H/A:N,none,yes,partial
2025-04,CVE-2025-2829,ICSA-25-100-07,Rockwell Automation Arena,7.8,CVSS:3.1/AV:L/AC:L/PR:N/UI:R/S:U/C:H/I:H/A:H,none,no,partial
2025-04,CVE-2025-29905,ICSA-25-112-01,Siemens TeleControl Server Basic SQL,8.8,CVSS:3.1/AV:N/AC:L/PR:L/UI:N/S:U/C:H/I:H/A:H,none,no,total
2025-04,CVE-2025-29999,ICSA-25-100-01,Siemens License Server (SLS),6.7,CVSS:3.1/AV:L/AC:H/PR:L/UI:R/S:U/C:H/I:H/A:H,none,no,total
2025-04,CVE-2025-30000,ICSA-25-100-01,Siemens License Server (SLS),6.7,CVSS:3.1/AV:L/AC:H/PR:L/UI:R/S:U/C:H/I:H/A:H,none,no,total
2025-04,CVE-2025-30002,ICSA-25-112-01,Siemens TeleControl Server Basic SQL,8.8,CVSS:3.1/AV:N/AC:L/PR:L/UI:N/S:U/C:H/I:H/A:H,none,no,total
2025-04,CVE-2025-30003,ICSA-25-112-01,Siemens TeleControl Server Basic SQL,8.8,CVSS:3.1/AV:N/AC:L/PR:L/UI:N/S:U/C:H/I:H/A:H,none,no,total
2025-04,CVE-2025-30030,ICSA-25-112-01,Siemens TeleControl Server Basic SQL,8.8,CVSS:3.1/AV:N/AC:L/PR:L/UI:N/S:U/C:H/I:H/A:H,none,no,total
2025-04,CVE-2025-30031,ICSA-25-112-01,Siemens TeleControl Server Basic SQL,8.8,CVSS:3.1/AV:N/AC:L/PR:L/UI:N/S:U/C:H/I:H/A:H,none,no,total
2025-04,CVE-2025-30257,ICSA-25-105-04,Growatt Cloud Applications,5.3,CVSS:3.1/AV:N/AC:L/PR:N/UI:N/S:U/C:L/I:N/A:N,none,yes,partial
2025-04,CVE-2025-30280,ICSA-25-105-01,Siemens Mendix Runtime,5.3,CVSS:3.1/AV:N/AC:L/PR:N/UI:N/S:U/C:L/I:N/A:N,none,yes,partial
2025-04,CVE-2025-30511,ICSA-25-105-04,Growatt Cloud Applications,8.8,CVSS:3.1/AV:N/AC:L/PR:L/UI:N/S:U/C:H/I:H/A:H,none,yes,total
2025-04,CVE-2025-30512,ICSA-25-105-04,Growatt Cloud Applications,6.5,CVSS:3.1/AV:N/AC:L/PR:N/UI:N/S:U/C:N/I:L/A:L,none,yes,partial
2025-04,CVE-2025-30514,ICSA-25-105-04,Growatt Cloud Applications,5.3,CVSS:3.1/AV:N/AC:L/PR:N/UI:N/S:U/C:L/I:N/A:N,none,yes,partial
2025-04,CVE-2025-31343,ICSA-25-112-01,Siemens TeleControl Server Basic SQL,8.8,CVSS:3.1/AV:N/AC:L/PR:L/UI:N/S:U/C:H/I:H/A:H,none,no,total
2025-04,CVE-2025-31350,ICSA-25-112-01,Siemens TeleControl Server Basic SQL,8.8,CVSS:3.1/AV:N/AC:L/PR:L/UI:N/S:U/C:H/I:H/A:H,none,no,total
2025-04,CVE-2025-31351,ICSA-25-112-01,Siemens TeleControl Server Basic SQL,8.8,CVSS:3.1/AV:N/AC:L/PR:L/UI:N/S:U/C:H/I:H/A:H,none,no,total
2025-04,CVE-2025-31352,ICSA-25-112-01,Siemens TeleControl Server Basic SQL,8.8,CVSS:3.1/AV:N/AC:L/PR:L/UI:N/S:U/C:H/I:H/A:H,none,no,total
2025-04,CVE-2025-31353,ICSA-25-112-01,Siemens TeleControl Server Basic SQL,8.8,CVSS:3.1/AV:N/AC:L/PR:L/UI:N/S:U/C:H/I:H/A:H,none,no,total
2025-04,CVE-2025-31354,ICSA-25-100-08,Subnet Solutions PowerSYSTEM Center,4.3,CVSS:3.1/AV:A/AC:L/PR:N/UI:N/S:U/C:N/I:N/A:L,none,no,partial
2025-04,CVE-2025-31357,ICSA-25-105-04,Growatt Cloud Applications,5.3,CVSS:3.1/AV:N/AC:L/PR:N/UI:N/S:U/C:L/I:N/A:N,none,yes,partial
2025-04,CVE-2025-31360,ICSA-25-105-04,Growatt Cloud Applications,6.5,CVSS:3.1/AV:N/AC:L/PR:N/UI:N/S:U/C:N/I:L/A:L,none,yes,partial
2025-04,CVE-2025-31654,ICSA-25-105-04,Growatt Cloud Applications,5.3,CVSS:3.1/AV:N/AC:L/PR:N/UI:N/S:U/C:L/I:N/A:N,none,yes,partial
2025-04,CVE-2025-31933,ICSA-25-105-04,Growatt Cloud Applications,5.3,CVSS:3.1/AV:N/AC:L/PR:N/UI:N/S:U/C:L/I:N/A:N,none,yes,partial
2025-04,CVE-2025-31935,ICSA-25-100-08,Subnet Solutions PowerSYSTEM Center,6.2,CVSS:3.1/AV:L/AC:L/PR:N/UI:N/S:U/C:N/I:N/A:H,none,no,partial
2025-04,CVE-2025-31941,ICSA-25-105-04,Growatt Cloud Applications,5.3,CVSS:3.1/AV:N/AC:L/PR:N/UI:N/S:U/C:L/I:N/A:N,none,yes,partial
2025-04,CVE-2025-31949,ICSA-25-105-04,Growatt Cloud Applications,5.3,CVSS:3.1/AV:N/AC:L/PR:N/UI:N/S:U/C:L/I:N/A:N,none,yes,partial
2025-04,CVE-2025-31950,ICSA-25-105-04,Growatt Cloud Applications,5.3,CVSS:3.1/AV:N/AC:L/PR:N/UI:N/S:U/C:L/I:N/A:N,none,yes,partial
2025-04,CVE-2025-32475,ICSA-25-112-01,Siemens TeleControl Server Basic SQL,8.8,CVSS:3.1/AV:N/AC:L/PR:L/UI:N/S:U/C:H/I:H/A:H,none,no,total
2025-04,CVE-2025-32822,ICSA-25-112-01,Siemens TeleControl Server Basic SQL,8.8,CVSS:3.1/AV:N/AC:L/PR:L/UI:N/S:U/C:H/I:H/A:H,none,no,total
2025-04,CVE-2025-32823,ICSA-25-112-01,Siemens TeleControl Server Basic SQL,8.8,CVSS:3.1/AV:N/AC:L/PR:L/UI:N/S:U/C:H/I:H/A:H,none,no,total
2025-04,CVE-2025-32824,ICSA-25-112-01,Siemens TeleControl Server Basic SQL,8.8,CVSS:3.1/AV:N/AC:L/PR:L/UI:N/S:U/C:H/I:H/A:H,none,no,total
2025-04,CVE-2025-32825,ICSA-25-112-01,Siemens TeleControl Server Basic SQL,8.8,CVSS:3.1/AV:N/AC:L/PR:L/UI:N/S:U/C:H/I:H/A:H,none,no,total
2025-04,CVE-2025-32826,ICSA-25-112-01,Siemens TeleControl Server Basic SQL,8.8,CVSS:3.1/AV:N/AC:L/PR:L/UI:N/S:U/C:H/I:H/A:H,none,no,total
2025-04,CVE-2025-32827,ICSA-25-112-01,Siemens TeleControl Server Basic SQL,8.8,CVSS:3.1/AV:N/AC:L/PR:L/UI:N/S:U/C:H/I:H/A:H,none,no,total
2025-04,CVE-2025-32828,ICSA-25-112-01,Siemens TeleControl Server Basic SQL,8.8,CVSS:3.1/AV:N/AC:L/PR:L/UI:N/S:U/C:H/I:H/A:H,none,no,total
2025-04,CVE-2025-32829,ICSA-25-112-01,Siemens TeleControl Server Basic SQL,8.8,CVSS:3.1/AV:N/AC:L/PR:L/UI:N/S:U/C:H/I:H/A:H,none,no,total
2025-04,CVE-2025-32830,ICSA-25-112-01,Siemens TeleControl Server Basic SQL,8.8,CVSS:3.1/AV:N/AC:L/PR:L/UI:N/S:U/C:H/I:H/A:H,none,no,total
2025-04,CVE-2025-32831,ICSA-25-112-01,Siemens TeleControl Server Basic SQL,8.8,CVSS:3.1/AV:N/AC:L/PR:L/UI:N/S:U/C:H/I:H/A:H,none,no,total
2025-04,CVE-2025-32832,ICSA-25-112-01,Siemens TeleControl Server Basic SQL,8.8,CVSS:3.1/AV:N/AC:L/PR:L/UI:N/S:U/C:H/I:H/A:H,none,no,total
2025-04,CVE-2025-32833,ICSA-25-112-01,Siemens TeleControl Server Basic SQL,8.8,CVSS:3.1/AV:N/AC:L/PR:L/UI:N/S:U/C:H/I:H/A:H,none,no,total
2025-04,CVE-2025-32834,ICSA-25-112-01,Siemens TeleControl Server Basic SQL,8.8,CVSS:3.1/AV:N/AC:L/PR:L/UI:N/S:U/C:H/I:H/A:H,none,no,total
2025-04,CVE-2025-32835,ICSA-25-112-01,Siemens TeleControl Server Basic SQL,8.8,CVSS:3.1/AV:N/AC:L/PR:L/UI:N/S:U/C:H/I:H/A:H,none,no,total
2025-04,CVE-2025-32836,ICSA-25-112-01,Siemens TeleControl Server Basic SQL,8.8,CVSS:3.1/AV:N/AC:L/PR:L/UI:N/S:U/C:H/I:H/A:H,none,no,total
2025-04,CVE-2025-32837,ICSA-25-112-01,Siemens TeleControl Server Basic SQL,8.8,CVSS:3.1/AV:N/AC:L/PR:L/UI:N/S:U/C:H/I:H/A:H,none,no,total
2025-04,CVE-2025-32838,ICSA-25-112-01,Siemens TeleControl Server Basic SQL,8.8,CVSS:3.1/AV:N/AC:L/PR:L/UI:N/S:U/C:H/I:H/A:H,none,no,total
2025-04,CVE-2025-32839,ICSA-25-112-01,Siemens TeleControl Server Basic SQL,8.8,CVSS:3.1/AV:N/AC:L/PR:L/UI:N/S:U/C:H/I:H/A:H,none,no,total
2025-04,CVE-2025-32840,ICSA-25-112-01,Siemens TeleControl Server Basic SQL,8.8,CVSS:3.1/AV:N/AC:L/PR:L/UI:N/S:U/C:H/I:H/A:H,none,no,total
2025-04,CVE-2025-32841,ICSA-25-112-01,Siemens TeleControl Server Basic SQL,8.8,CVSS:3.1/AV:N/AC:L/PR:L/UI:N/S:U/C:H/I:H/A:H,none,no,total
2025-04,CVE-2025-32842,ICSA-25-112-01,Siemens TeleControl Server Basic SQL,8.8,CVSS:3.1/AV:N/AC:L/PR:L/UI:N/S:U/C:H/I:H/A:H,none,no,total
2025-04,CVE-2025-32843,ICSA-25-112-01,Siemens TeleControl Server Basic SQL,8.8,CVSS:3.1/AV:N/AC:L/PR:L/UI:N/S:U/C:H/I:H/A:H,none,no,total
2025-04,CVE-2025-32844,ICSA-25-112-01,Siemens TeleControl Server Basic SQL,8.8,CVSS:3.1/AV:N/AC:L/PR:L/UI:N/S:U/C:H/I:H/A:H,none,no,total
2025-04,CVE-2025-32845,ICSA-25-112-01,Siemens TeleControl Server Basic SQL,8.8,CVSS:3.1/AV:N/AC:L/PR:L/UI:N/S:U/C:H/I:H/A:H,none,no,total
2025-04,CVE-2025-32846,ICSA-25-112-01,Siemens TeleControl Server Basic SQL,8.8,CVSS:3.1/AV:N/AC:L/PR:L/UI:N/S:U/C:H/I:H/A:H,none,no,total
2025-04,CVE-2025-32847,ICSA-25-112-01,Siemens TeleControl Server Basic SQL,8.8,CVSS:3.1/AV:N/AC:L/PR:L/UI:N/S:U/C:H/I:H/A:H,none,no,total
2025-04,CVE-2025-32848,ICSA-25-112-01,Siemens TeleControl Server Basic SQL,8.8,CVSS:3.1/AV:N/AC:L/PR:L/UI:N/S:U/C:H/I:H/A:H,none,no,total
2025-04,CVE-2025-32849,ICSA-25-112-01,Siemens TeleControl Server Basic SQL,8.8,CVSS:3.1/AV:N/AC:L/PR:L/UI:N/S:U/C:H/I:H/A:H,none,no,total
2025-04,CVE-2025-3285,ICSA-25-100-07,Rockwell Automation Arena,7.8,CVSS:3.1/AV:L/AC:L/PR:N/UI:R/S:U/C:H/I:H/A:H,none,no,total
2025-04,CVE-2025-32850,ICSA-25-112-01,Siemens TeleControl Server Basic SQL,8.8,CVSS:3.1/AV:N/AC:L/PR:L/UI:N/S:U/C:H/I:H/A:H,none,no,total
2025-04,CVE-2025-32851,ICSA-25-112-01,Siemens TeleControl Server Basic SQL,8.8,CVSS:3.1/AV:N/AC:L/PR:L/UI:N/S:U/C:H/I:H/A:H,none,no,total
2025-04,CVE-2025-32852,ICSA-25-112-01,Siemens TeleControl Server Basic SQL,8.8,CVSS:3.1/AV:N/AC:L/PR:L/UI:N/S:U/C:H/I:H/A:H,none,no,total
2025-04,CVE-2025-32853,ICSA-25-112-01,Siemens TeleControl Server Basic SQL,8.8,CVSS:3.1/AV:N/AC:L/PR:L/UI:N/S:U/C:H/I:H/A:H,none,no,total
2025-04,CVE-2025-32854,ICSA-25-112-01,Siemens TeleControl Server Basic SQL,8.8,CVSS:3.1/AV:N/AC:L/PR:L/UI:N/S:U/C:H/I:H/A:H,none,no,total
2025-04,CVE-2025-32855,ICSA-25-112-01,Siemens TeleControl Server Basic SQL,8.8,CVSS:3.1/AV:N/AC:L/PR:L/UI:N/S:U/C:H/I:H/A:H,none,no,total
2025-04,CVE-2025-32856,ICSA-25-112-01,Siemens TeleControl Server Basic SQL,8.8,CVSS:3.1/AV:N/AC:L/PR:L/UI:N/S:U/C:H/I:H/A:H,none,no,total
2025-04,CVE-2025-32857,ICSA-25-112-01,Siemens TeleControl Server Basic SQL,8.8,CVSS:3.1/AV:N/AC:L/PR:L/UI:N/S:U/C:H/I:H/A:H,none,no,total
2025-04,CVE-2025-32858,ICSA-25-112-01,Siemens TeleControl Server Basic SQL,8.8,CVSS:3.1/AV:N/AC:L/PR:L/UI:N/S:U/C:H/I:H/A:H,none,no,total
2025-04,CVE-2025-32859,ICSA-25-112-01,Siemens TeleControl Server Basic SQL,8.8,CVSS:3.1/AV:N/AC:L/PR:L/UI:N/S:U/C:H/I:H/A:H,none,no,total
2025-04,CVE-2025-3286,ICSA-25-100-07,Rockwell Automation Arena,7.8,CVSS:3.1/AV:L/AC:L/PR:N/UI:R/S:U/C:H/I:H/A:H,none,no,total
2025-04,CVE-2025-32860,ICSA-25-112-01,Siemens TeleControl Server Basic SQL,8.8,CVSS:3.1/AV:N/AC:L/PR:L/UI:N/S:U/C:H/I:H/A:H,none,no,total
2025-04,CVE-2025-32861,ICSA-25-112-01,Siemens TeleControl Server Basic SQL,8.8,CVSS:3.1/AV:N/AC:L/PR:L/UI:N/S:U/C:H/I:H/A:H,none,no,total
2025-04,CVE-2025-32862,ICSA-25-112-01,Siemens TeleControl Server Basic SQL,8.8,CVSS:3.1/AV:N/AC:L/PR:L/UI:N/S:U/C:H/I:H/A:H,none,no,total
2025-04,CVE-2025-32863,ICSA-25-112-01,Siemens TeleControl Server Basic SQL,8.8,CVSS:3.1/AV:N/AC:L/PR:L/UI:N/S:U/C:H/I:H/A:H,none,no,total
2025-04,CVE-2025-32864,ICSA-25-112-01,Siemens TeleControl Server Basic SQL,8.8,CVSS:3.1/AV:N/AC:L/PR:L/UI:N/S:U/C:H/I:H/A:H,none,no,total
2025-04,CVE-2025-32865,ICSA-25-112-01,Siemens TeleControl Server Basic SQL,8.8,CVSS:3.1/AV:N/AC:L/PR:L/UI:N/S:U/C:H/I:H/A:H,none,no,total
2025-04,CVE-2025-32866,ICSA-25-112-01,Siemens TeleControl Server Basic SQL,8.8,CVSS:3.1/AV:N/AC:L/PR:L/UI:N/S:U/C:H/I:H/A:H,none,no,total
2025-04,CVE-2025-32867,ICSA-25-112-01,Siemens TeleControl Server Basic SQL,8.8,CVSS:3.1/AV:N/AC:L/PR:L/UI:N/S:U/C:H/I:H/A:H,none,no,total
2025-04,CVE-2025-32869,ICSA-25-112-01,Siemens TeleControl Server Basic SQL,8.8,CVSS:3.1/AV:N/AC:L/PR:L/UI:N/S:U/C:H/I:H/A:H,none,no,total
2025-04,CVE-2025-3287,ICSA-25-100-07,Rockwell Automation Arena,7.8,CVSS:3.1/AV:L/AC:L/PR:N/UI:R/S:U/C:H/I:H/A:H,none,no,total
2025-04,CVE-2025-32870,ICSA-25-112-01,Siemens TeleControl Server Basic SQL,8.8,CVSS:3.1/AV:N/AC:L/PR:L/UI:N/S:U/C:H/I:H/A:H,none,no,total
2025-04,CVE-2025-32871,ICSA-25-112-01,Siemens TeleControl Server Basic SQL,8.8,CVSS:3.1/AV:N/AC:L/PR:L/UI:N/S:U/C:H/I:H/A:H,none,no,total
2025-04,CVE-2025-32872,ICSA-25-112-01,Siemens TeleControl Server Basic SQL,8.8,CVSS:3.1/AV:N/AC:L/PR:L/UI:N/S:U/C:H/I:H/A:H,none,no,total
2025-04,CVE-2025-3288,ICSA-25-100-07,Rockwell Automation Arena,7.8,CVSS:3.1/AV:L/AC:L/PR:N/UI:R/S:U/C:H/I:H/A:H,none,no,total
2025-04,CVE-2025-3289,ICSA-25-100-07,Rockwell Automation Arena,7.8,CVSS:3.1/AV:L/AC:L/PR:N/UI:R/S:U/C:H/I:H/A:H,none,no,total
2025-04,CVE-2025-3495,ICSA-25-105-07,Delta Electronics COMMGR (Update A),9.8,CVSS:3.1/AV:N/AC:L/PR:N/UI:N/S:U/C:H/I:H/A:H,none,yes,total
2025-04,CVE-2025-3511,ICSA-25-128-03,Mitsubishi Electric Multiple FA Products (Update D),7.5,CVSS:3.1/AV:N/AC:L/PR:N/UI:N/S:U/C:N/I:N/A:H,none,yes,partial
2025-04,CVE-2025-3606,ICSA-25-114-03,Vestel AC Charger,7.5,CVSS:3.1/AV:N/AC:L/PR:N/UI:N/S:U/C:H/I:N/A:N,none,yes,partial
2025-04,CVE-2025-3617,ICSA-25-119-01,Rockwell Automation ThinManager,7.8,CVSS:3.1/AV:L/AC:L/PR:L/UI:N/S:U/C:H/I:H/A:H,none,no,total
2025-04,CVE-2025-3618,ICSA-25-119-01,Rockwell Automation ThinManager,7.5,CVSS:3.1/AV:N/AC:L/PR:N/UI:N/S:U/C:N/I:N/A:H,none,no,total
2025-04,CVE-2025-46271,ICSA-25-114-06,Planet Technology Network Products,9.1,CVSS:3.1/AV:N/AC:L/PR:N/UI:N/S:U/C:H/I:H/A:N,none,yes,total
2025-04,CVE-2025-46272,ICSA-25-114-06,Planet Technology Network Products,9.1,CVSS:3.1/AV:N/AC:L/PR:N/UI:N/S:U/C:H/I:H/A:N,none,yes,total
2025-04,CVE-2025-46273,ICSA-25-114-06,Planet Technology Network Products,9.8,CVSS:3.1/AV:N/AC:L/PR:N/UI:N/S:U/C:H/I:H/A:H,none,yes,total
2025-04,CVE-2025-46274,ICSA-25-114-06,Planet Technology Network Products,9.8,CVSS:3.1/AV:N/AC:L/PR:N/UI:N/S:U/C:H/I:H/A:H,none,yes,total
2025-04,CVE-2025-46275,ICSA-25-114-06,Planet Technology Network Products,9.8,CVSS:3.1/AV:N/AC:L/PR:N/UI:N/S:U/C:H/I:H/A:H,none,yes,total
2025-05,CVE-2022-31807,ICSA-25-148-01,Siemens SiPass,6.2,CVSS:3.1/AV:L/AC:L/PR:N/UI:N/S:U/C:N/I:H/A:N,none,no,partial
2025-05,CVE-2022-31812,ICSA-25-148-02,Siemens SiPass Integrated,7.5,CVSS:3.1/AV:N/AC:L/PR:N/UI:N/S:U/C:N/I:N/A:H,none,yes,partial
2025-05,CVE-2023-4041,ICSA-25-140-06,Schneider Electric PrismaSeT Active - Wireless Panel Server,9.8,CVSS:3.1/AV:N/AC:L/PR:N/UI:N/S:U/C:H/I:H/A:H,none,yes,total
2025-05,CVE-2024-0056,ICSA-25-135-02,Siemens INTRALOG WMS,8.7,CVSS:3.1/AV:N/AC:H/PR:N/UI:N/S:C/C:H/I:H/A:N,none,no,total
2025-05,CVE-2024-20672,ICSA-25-135-02,Siemens INTRALOG WMS,7.5,CVSS:3.1/AV:N/AC:L/PR:N/UI:N/S:U/C:N/I:N/A:H,none,yes,partial
2025-05,CVE-2024-23815,ICSA-25-135-04,Siemens Desigo,7.5,CVSS:3.1/AV:N/AC:L/PR:N/UI:N/S:U/C:H/I:N/A:N,none,yes,partial
2025-05,CVE-2024-30105,ICSA-25-135-02,Siemens INTRALOG WMS,7.5,CVSS:3.1/AV:N/AC:L/PR:N/UI:N/S:U/C:N/I:N/A:H,none,yes,partial
2025-05,CVE-2024-32122,ICSA-25-135-01,Siemens RUGGEDCOM APE1808 Devices,2.3,CVSS:3.1/AV:L/AC:L/PR:H/UI:N/S:U/C:L/I:N/A:N,none,no,partial
2025-05,CVE-2024-35264,ICSA-25-135-02,Siemens INTRALOG WMS,8.1,CVSS:3.1/AV:N/AC:H/PR:N/UI:N/S:U/C:H/I:H/A:H,none,no,total
2025-05,CVE-2024-3596,ICSA-25-135-05,Siemens SIPROTEC and SICAM,9.0,CVSS:3.1/AV:N/AC:H/PR:N/UI:N/S:C/C:H/I:H/A:H,none,no,total
2025-05,CVE-2024-38081,ICSA-25-135-02,Siemens INTRALOG WMS,7.3,CVSS:3.1/AV:L/AC:L/PR:L/UI:R/S:U/C:H/I:H/A:H,none,no,total
2025-05,CVE-2024-38095,ICSA-25-135-02,Siemens INTRALOG WMS,7.5,CVSS:3.1/AV:N/AC:L/PR:N/UI:N/S:U/C:N/I:N/A:H,none,yes,partial
2025-05,CVE-2024-43483,ICSA-25-135-02,Siemens INTRALOG WMS,7.5,CVSS:3.1/AV:N/AC:L/PR:N/UI:N/S:U/C:N/I:N/A:H,none,yes,partial
2025-05,CVE-2024-43485,ICSA-25-135-02,Siemens INTRALOG WMS,7.5,CVSS:3.1/AV:N/AC:L/PR:N/UI:N/S:U/C:N/I:N/A:H,none,yes,partial
2025-05,CVE-2024-51444,ICSA-25-135-11,Siemens Polarion,6.5,CVSS:3.1/AV:N/AC:L/PR:L/UI:N/S:U/C:H/I:N/A:N,none,no,partial
2025-05,CVE-2024-51445,ICSA-25-135-11,Siemens Polarion,6.5,CVSS:3.1/AV:N/AC:L/PR:L/UI:N/S:U/C:H/I:N/A:N,none,no,partial
2025-05,CVE-2024-51446,ICSA-25-135-11,Siemens Polarion,6.5,CVSS:3.1/AV:N/AC:L/PR:L/UI:R/S:C/C:L/I:L/A:L,none,no,partial
2025-05,CVE-2024-51447,ICSA-25-135-11,Siemens Polarion,5.3,CVSS:3.1/AV:N/AC:L/PR:N/UI:N/S:U/C:L/I:N/A:N,none,yes,partial
2025-05,CVE-2024-52963,ICSA-25-135-01,Siemens RUGGEDCOM APE1808 Devices,3.7,CVSS:3.1/AV:N/AC:H/PR:N/UI:N/S:U/C:N/I:N/A:L/E:F/RL:W/RC:C,none,no,partial
2025-05,CVE-2024-54085,ICSA-25-135-07,Siemens SIMATIC IPC RS-828A,10.0,CVSS:3.1/AV:N/AC:L/PR:N/UI:N/S:C/C:H/I:H/A:H,active,yes,total
2025-05,CVE-2025-0921,ICSA-25-140-04,Mitsubishi Electric Iconics Digital Solutions and Mitsubishi Electric Products (Update F),6.5,CVSS:3.1/AV:L/AC:L/PR:L/UI:N/S:C/C:N/I:H/A:N,none,no,partial
2025-05,CVE-2025-1688,ICSA-25-140-05,Siemens Siveillance Video,5.5,CVSS:3.1/AV:N/AC:H/PR:H/UI:N/S:C/C:L/I:L/A:L,none,no,partial
2025-05,CVE-2025-1907,ICSA-25-148-04,Instantel Micromate (Update A),9.8,CVSS:3.1/AV:N/AC:L/PR:N/UI:N/S:U/C:H/I:H/A:H,none,yes,total
2025-05,CVE-2025-24007,ICSA-25-135-13,Siemens SIRIUS,7.5,CVSS:3.1/AV:N/AC:L/PR:N/UI:N/S:U/C:H/I:N/A:N,none,yes,partial
2025-05,CVE-2025-24008,ICSA-25-135-13,Siemens SIRIUS,6.5,CVSS:3.1/AV:N/AC:L/PR:N/UI:R/S:U/C:H/I:N/A:N,none,no,partial
2025-05,CVE-2025-24009,ICSA-25-135-13,Siemens SIRIUS,5.9,CVSS:3.1/AV:N/AC:H/PR:N/UI:N/S:U/C:H/I:N/A:N,none,no,partial
2025-05,CVE-2025-24510,ICSA-25-135-16,Siemens MS/TP Point Pickup Module,6.5,CVSS:3.1/AV:A/AC:L/PR:N/UI:N/S:U/C:N/I:N/A:H,none,no,partial
2025-05,CVE-2025-24522,ICSA-25-121-01,KUNBUS GmbH Revolution Pi (Update A),10.0,CVSS:3.1/AV:N/AC:L/PR:N/UI:N/S:C/C:H/I:H/A:H,none,no,partial
2025-05,CVE-2025-26389,ICSA-25-135-10,Siemens OZW Web Servers,10.0,CVSS:3.1/AV:N/AC:L/PR:N/UI:N/S:C/C:H/I:H/A:H,none,yes,total
2025-05,CVE-2025-26390,ICSA-25-135-10,Siemens OZW Web Servers,9.8,CVSS:3.1/AV:N/AC:L/PR:N/UI:N/S:U/C:H/I:H/A:H,none,yes,total
2025-05,CVE-2025-2875,ICSA-25-140-08,Schneider Electric Modicon Controllers (Update B),7.5,CVSS:3.1/AV:N/AC:L/PR:N/UI:N/S:U/C:H/I:N/A:N,none,yes,partial
2025-05,CVE-2025-30174,ICSA-25-135-09,Siemens User Management Component (UMC),7.5,CVSS:3.1/AV:N/AC:L/PR:N/UI:N/S:U/C:N/I:N/A:H,none,yes,partial
2025-05,CVE-2025-30175,ICSA-25-135-09,Siemens User Management Component (UMC),7.5,CVSS:3.1/AV:N/AC:L/PR:N/UI:N/S:U/C:N/I:N/A:H,none,yes,partial
2025-05,CVE-2025-30176,ICSA-25-135-09,Siemens User Management Component (UMC),7.5,CVSS:3.1/AV:N/AC:L/PR:N/UI:N/S:U/C:N/I:N/A:H,none,yes,partial
2025-05,CVE-2025-30417,ICSA-25-140-02,National Instruments Circuit Design Suite,7.8,CVSS:3.1/AV:L/AC:L/PR:N/UI:R/S:U/C:H/I:H/A:H,none,no,total
2025-05,CVE-2025-30418,ICSA-25-140-02,National Instruments Circuit Design Suite,7.8,CVSS:3.1/AV:L/AC:L/PR:N/UI:R/S:U/C:H/I:H/A:H,none,no,total
2025-05,CVE-2025-30419,ICSA-25-140-02,National Instruments Circuit Design Suite,7.8,CVSS:3.1/AV:L/AC:L/PR:N/UI:R/S:U/C:H/I:H/A:H,none,no,total
2025-05,CVE-2025-30420,ICSA-25-140-02,National Instruments Circuit Design Suite,7.8,CVSS:3.1/AV:L/AC:L/PR:N/UI:R/S:U/C:H/I:H/A:H,none,no,total
2025-05,CVE-2025-30421,ICSA-25-140-02,National Instruments Circuit Design Suite,7.8,CVSS:3.1/AV:L/AC:L/PR:N/UI:R/S:U/C:H/I:H/A:H,none,no,total
2025-05,CVE-2025-31929,ICSA-25-135-08,Siemens VersiCharge AC Series EV Chargers,4.2,CVSS:3.1/AV:P/AC:H/PR:N/UI:N/S:U/C:N/I:H/A:N,none,no,partial
2025-05,CVE-2025-31930,ICSA-25-135-08,Siemens VersiCharge AC Series EV Chargers,8.8,CVSS:3.1/AV:A/AC:L/PR:N/UI:N/S:U/C:H/I:H/A:H,none,no,total
2025-05,CVE-2025-32011,ICSA-25-121-01,KUNBUS GmbH Revolution Pi (Update A),9.8,CVSS:3.1/AV:N/AC:L/PR:N/UI:N/S:U/C:H/I:H/A:H,none,yes,total
2025-05,CVE-2025-32433,ICSA-25-140-07,"Schneider Electric Galaxy VS, Galaxy VL, Galaxy VXL (Update A)",10,CVSS:3.1/AV:N/AC:L/PR:N/UI:N/S:C/C:H/I:H/A:H,active,yes,total
2025-05,CVE-2025-32454,ICSA-25-135-06,Siemens Teamcenter Visualization,7.8,CVSS:3.1/AV:L/AC:L/PR:N/UI:R/S:U/C:H/I:H/A:H,none,no,total
2025-05,CVE-2025-32469,ICSA-25-135-17,Siemens RUGGEDCOM ROX II,9.9,CVSS:3.1/AV:N/AC:L/PR:L/UI:N/S:C/C:H/I:H/A:H,none,no,total
2025-05,CVE-2025-33024,ICSA-25-135-17,Siemens RUGGEDCOM ROX II,9.9,CVSS:3.1/AV:N/AC:L/PR:L/UI:N/S:C/C:H/I:H/A:H,none,no,total
2025-05,CVE-2025-33025,ICSA-25-135-17,Siemens RUGGEDCOM ROX II,9.9,CVSS:3.1/AV:N/AC:L/PR:L/UI:N/S:C/C:H/I:H/A:H,none,no,total
2025-05,CVE-2025-35996,ICSA-25-121-01,KUNBUS GmbH Revolution Pi (Update A),9.0,CVSS:3.1/AV:N/AC:L/PR:L/UI:R/S:C/C:H/I:H/A:H,none,no,total
2025-05,CVE-2025-36535,ICSA-25-140-09,AutomationDirect MB-Gateway,10.0,CVSS:3.1/AV:N/AC:L/PR:N/UI:N/S:C/C:H/I:H/A:H,none,yes,total
2025-05,CVE-2025-36558,ICSA-25-121-01,KUNBUS GmbH Revolution Pi (Update A),6.1,CVSS:3.1/AV:N/AC:L/PR:N/UI:R/S:C/C:L/I:L/A:N,none,no,partial
2025-05,CVE-2025-3916,ICSA-25-135-20,Schneider Electric EcoStruxure Power Build Rapsody,5.3,CVSS:3.1/AV:L/AC:L/PR:N/UI:R/S:U/C:L/I:L/A:L,none,no,partial
2025-05,CVE-2025-3925,ICSA-25-126-03,BrightSign Players (Update A),7.8,CVSS:3.1/AV:L/AC:L/PR:L/UI:N/S:U/C:H/I:H/A:H,none,no,total
2025-05,CVE-2025-4041,ICSA-25-126-01,Optigo Networks ONS NC600,9.8,CVSS:3.1/AV:N/AC:L/PR:N/UI:N/S:U/C:H/I:H/A:H,none,yes,total
2025-05,CVE-2025-4043,ICSA-25-126-02,Milesight UG65-868M-EA,6.8,CVSS:3.1/AV:N/AC:L/PR:H/UI:N/S:C/C:N/I:H/A:N,none,no,partial
2025-05,CVE-2025-40555,ICSA-25-135-14,Siemens APOGEE PXC and TALON TC Series,4.7,CVSS:3.1/AV:A/AC:L/PR:N/UI:N/S:C/C:N/I:N/A:L,none,no,partial
2025-05,CVE-2025-40556,ICSA-25-135-03,Siemens BACnet ATEC Devices,6.5,CVSS:3.1/AV:A/AC:L/PR:N/UI:N/S:U/C:N/I:N/A:H,none,no,partial
2025-05,CVE-2025-40566,ICSA-25-135-12,Siemens SIMATIC PCS,8.8,CVSS:3.1/AV:N/AC:L/PR:N/UI:R/S:U/C:H/I:H/A:H,none,no,total
2025-05,CVE-2025-40571,ICSA-25-135-15,Siemens Mendix OIDC SSO,2.2,CVSS:3.1/AV:N/AC:H/PR:H/UI:N/S:U/C:L/I:N/A:N,none,no,partial
2025-05,CVE-2025-40572,ICSA-25-135-18,Siemens SCALANCE LPE9403,5.5,CVSS:3.1/AV:L/AC:L/PR:L/UI:N/S:U/C:H/I:N/A:N,none,no,partial
2025-05,CVE-2025-40573,ICSA-25-135-18,Siemens SCALANCE LPE9403,4.4,CVSS:3.1/AV:L/AC:L/PR:H/UI:N/S:U/C:N/I:H/A:N,none,no,partial
2025-05,CVE-2025-40574,ICSA-25-135-18,Siemens SCALANCE LPE9403,7.8,CVSS:3.1/AV:L/AC:L/PR:L/UI:N/S:U/C:H/I:H/A:H,none,no,total
2025-05,CVE-2025-40575,ICSA-25-135-18,Siemens SCALANCE LPE9403,4.3,CVSS:3.1/AV:A/AC:L/PR:N/UI:N/S:U/C:N/I:N/A:L,none,no,partial
2025-05,CVE-2025-40576,ICSA-25-135-18,Siemens SCALANCE LPE9403,4.3,CVSS:3.1/AV:A/AC:L/PR:N/UI:N/S:U/C:N/I:N/A:L,none,no,partial
2025-05,CVE-2025-40577,ICSA-25-135-18,Siemens SCALANCE LPE9403,4.3,CVSS:3.1/AV:A/AC:L/PR:N/UI:N/S:U/C:N/I:N/A:L,none,no,partial
2025-05,CVE-2025-40578,ICSA-25-135-18,Siemens SCALANCE LPE9403,4.3,CVSS:3.1/AV:A/AC:L/PR:N/UI:N/S:U/C:N/I:N/A:L,none,no,partial
2025-05,CVE-2025-40579,ICSA-25-135-18,Siemens SCALANCE LPE9403,6.7,CVSS:3.1/AV:L/AC:H/PR:L/UI:R/S:U/C:H/I:H/A:H,none,no,total
2025-05,CVE-2025-40580,ICSA-25-135-18,Siemens SCALANCE LPE9403,6.7,CVSS:3.1/AV:L/AC:H/PR:L/UI:R/S:U/C:H/I:H/A:H,none,no,total
2025-05,CVE-2025-40581,ICSA-25-135-18,Siemens SCALANCE LPE9403,7.1,CVSS:3.1/AV:L/AC:L/PR:L/UI:N/S:U/C:H/I:H/A:N,none,no,total
2025-05,CVE-2025-40582,ICSA-25-135-18,Siemens SCALANCE LPE9403,7.8,CVSS:3.1/AV:L/AC:L/PR:L/UI:N/S:U/C:H/I:H/A:H,none,no,total
2025-05,CVE-2025-40583,ICSA-25-135-18,Siemens SCALANCE LPE9403,4.4,CVSS:3.1/AV:L/AC:L/PR:H/UI:N/S:U/C:H/I:N/A:N,none,no,partial
2025-05,CVE-2025-4098,ICSA-25-128-01,Horner Automation Cscape,7.8,CVSS:3.1/AV:L/AC:L/PR:N/UI:R/S:U/C:H/I:H/A:H,none,no,total
2025-05,CVE-2025-41426,ICSA-25-140-10,Vertiv Liebert RDU101 and UNITY,9.8,CVSS:3.1/AV:N/AC:L/PR:N/UI:N/S:U/C:H/I:H/A:H,none,yes,total
2025-05,CVE-2025-41438,ICSA-25-148-03,Consilium Safety CS5000 Fire Panel (Update A),8.4,CVSS:3.1/AV:L/AC:L/PR:N/UI:N/S:U/C:H/I:H/A:H,none,yes,total
2025-05,CVE-2025-41450,ICSA-25-140-03,Danfoss AK-SM 8xxA Series (Update A),8.2,CVSS:3.1/AV:N/AC:H/PR:N/UI:R/S:C/C:H/I:L/A:H,none,no,partial
2025-05,CVE-2025-4338,ICSA-25-142-01,Lantronix Device Installer,6.8,CVSS:3.1/AV:A/AC:L/PR:N/UI:R/S:U/C:H/I:L/A:L,none,no,partial
2025-05,CVE-2025-4364,ICSA-25-140-11,Assured Telematics Inc (ATI) Fleet Management System (Update A),7.5,CVSS:3.1/AV:N/AC:L/PR:N/UI:N/S:U/C:H/I:N/A:N,none,yes,partial
2025-05,CVE-2025-46352,ICSA-25-148-03,Consilium Safety CS5000 Fire Panel (Update A),8.4,CVSS:3.1/AV:L/AC:L/PR:N/UI:N/S:U/C:H/I:H/A:H,none,yes,total
2025-05,CVE-2025-46412,ICSA-25-140-10,Vertiv Liebert RDU101 and UNITY,9.8,CVSS:3.1/AV:N/AC:L/PR:N/UI:N/S:U/C:H/I:H/A:H,none,yes,total
2025-05,CVE-2025-4692,ICSA-25-140-01,ABUP IoT Cloud Platform,6.8,CVSS:3.1/AV:N/AC:L/PR:L/UI:R/S:U/C:H/I:L/A:L,none,no,partial
2025-06,CVE-2023-28531,ICSA-25-162-05,Siemens SIMATIC S7-1500 CPU family,9.8,CVSS:3.1/AV:N/AC:L/PR:N/UI:N/S:U/C:H/I:H/A:H,none,no,partial
2025-06,CVE-2023-38545,ICSA-25-162-05,Siemens SIMATIC S7-1500 CPU family,8.8,CVSS:3.1/AV:N/AC:L/PR:N/UI:R/S:U/C:H/I:H/A:H,poc,no,total
2025-06,CVE-2023-38546,ICSA-25-162-05,Siemens SIMATIC S7-1500 CPU family,3.7,CVSS:3.1/AV:N/AC:H/PR:N/UI:N/S:U/C:N/I:L/A:N,none,no,partial
2025-06,CVE-2023-4041,ICSA-25-153-01,Schneider Electric Wiser Home Automation,9.8,CVSS:3.1/AV:N/AC:L/PR:N/UI:N/S:U/C:H/I:H/A:H,none,yes,total
2025-06,CVE-2023-44487,ICSA-25-162-05,Siemens SIMATIC S7-1500 CPU family,7.5,CVSS:3.1/AV:N/AC:L/PR:N/UI:N/S:U/C:N/I:N/A:H,active,yes,partial
2025-06,CVE-2023-4527,ICSA-25-162-05,Siemens SIMATIC S7-1500 CPU family,6.5,CVSS:3.1/AV:N/AC:H/PR:N/UI:N/S:U/C:L/I:N/A:H,none,no,partial
2025-06,CVE-2023-46218,ICSA-25-162-05,Siemens SIMATIC S7-1500 CPU family,6.5,CVSS:3.1/AV:N/AC:L/PR:N/UI:N/S:U/C:L/I:L/A:N,poc,yes,partial
2025-06,CVE-2023-46219,ICSA-25-162-05,Siemens SIMATIC S7-1500 CPU family,5.3,CVSS:3.1/AV:N/AC:L/PR:N/UI:N/S:U/C:N/I:L/A:N,poc,yes,partial
2025-06,CVE-2023-4806,ICSA-25-162-05,Siemens SIMATIC S7-1500 CPU family,5.9,CVSS:3.1/AV:N/AC:H/PR:N/UI:N/S:U/C:N/I:N/A:H,none,no,partial
2025-06,CVE-2023-48795,ICSA-25-162-05,Siemens SIMATIC S7-1500 CPU family,5.9,CVSS:3.1/AV:N/AC:H/PR:N/UI:N/S:U/C:N/I:H/A:N,poc,no,partial
2025-06,CVE-2023-4911,ICSA-25-162-05,Siemens SIMATIC S7-1500 CPU family,7.8,CVSS:3.1/AV:L/AC:L/PR:L/UI:N/S:U/C:H/I:H/A:H,active,no,total
2025-06,CVE-2023-51384,ICSA-25-162-05,Siemens SIMATIC S7-1500 CPU family,5.5,CVSS:3.1/AV:L/AC:L/PR:L/UI:N/S:U/C:H/I:N/A:N,none,no,partial
2025-06,CVE-2023-51385,ICSA-25-162-05,Siemens SIMATIC S7-1500 CPU family,6.5,CVSS:3.1/AV:N/AC:L/PR:N/UI:N/S:U/C:L/I:L/A:N,poc,yes,total
2025-06,CVE-2023-5363,ICSA-25-162-05,Siemens SIMATIC S7-1500 CPU family,7.5,CVSS:3.1/AV:N/AC:L/PR:N/UI:N/S:U/C:H/I:N/A:N,none,yes,partial
2025-06,CVE-2023-6246,ICSA-25-162-05,Siemens SIMATIC S7-1500 CPU family,7.8,CVSS:3.1/AV:L/AC:L/PR:L/UI:N/S:U/C:H/I:H/A:H,poc,no,total
2025-06,CVE-2023-6779,ICSA-25-162-05,Siemens SIMATIC S7-1500 CPU family,7.5,CVSS:3.1/AV:N/AC:L/PR:N/UI:N/S:U/C:N/I:N/A:H,none,no,partial
2025-06,CVE-2023-6780,ICSA-25-162-05,Siemens SIMATIC S7-1500 CPU family,5.3,CVSS:3.1/AV:N/AC:L/PR:N/UI:N/S:U/C:N/I:N/A:L,poc,no,partial
2025-06,CVE-2024-12133,ICSA-25-162-05,Siemens SIMATIC S7-1500 CPU family,5.3,CVSS:3.1/AV:N/AC:L/PR:N/UI:N/S:U/C:N/I:N/A:L,none,yes,partial
2025-06,CVE-2024-12243,ICSA-25-162-05,Siemens SIMATIC S7-1500 CPU family,5.3,CVSS:3.1/AV:N/AC:L/PR:N/UI:N/S:U/C:N/I:N/A:L,none,yes,partial
2025-06,CVE-2024-24855,ICSA-25-162-05,Siemens SIMATIC S7-1500 CPU family,5.0,CVSS:3.1/AV:L/AC:H/PR:L/UI:R/S:U/C:N/I:L/A:H,none,no,partial
2025-06,CVE-2024-26596,ICSA-25-162-05,Siemens SIMATIC S7-1500 CPU family,5.5,CVSS:3.1/AV:L/AC:L/PR:L/UI:N/S:U/C:N/I:N/A:H,none,no,partial
2025-06,CVE-2024-28085,ICSA-25-162-05,Siemens SIMATIC S7-1500 CPU family,3.3,CVSS:3.1/AV:L/AC:L/PR:L/UI:N/S:U/C:N/I:L/A:N,poc,no,partial
2025-06,CVE-2024-2961,ICSA-25-162-05,Siemens SIMATIC S7-1500 CPU family,8.8,CVSS:3.1/AV:N/AC:L/PR:L/UI:N/S:U/C:H/I:H/A:H,poc,no,total
2025-06,CVE-2024-33599,ICSA-25-162-05,Siemens SIMATIC S7-1500 CPU family,7.6,CVSS:3.1/AV:N/AC:L/PR:L/UI:N/S:U/C:L/I:L/A:H,none,no,partial
2025-06,CVE-2024-33600,ICSA-25-162-05,Siemens SIMATIC S7-1500 CPU family,5.3,CVSS:3.1/AV:N/AC:L/PR:N/UI:N/S:U/C:N/I:N/A:L,none,no,partial
2025-06,CVE-2024-33601,ICSA-25-162-05,Siemens SIMATIC S7-1500 CPU family,4.0,CVSS:3.1/AV:L/AC:L/PR:N/UI:N/S:U/C:N/I:N/A:L,none,yes,partial
2025-06,CVE-2024-33602,ICSA-25-162-05,Siemens SIMATIC S7-1500 CPU family,4.0,CVSS:3.1/AV:L/AC:L/PR:N/UI:N/S:U/C:N/I:N/A:L,none,no,total
2025-06,CVE-2024-34397,ICSA-25-162-05,Siemens SIMATIC S7-1500 CPU family,5.2,CVSS:3.1/AV:P/AC:L/PR:N/UI:N/S:U/C:N/I:H/A:L,none,no,partial
2025-06,CVE-2024-37370,ICSA-25-162-05,Siemens SIMATIC S7-1500 CPU family,7.4,CVSS:3.1/AV:N/AC:H/PR:N/UI:N/S:U/C:N/I:H/A:H,none,no,partial
2025-06,CVE-2024-37371,ICSA-25-162-05,Siemens SIMATIC S7-1500 CPU family,6.5,CVSS:3.1/AV:N/AC:L/PR:L/UI:N/S:U/C:N/I:N/A:H,none,no,partial
2025-06,CVE-2024-41797,ICSA-25-162-03,Siemens SCALANCE and RUGGEDCOM,4.3,CVSS:3.1/AV:N/AC:L/PR:L/UI:N/S:U/C:N/I:L/A:N,none,no,partial
2025-06,CVE-2024-45490,ICSA-25-162-05,Siemens SIMATIC S7-1500 CPU family,9.8,CVSS:3.1/AV:N/AC:L/PR:N/UI:N/S:U/C:H/I:H/A:H,none,yes,total
2025-06,CVE-2024-45491,ICSA-25-162-05,Siemens SIMATIC S7-1500 CPU family,7.3,CVSS:3.1/AV:N/AC:L/PR:N/UI:N/S:U/C:L/I:L/A:L,none,yes,partial
2025-06,CVE-2024-45492,ICSA-25-162-05,Siemens SIMATIC S7-1500 CPU family,7.3,CVSS:3.1/AV:N/AC:L/PR:N/UI:N/S:U/C:L/I:L/A:L,none,yes,partial
2025-06,CVE-2024-53166,ICSA-25-162-05,Siemens SIMATIC S7-1500 CPU family,7.8,CVSS:3.1/AV:L/AC:L/PR:L/UI:N/S:U/C:H/I:H/A:H,none,no,total
2025-06,CVE-2024-6119,ICSA-25-162-05,Siemens SIMATIC S7-1500 CPU family,7.5,CVSS:3.1/AV:N/AC:L/PR:N/UI:N/S:U/C:H/I:N/A:N,none,yes,partial
2025-06,CVE-2024-6387,ICSA-25-162-05,Siemens SIMATIC S7-1500 CPU family,8.1,CVSS:3.1/AV:N/AC:H/PR:N/UI:N/S:U/C:H/I:H/A:H,poc,no,total
2025-06,CVE-2024-8956,ICSA-25-162-10,PTZOptics and Other Pan-Tilt-Zoom Cameras,9.1,CVSS:3.1/AV:N/AC:L/PR:N/UI:N/S:U/C:H/I:H/A:N,active,yes,total
2025-06,CVE-2024-8957,ICSA-25-162-10,PTZOptics and Other Pan-Tilt-Zoom Cameras,7.2,CVSS:3.1/AV:N/AC:L/PR:H/UI:N/S:U/C:H/I:H/A:H,active,no,total
2025-06,CVE-2025-0133,ICSA-25-162-02,Siemens RUGGEDCOM APE1808,4.3,CVSS:3.1/AV:N/AC:L/PR:N/UI:R/S:U/C:N/I:L/A:N,none,no,partial
2025-06,CVE-2025-1718,ICSA-25-184-01,Hitachi Energy Relion 670/650 and SAM600-IO Series,6.5,CVSS:3.1/AV:N/AC:L/PR:L/UI:N/S:U/C:N/I:N/A:H,none,no,partial
2025-06,CVE-2025-21701,ICSA-25-162-05,Siemens SIMATIC S7-1500 CPU family,4.7,CVSS:3.1/AV:L/AC:H/PR:L/UI:N/S:U/C:N/I:N/A:H,none,no,total
2025-06,CVE-2025-21756,ICSA-25-162-05,Siemens SIMATIC S7-1500 CPU family,5.5,CVSS:3.1/AV:L/AC:L/PR:L/UI:N/S:U/C:N/I:N/A:H,poc,no,total
2025-06,CVE-2025-21796,ICSA-25-162-05,Siemens SIMATIC S7-1500 CPU family,5.5,CVSS:3.1/AV:L/AC:L/PR:L/UI:N/S:U/C:N/I:N/A:H,none,no,total
2025-06,CVE-2025-21848,ICSA-25-162-05,Siemens SIMATIC S7-1500 CPU family,5.5,CVSS:3.1/AV:L/AC:L/PR:L/UI:N/S:U/C:N/I:N/A:H,none,no,partial
2025-06,CVE-2025-21862,ICSA-25-162-05,Siemens SIMATIC S7-1500 CPU family,5.5,CVSS:3.1/AV:L/AC:L/PR:L/UI:N/S:U/C:N/I:N/A:H,none,no,partial
2025-06,CVE-2025-21864,ICSA-25-162-05,Siemens SIMATIC S7-1500 CPU family,5.5,CVSS:3.1/AV:L/AC:L/PR:L/UI:N/S:U/C:N/I:N/A:H,none,no,partial
2025-06,CVE-2025-21865,ICSA-25-162-05,Siemens SIMATIC S7-1500 CPU family,5.5,CVSS:3.1/AV:L/AC:L/PR:L/UI:N/S:U/C:N/I:N/A:H,none,no,partial
2025-06,CVE-2025-2403,ICSA-25-182-06,Hitachi Energy Relion 670/650 and SAM600-IO Series (Update A),7.5,CVSS:3.1/AV:N/AC:L/PR:N/UI:N/S:U/C:N/I:N/A:H,none,yes,partial
2025-06,CVE-2025-2566,ICSA-25-175-01,Kaleris Navis N4 Terminal Operating System,9.8,CVSS:3.1/AV:N/AC:L/PR:N/UI:N/S:U/C:H/I:H/A:H,none,yes,total
2025-06,CVE-2025-26465,ICSA-25-162-05,Siemens SIMATIC S7-1500 CPU family,6.8,CVSS:3.1/AV:N/AC:H/PR:N/UI:R/S:U/C:H/I:H/A:N,poc,no,total
2025-06,CVE-2025-26468,ICSA-25-155-01,CyberData 011209 SIP Emergency Intercom,7.5,CVSS:3.1/AV:N/AC:L/PR:N/UI:N/S:U/C:N/I:N/A:H,none,yes,partial
2025-06,CVE-2025-2745,ICSA-25-162-08,AVEVA PI Web API,6.5,CVSS:3.1/AV:N/AC:H/PR:L/UI:R/S:C/C:H/I:L/A:N,none,no,partial
2025-06,CVE-2025-30183,ICSA-25-155-01,CyberData 011209 SIP Emergency Intercom,7.5,CVSS:3.1/AV:N/AC:L/PR:N/UI:N/S:U/C:H/I:N/A:N,none,yes,partial
2025-06,CVE-2025-30184,ICSA-25-155-01,CyberData 011209 SIP Emergency Intercom,9.8,CVSS:3.1/AV:N/AC:L/PR:N/UI:N/S:U/C:H/I:H/A:H,none,yes,total
2025-06,CVE-2025-30507,ICSA-25-155-01,CyberData 011209 SIP Emergency Intercom,5.3,CVSS:3.1/AV:N/AC:L/PR:N/UI:N/S:U/C:L/I:N/A:N,none,yes,partial
2025-06,CVE-2025-30515,ICSA-25-155-01,CyberData 011209 SIP Emergency Intercom,9.8,CVSS:3.1/AV:N/AC:L/PR:N/UI:N/S:U/C:H/I:H/A:H,none,yes,total
2025-06,CVE-2025-31115,ICSA-25-162-05,Siemens SIMATIC S7-1500 CPU family,7.5,CVSS:3.1/AV:N/AC:L/PR:N/UI:N/S:U/C:N/I:N/A:H,none,no,partial
2025-06,CVE-2025-3112,ICSA-25-175-03,Schneider Electric Modicon Controllers (Update A),6.5,CVSS:3.1/AV:N/AC:L/PR:L/UI:N/S:U/C:N/I:N/A:H,none,no,partial
2025-06,CVE-2025-3116,ICSA-25-175-03,Schneider Electric Modicon Controllers (Update A),6.5,CVSS:3.1/AV:N/AC:L/PR:L/UI:N/S:U/C:N/I:N/A:H,none,no,partial
2025-06,CVE-2025-3117,ICSA-25-175-03,Schneider Electric Modicon Controllers (Update A),5.4,CVSS:3.1/AV:N/AC:L/PR:L/UI:R/S:C/C:L/I:L/A:N,none,no,partial
2025-06,CVE-2025-3198,ICSA-25-162-05,Siemens SIMATIC S7-1500 CPU family,3.3,CVSS:3.1/AV:L/AC:L/PR:L/UI:N/S:U/C:N/I:N/A:L,poc,no,partial
2025-06,CVE-2025-32412,ICSA-25-168-04,Fuji Electric Smart Editor,7.8,CVSS:3.1/AV:L/AC:L/PR:N/UI:R/S:U/C:H/I:H/A:H,none,no,total
2025-06,CVE-2025-32454,ICSA-25-162-01,Siemens Tecnomatix Plant Simulation,7.8,CVSS:3.1/AV:L/AC:L/PR:N/UI:R/S:U/C:H/I:H/A:H,none,no,total
2025-06,CVE-2025-36539,ICSA-25-162-07,AVEVA PI Data Archive,6.5,CVSS:3.1/AV:N/AC:L/PR:L/UI:N/S:U/C:N/I:N/A:H,none,no,partial
2025-06,CVE-2025-3699,ICSA-25-177-01,Mitsubishi Electric Air Conditioning Systems (Update B),9.8,CVSS:3.1/AV:N/AC:L/PR:N/UI:N/S:U/C:H/I:H/A:H,none,yes,total
2025-06,CVE-2025-3755,ICSA-25-153-03,Mitsubishi Electric MELSEC iQ-F Series,9.1,CVSS:3.1/AV:N/AC:L/PR:N/UI:N/S:U/C:H/I:N/A:H,none,yes,total
2025-06,CVE-2025-38079,ICSA-25-162-05,Siemens SIMATIC S7-1500 CPU family,7.8,CVSS:3.1/AV:L/AC:L/PR:L/UI:N/S:U/C:H/I:H/A:H,none,no,total
2025-06,CVE-2025-3898,ICSA-25-175-03,Schneider Electric Modicon Controllers (Update A),6.5,CVSS:3.1/AV:N/AC:L/PR:L/UI:N/S:U/C:N/I:N/A:H,none,no,partial
2025-06,CVE-2025-3899,ICSA-25-175-03,Schneider Electric Modicon Controllers (Update A),5.4,CVSS:3.1/AV:N/AC:L/PR:L/UI:R/S:C/C:L/I:L/A:N,none,no,partial
2025-06,CVE-2025-3905,ICSA-25-175-03,Schneider Electric Modicon Controllers (Update A),5.4,CVSS:3.1/AV:N/AC:L/PR:L/UI:R/S:C/C:L/I:L/A:N,none,no,partial
2025-06,CVE-2025-40567,ICSA-25-162-04,Siemens SCALANCE and RUGGEDCOM,6.5,CVSS:3.1/AV:N/AC:L/PR:L/UI:N/S:U/C:N/I:H/A:N,none,no,partial
2025-06,CVE-2025-40568,ICSA-25-162-04,Siemens SCALANCE and RUGGEDCOM,4.3,CVSS:3.1/AV:N/AC:L/PR:L/UI:N/S:U/C:N/I:N/A:L,none,no,partial
2025-06,CVE-2025-40569,ICSA-25-162-04,Siemens SCALANCE and RUGGEDCOM,4.8,CVSS:3.1/AV:N/AC:H/PR:L/UI:R/S:U/C:N/I:H/A:N,none,no,partial
2025-06,CVE-2025-40585,ICSA-25-162-06,Siemens Energy Services,9.9,CVSS:3.1/AV:N/AC:L/PR:N/UI:N/S:C/C:L/I:H/A:L,none,yes,partial
2025-06,CVE-2025-40592,ICSA-25-168-01,Siemens Mendix Studio Pro,6.1,CVSS:3.1/AV:N/AC:H/PR:N/UI:R/S:C/C:N/I:H/A:N,none,no,partial
2025-06,CVE-2025-41388,ICSA-25-168-04,Fuji Electric Smart Editor,7.8,CVSS:3.1/AV:L/AC:L/PR:N/UI:R/S:U/C:H/I:H/A:H,none,no,total
2025-06,CVE-2025-41413,ICSA-25-168-04,Fuji Electric Smart Editor,7.8,CVSS:3.1/AV:L/AC:L/PR:N/UI:R/S:U/C:H/I:H/A:H,none,no,total
2025-06,CVE-2025-4229,ICSA-25-162-02,Siemens RUGGEDCOM APE1808,6.5,CVSS:3.1/AV:N/AC:L/PR:N/UI:R/S:U/C:H/I:N/A:N,none,no,partial
2025-06,CVE-2025-4230,ICSA-25-162-02,Siemens RUGGEDCOM APE1808,6.7,CVSS:3.1/AV:L/AC:L/PR:H/UI:N/S:U/C:H/I:H/A:H,none,no,total
2025-06,CVE-2025-4373,ICSA-25-162-05,Siemens SIMATIC S7-1500 CPU family,4.8,CVSS:3.1/AV:N/AC:H/PR:N/UI:N/S:U/C:N/I:L/A:L,none,no,partial
2025-06,CVE-2025-44019,ICSA-25-162-07,AVEVA PI Data Archive,7.1,CVSS:3.1/AV:N/AC:L/PR:L/UI:N/S:U/C:N/I:L/A:H,none,no,partial
2025-06,CVE-2025-4417,ICSA-25-162-09,AVEVA PI Connector for CygNet,5.5,CVSS:3.1/AV:L/AC:L/PR:H/UI:R/S:C/C:N/I:H/A:N,none,no,partial
2025-06,CVE-2025-4418,ICSA-25-162-09,AVEVA PI Connector for CygNet,4.4,CVSS:3.1/AV:L/AC:L/PR:H/UI:N/S:U/C:N/I:N/A:H,none,no,partial
2025-06,CVE-2025-4598,ICSA-25-162-05,Siemens SIMATIC S7-1500 CPU family,4.7,CVSS:3.1/AV:L/AC:H/PR:L/UI:N/S:U/C:H/I:N/A:N,poc,no,partial
2025-06,CVE-2025-46836,ICSA-25-162-05,Siemens SIMATIC S7-1500 CPU family,6.6,CVSS:3.1/AV:L/AC:L/PR:L/UI:N/S:U/C:L/I:L/A:H,poc,no,partial
2025-06,CVE-2025-47724,ICSA-25-175-02,Delta Electronics CNCSoft,7.7,CVSS:3.1/AV:L/AC:L/PR:H/UI:R/S:C/C:H/I:H/A:H,none,no,total
2025-06,CVE-2025-47725,ICSA-25-175-02,Delta Electronics CNCSoft,7.7,CVSS:3.1/AV:L/AC:L/PR:H/UI:R/S:C/C:H/I:H/A:H,none,no,total
2025-06,CVE-2025-47726,ICSA-25-175-02,Delta Electronics CNCSoft,7.7,CVSS:3.1/AV:L/AC:L/PR:H/UI:R/S:C/C:H/I:H/A:H,none,no,total
2025-06,CVE-2025-47727,ICSA-25-175-02,Delta Electronics CNCSoft,7.7,CVSS:3.1/AV:L/AC:L/PR:H/UI:R/S:C/C:H/I:H/A:H,none,no,total
2025-06,CVE-2025-49151,ICSA-25-175-07,MICROSENS NMP Web+,9.1,CVSS:3.1/AV:N/AC:L/PR:N/UI:N/S:U/C:H/I:H/A:N,none,yes,total
2025-06,CVE-2025-49152,ICSA-25-175-07,MICROSENS NMP Web+,7.5,CVSS:3.1/AV:N/AC:L/PR:N/UI:N/S:U/C:N/I:H/A:N,none,yes,partial
2025-06,CVE-2025-49153,ICSA-25-175-07,MICROSENS NMP Web+,9.8,CVSS:3.1/AV:N/AC:L/PR:N/UI:N/S:U/C:H/I:H/A:H,none,yes,total
2025-06,CVE-2025-49848,ICSA-25-168-02,LS Electric GMWin 4,7.8,CVSS:3.1/AV:L/AC:L/PR:N/UI:R/S:U/C:H/I:H/A:H,none,no,total
2025-06,CVE-2025-49849,ICSA-25-168-02,LS Electric GMWin 4,7.8,CVSS:3.1/AV:L/AC:L/PR:N/UI:R/S:U/C:H/I:H/A:H,none,no,total
2025-06,CVE-2025-49851,ICSA-25-175-05,ControlID iDSecure On-premises,7.5,CVSS:3.1/AV:N/AC:L/PR:N/UI:N/S:U/C:H/I:N/A:N,none,yes,partial
2025-06,CVE-2025-49852,ICSA-25-175-05,ControlID iDSecure On-premises,7.5,CVSS:3.1/AV:N/AC:L/PR:N/UI:N/S:U/C:H/I:N/A:N,none,yes,partial
2025-06,CVE-2025-49853,ICSA-25-175-05,ControlID iDSecure On-premises,9.1,CVSS:3.1/AV:N/AC:L/PR:N/UI:N/S:U/C:H/I:H/A:N,none,yes,partial
2025-06,CVE-2025-5015,ICSA-25-175-06,Parsons AccuWeather widget,8.8,CVSS:3.1/AV:N/AC:L/PR:N/UI:R/S:U/C:H/I:H/A:H,none,no,total
2025-06,CVE-2025-5087,ICSA-25-175-01,Kaleris Navis N4 Terminal Operating System,5.9,CVSS:3.1/AV:N/AC:H/PR:N/UI:N/S:U/C:H/I:N/A:N,none,no,partial
2025-06,CVE-2025-5244,ICSA-25-162-05,Siemens SIMATIC S7-1500 CPU family,5.3,CVSS:3.1/AV:L/AC:L/PR:L/UI:N/S:U/C:L/I:L/A:L,poc,no,partial
2025-06,CVE-2025-5245,ICSA-25-162-05,Siemens SIMATIC S7-1500 CPU family,5.3,CVSS:3.1/AV:L/AC:L/PR:L/UI:N/S:U/C:L/I:L/A:L,none,no,partial
2025-06,CVE-2025-5310,ICSA-25-168-05,Dover Fueling Solutions ProGauge MagLink LX consoles,9.8,CVSS:3.1/AV:N/AC:L/PR:N/UI:N/S:U/C:H/I:H/A:H,none,yes,total
2025-06,CVE-2025-5484,ICSA-25-160-01,SinoTrack GPS Receiver,8.3,CVSS:3.1/AV:N/AC:L/PR:N/UI:R/S:U/C:H/I:H/A:L,none,no,partial
2025-06,CVE-2025-5485,ICSA-25-160-01,SinoTrack GPS Receiver,8.6,CVSS:3.1/AV:N/AC:L/PR:N/UI:N/S:U/C:H/I:L/A:L,none,yes,partial
2025-06,CVE-2025-5740,ICSA-25-175-04,Schneider Electric EVLink WallBox (Update A),7.2,CVSS:3.1/AV:N/AC:L/PR:H/UI:N/S:U/C:H/I:H/A:H,none,no,total
2025-06,CVE-2025-5741,ICSA-25-175-04,Schneider Electric EVLink WallBox (Update A),4.9,CVSS:3.1/AV:N/AC:L/PR:H/UI:N/S:U/C:H/I:N/A:N,none,no,partial
2025-06,CVE-2025-5742,ICSA-25-175-04,Schneider Electric EVLink WallBox (Update A),5.4,CVSS:3.1/AV:N/AC:L/PR:L/UI:R/S:C/C:L/I:L/A:N,none,no,partial
2025-06,CVE-2025-5743,ICSA-25-175-04,Schneider Electric EVLink WallBox (Update A),5.5,CVSS:3.1/AV:N/AC:L/PR:H/UI:N/S:U/C:L/I:H/A:N,none,no,partial
2025-06,CVE-2025-6521,ICSA-25-177-02,TrendMakers Sight Bulb Pro,7.6,CVSS:3.1/AV:A/AC:L/PR:H/UI:R/S:C/C:H/I:H/A:N,none,no,total
2025-06,CVE-2025-6522,ICSA-25-177-02,TrendMakers Sight Bulb Pro,5.4,CVSS:3.1/AV:A/AC:L/PR:H/UI:R/S:U/C:L/I:H/A:L,none,no,partial
2025-07,CVE-2020-11023,ICSA-25-203-05,Schneider Electric System Monitor Application,6.9,CVSS:3.1/AV:N/AC:H/PR:N/UI:R/S:C/C:H/I:L/A:N,active,no,partial
2025-07,CVE-2023-35945,ICSA-25-203-04,Schneider Electric EcoStruxure Power Operation (Update A),7.5,CVSS:3.1/AV:N/AC:L/PR:N/UI:N/S:U/C:N/I:N/A:H,poc,yes,partial
2025-07,CVE-2023-44487,ICSA-25-203-04,Schneider Electric EcoStruxure Power Operation (Update A),7.5,CVSS:3.1/AV:N/AC:L/PR:N/UI:N/S:U/C:N/I:N/A:H,active,yes,partial
2025-07,CVE-2023-50447,ICSA-25-203-04,Schneider Electric EcoStruxure Power Operation (Update A),8.1,CVSS:3.1/AV:N/AC:H/PR:N/UI:N/S:U/C:H/I:H/A:H,none,no,total
2025-07,CVE-2023-5217,ICSA-25-203-04,Schneider Electric EcoStruxure Power Operation (Update A),8.8,CVSS:3.1/AV:N/AC:L/PR:N/UI:R/S:U/C:H/I:H/A:H,active,no,total
2025-07,CVE-2023-52236,ICSA-25-294-04,Siemens RUGGEDCOM ROS Devices,7.0,CVSS:3.1/AV:N/AC:H/PR:N/UI:N/S:U/C:H/I:L/A:L,none,no,partial
2025-07,CVE-2024-11477,ICSA-25-184-03,Mitsubishi Electric MELSOFT Update Manager (Update B),8.2,CVSS:3.1/AV:L/AC:L/PR:L/UI:R/S:C/C:H/I:H/A:H,poc,no,total
2025-07,CVE-2024-28219,ICSA-25-203-04,Schneider Electric EcoStruxure Power Operation (Update A),6.7,CVSS:3.1/AV:L/AC:H/PR:L/UI:R/S:U/C:H/I:H/A:H,none,no,total
2025-07,CVE-2025-0411,ICSA-25-184-03,Mitsubishi Electric MELSOFT Update Manager (Update B),7.5,CVSS:3.1/AV:L/AC:H/PR:L/UI:R/S:C/C:H/I:H/A:H,active,no,total
2025-07,CVE-2025-1727,ICSA-25-191-10,End-of-Train and Head-of-Train Remote Linking Protocol (Update C),8.1,CVSS:3.1/AV:A/AC:L/PR:N/UI:N/S:U/C:N/I:H/A:H,none,no,total
2025-07,CVE-2025-23364,ICSA-25-191-03,Siemens TIA Administrator,6.2,CVSS:3.1/AV:L/AC:L/PR:N/UI:N/S:U/C:N/I:H/A:N/E:P/RL:O/RC:C,none,no,partial
2025-07,CVE-2025-23365,ICSA-25-191-03,Siemens TIA Administrator,7.8,CVSS:3.1/AV:L/AC:L/PR:L/UI:N/S:U/C:H/I:H/A:H/E:P/RL:O/RC:C,none,no,total
2025-07,CVE-2025-2520,ICSA-25-205-03,Honeywell Experion PKS (Update A),7.5,CVSS:3.1/AV:N/AC:L/PR:N/UI:N/S:U/C:N/I:N/A:H,none,no,partial
2025-07,CVE-2025-2521,ICSA-25-205-03,Honeywell Experion PKS (Update A),8.6,CVSS:3.1/AV:N/AC:L/PR:N/UI:N/S:U/C:L/I:L/A:H,none,no,partial
2025-07,CVE-2025-2522,ICSA-25-205-03,Honeywell Experion PKS (Update A),6.5,CVSS:3.1/AV:N/AC:L/PR:N/UI:N/S:U/C:L/I:L/A:N,none,no,partial
2025-07,CVE-2025-2523,ICSA-25-205-03,Honeywell Experion PKS (Update A),9.4,CVSS:3.1/AV:N/AC:L/PR:N/UI:N/S:U/C:L/I:H/A:H,none,no,partial
2025-07,CVE-2025-2633,ICSA-25-210-01,National Instruments LabVIEW,7.8,CVSS:3.1/AV:L/AC:L/PR:N/UI:R/S:U/C:H/I:H/A:H,none,no,total
2025-07,CVE-2025-2634,ICSA-25-210-01,National Instruments LabVIEW,7.8,CVSS:3.1/AV:L/AC:L/PR:N/UI:R/S:U/C:H/I:H/A:H,none,no,total
2025-07,CVE-2025-27127,ICSA-25-191-05,Siemens TIA Project-Server and TIA Portal,4.3,CVSS:3.1/AV:N/AC:L/PR:L/UI:N/S:U/C:N/I:N/A:L/E:P/RL:O/RC:C,none,no,partial
2025-07,CVE-2025-39201,ICSA-25-184-02,Hitachi Energy MicroSCADA X SYS600,6.1,CVSS:3.1/AV:L/AC:L/PR:L/UI:N/S:U/C:N/I:L/A:H,none,no,partial
2025-07,CVE-2025-39202,ICSA-25-184-02,Hitachi Energy MicroSCADA X SYS600,7.3,CVSS:3.1/AV:L/AC:L/PR:L/UI:N/S:U/C:L/I:H/A:H,none,no,total
2025-07,CVE-2025-39203,ICSA-25-184-02,Hitachi Energy MicroSCADA X SYS600,6.5,CVSS:3.1/AV:N/AC:L/PR:L/UI:N/S:U/C:N/I:N/A:H,none,no,partial
2025-07,CVE-2025-39204,ICSA-25-184-02,Hitachi Energy MicroSCADA X SYS600,6.5,CVSS:3.1/AV:N/AC:L/PR:L/UI:N/S:U/C:H/I:N/A:N,none,no,partial
2025-07,CVE-2025-39205,ICSA-25-184-02,Hitachi Energy MicroSCADA X SYS600,6.5,CVSS:3.1/AV:N/AC:L/PR:L/UI:N/S:U/C:H/I:N/A:N,none,no,partial
2025-07,CVE-2025-3946,ICSA-25-205-03,Honeywell Experion PKS (Update A),8.2,CVSS:3.1/AV:N/AC:L/PR:N/UI:N/S:U/C:N/I:L/A:H,none,no,partial
2025-07,CVE-2025-3947,ICSA-25-205-03,Honeywell Experion PKS (Update A),8.2,CVSS:3.1/AV:N/AC:L/PR:N/UI:N/S:U/C:N/I:L/A:H,none,no,partial
2025-07,CVE-2025-40593,ICSA-25-191-04,Siemens SIMATIC CN 4100,6.5,CVSS:3.1/AV:N/AC:L/PR:L/UI:N/S:U/C:N/I:N/A:H,none,no,partial
2025-07,CVE-2025-40735,ICSA-25-191-01,Siemens SINEC NMS,8.8,CVSS:3.1/AV:N/AC:L/PR:L/UI:N/S:U/C:H/I:H/A:H,none,no,total
2025-07,CVE-2025-40736,ICSA-25-191-01,Siemens SINEC NMS,9.8,CVSS:3.1/AV:N/AC:L/PR:N/UI:N/S:U/C:H/I:H/A:H,none,yes,total
2025-07,CVE-2025-40737,ICSA-25-191-01,Siemens SINEC NMS,8.8,CVSS:3.1/AV:N/AC:L/PR:L/UI:N/S:U/C:H/I:H/A:H,none,no,total
2025-07,CVE-2025-40738,ICSA-25-191-01,Siemens SINEC NMS,8.8,CVSS:3.1/AV:N/AC:L/PR:L/UI:N/S:U/C:H/I:H/A:H,none,no,total
2025-07,CVE-2025-40739,ICSA-25-191-02,Siemens Solid Edge,7.8,CVSS:3.1/AV:L/AC:L/PR:N/UI:R/S:U/C:H/I:H/A:H,none,no,total
2025-07,CVE-2025-40740,ICSA-25-191-02,Siemens Solid Edge,7.8,CVSS:3.1/AV:L/AC:L/PR:N/UI:R/S:U/C:H/I:H/A:H,none,no,total
2025-07,CVE-2025-40741,ICSA-25-191-02,Siemens Solid Edge,7.8,CVSS:3.1/AV:L/AC:L/PR:N/UI:R/S:U/C:H/I:H/A:H,none,no,total
2025-07,CVE-2025-40742,ICSA-25-191-06,Siemens SIPROTEC 5,5.3,CVSS:3.1/AV:N/AC:H/PR:N/UI:R/S:U/C:H/I:N/A:N,none,no,partial
2025-07,CVE-2025-41222,ICSA-25-294-04,Siemens RUGGEDCOM ROS Devices,5.3,CVSS:3.1/AV:N/AC:L/PR:N/UI:N/S:U/C:N/I:N/A:L,none,yes,partial
2025-07,CVE-2025-41223,ICSA-25-294-04,Siemens RUGGEDCOM ROS Devices,4.8,CVSS:3.1/AV:N/AC:H/PR:N/UI:N/S:U/C:L/I:L/A:N,none,no,partial
2025-07,CVE-2025-41224,ICSA-25-294-04,Siemens RUGGEDCOM ROS Devices,8.8,CVSS:3.1/AV:A/AC:L/PR:N/UI:N/S:U/C:H/I:H/A:H,none,no,total
2025-07,CVE-2025-41236,ICSA-25-212-02,Rockwell Automation Lifecycle Services with VMware,9.3,CVSS:3.1/AV:L/AC:L/PR:N/UI:N/S:C/C:H/I:H/A:H,none,no,total
2025-07,CVE-2025-41237,ICSA-25-212-02,Rockwell Automation Lifecycle Services with VMware,9.3,CVSS:3.1/AV:L/AC:L/PR:N/UI:N/S:C/C:H/I:H/A:H,none,no,partial
2025-07,CVE-2025-41238,ICSA-25-212-02,Rockwell Automation Lifecycle Services with VMware,9.3,CVSS:3.1/AV:L/AC:L/PR:N/UI:N/S:C/C:H/I:H/A:H,none,no,total
2025-07,CVE-2025-41239,ICSA-25-212-02,Rockwell Automation Lifecycle Services with VMware,7.1,CVSS:3.1/AV:L/AC:L/PR:N/UI:N/S:C/C:H/I:N/A:N,none,no,partial
2025-07,CVE-2025-41425,ICSA-25-203-01,DuraComm DP-10iN-100-MU,8.1,CVSS:3.1/AV:N/AC:L/PR:L/UI:N/S:U/C:N/I:H/A:H,none,no,partial
2025-07,CVE-2025-41442,ICSA-25-191-08,Advantech iView,5.4,CVSS:3.1/AV:N/AC:L/PR:N/UI:R/S:U/C:L/I:L/A:N,none,no,partial
2025-07,CVE-2025-41646,ICSA-25-191-09,KUNBUS RevPi Webstatus,9.8,CVSS:3.1/AV:N/AC:L/PR:N/UI:N/S:U/C:H/I:H/A:H,none,yes,total
2025-07,CVE-2025-46358,ICSA-25-189-01,Emerson ValveLink Products,7.7,CVSS:3.1/AV:L/AC:L/PR:N/UI:N/S:U/C:H/I:H/A:N,none,no,total
2025-07,CVE-2025-46704,ICSA-25-191-08,Advantech iView,4.3,CVSS:3.1/AV:N/AC:L/PR:L/UI:N/S:U/C:L/I:N/A:N,none,no,partial
2025-07,CVE-2025-48496,ICSA-25-189-01,Emerson ValveLink Products,5.1,CVSS:3.1/AV:L/AC:H/PR:N/UI:N/S:U/C:N/I:N/A:H,none,no,partial
2025-07,CVE-2025-48733,ICSA-25-203-01,DuraComm DP-10iN-100-MU,7.5,CVSS:3.1/AV:N/AC:L/PR:N/UI:N/S:U/C:N/I:N/A:H,none,no,partial
2025-07,CVE-2025-48891,ICSA-25-191-08,Advantech iView,7.6,CVSS:3.1/AV:N/AC:L/PR:L/UI:N/S:U/C:H/I:L/A:L,none,no,partial
2025-07,CVE-2025-50109,ICSA-25-189-01,Emerson ValveLink Products,7.7,CVSS:3.1/AV:L/AC:L/PR:N/UI:N/S:U/C:H/I:H/A:N,none,no,total
2025-07,CVE-2025-50121,ICSA-25-203-06,Schneider Electric EcoStruxture IT Data Center Expert,10,CVSS:3.1/AV:N/AC:L/PR:N/UI:N/S:C/C:H/I:H/A:H,none,yes,total
2025-07,CVE-2025-50122,ICSA-25-203-06,Schneider Electric EcoStruxture IT Data Center Expert,8.3,CVSS:3.1/AV:A/AC:H/PR:N/UI:N/S:C/C:H/I:H/A:H,none,no,total
2025-07,CVE-2025-50123,ICSA-25-203-06,Schneider Electric EcoStruxture IT Data Center Expert,7.2,CVSS:3.1/AV:P/AC:L/PR:H/UI:N/S:C/C:H/I:H/A:H,none,no,total
2025-07,CVE-2025-50124,ICSA-25-203-06,Schneider Electric EcoStruxture IT Data Center Expert,6.9,CVSS:3.1/AV:P/AC:H/PR:H/UI:N/S:C/C:H/I:H/A:H,none,no,total
2025-07,CVE-2025-50125,ICSA-25-203-06,Schneider Electric EcoStruxture IT Data Center Expert,7.2,CVSS:3.1/AV:N/AC:L/PR:N/UI:N/S:C/C:L/I:L/A:N,none,yes,partial
2025-07,CVE-2025-5241,ICSA-25-184-04,Mitsubishi Electric MELSEC iQ-F Series,5.3,CVSS:3.1/AV:N/AC:L/PR:N/UI:N/S:U/C:N/I:N/A:L,none,yes,partial
2025-07,CVE-2025-52459,ICSA-25-191-08,Advantech iView,6.5,CVSS:3.1/AV:N/AC:L/PR:L/UI:N/S:U/C:H/I:N/A:N,none,no,partial
2025-07,CVE-2025-52577,ICSA-25-191-08,Advantech iView,8.8,CVSS:3.1/AV:N/AC:L/PR:L/UI:N/S:U/C:H/I:H/A:H,none,no,total
2025-07,CVE-2025-52579,ICSA-25-189-01,Emerson ValveLink Products,9.4,CVSS:3.1/AV:N/AC:L/PR:N/UI:N/S:U/C:H/I:H/A:L,none,yes,total
2025-07,CVE-2025-53077,ICSA-25-210-02,Samsung HVAC DMS,6.5,CVSS:3.1/AV:N/AC:L/PR:N/UI:N/S:U/C:N/I:L/A:L,none,yes,partial
2025-07,CVE-2025-53078,ICSA-25-210-02,Samsung HVAC DMS,8.0,CVSS:3.1/AV:N/AC:H/PR:H/UI:N/S:C/C:H/I:H/A:H,none,no,total
2025-07,CVE-2025-53079,ICSA-25-210-02,Samsung HVAC DMS,4.9,CVSS:3.1/AV:N/AC:L/PR:H/UI:N/S:U/C:H/I:N/A:N,none,no,partial
2025-07,CVE-2025-53080,ICSA-25-210-02,Samsung HVAC DMS,7.1,CVSS:3.1/AV:N/AC:H/PR:L/UI:N/S:U/C:L/I:H/A:H,none,no,partial
2025-07,CVE-2025-53081,ICSA-25-210-02,Samsung HVAC DMS,8.3,CVSS:3.1/AV:A/AC:L/PR:N/UI:N/S:U/C:L/I:H/A:H,none,no,partial
2025-07,CVE-2025-53082,ICSA-25-210-02,Samsung HVAC DMS,8.1,CVSS:3.1/AV:A/AC:L/PR:N/UI:N/S:U/C:N/I:H/A:H,none,no,partial
2025-07,CVE-2025-53397,ICSA-25-191-08,Advantech iView,5.4,CVSS:3.1/AV:N/AC:L/PR:N/UI:R/S:U/C:L/I:L/A:N,none,no,partial
2025-07,CVE-2025-53415,ICSA-25-191-07,Delta Electronics DTM Soft,7.8,CVSS:3.1/AV:L/AC:L/PR:N/UI:R/S:U/C:H/I:H/A:H,none,no,total
2025-07,CVE-2025-53416,ICSA-25-210-03,Delta Electronics DTN Soft,7.8,CVSS:3.1/AV:L/AC:L/PR:N/UI:R/S:U/C:H/I:H/A:H,none,no,total
2025-07,CVE-2025-53471,ICSA-25-189-01,Emerson ValveLink Products,5.1,CVSS:3.1/AV:L/AC:H/PR:N/UI:N/S:U/C:N/I:H/A:N,none,no,partial
2025-07,CVE-2025-53475,ICSA-25-191-08,Advantech iView,8.8,CVSS:3.1/AV:N/AC:L/PR:L/UI:N/S:U/C:H/I:H/A:H,none,no,total
2025-07,CVE-2025-53509,ICSA-25-191-08,Advantech iView,6.5,CVSS:3.1/AV:N/AC:L/PR:L/UI:N/S:U/C:H/I:N/A:N,none,no,partial
2025-07,CVE-2025-53515,ICSA-25-191-08,Advantech iView,8.8,CVSS:3.1/AV:N/AC:L/PR:L/UI:N/S:U/C:H/I:H/A:H,none,no,total
2025-07,CVE-2025-53519,ICSA-25-191-08,Advantech iView,5.4,CVSS:3.1/AV:N/AC:L/PR:N/UI:R/S:U/C:L/I:L/A:N,none,no,partial
2025-07,CVE-2025-53703,ICSA-25-203-01,DuraComm DP-10iN-100-MU,7.5,CVSS:3.1/AV:N/AC:L/PR:N/UI:N/S:U/C:H/I:N/A:N,none,yes,partial
2025-07,CVE-2025-6071,ICSA-25-196-02,ABB RMC-100 (Update A),5.3,CVSS:3.1/AV:N/AC:L/PR:N/UI:N/S:U/C:L/I:N/A:N,none,yes,partial
2025-07,CVE-2025-6072,ICSA-25-196-02,ABB RMC-100 (Update A),7.5,CVSS:3.1/AV:N/AC:L/PR:N/UI:N/S:U/C:N/I:N/A:H/E:P/RL:O,none,yes,partial
2025-07,CVE-2025-6073,ICSA-25-196-02,ABB RMC-100 (Update A),7.5,CVSS:3.1/AV:N/AC:L/PR:N/UI:N/S:U/C:N/I:N/A:H/E:P/RL:O,none,yes,partial
2025-07,CVE-2025-6074,ICSA-25-196-02,ABB RMC-100 (Update A),6.5,CVSS:3.1/AV:N/AC:L/PR:N/UI:N/S:U/C:L/I:L/A:N/E:F/RL:O,none,yes,partial
2025-07,CVE-2025-6185,ICSA-25-198-01,Leviton AcquiSuite and Energy Monitoring Hub,9.3,CVSS:3.1/AV:N/AC:L/PR:N/UI:R/S:C/C:H/I:H/A:N,none,no,total
2025-07,CVE-2025-6260,ICSA-25-205-02,Network Thermostat X-Series WiFi Thermostats,9.8,CVSS:3.1/AV:N/AC:L/PR:N/UI:N/S:U/C:H/I:H/A:H,none,yes,total
2025-07,CVE-2025-6438,ICSA-25-203-06,Schneider Electric EcoStruxture IT Data Center Expert,6.8,CVSS:3.1/AV:N/AC:L/PR:H/UI:N/S:C/C:H/I:N/A:N,none,no,partial
2025-07,CVE-2025-6788,ICSA-25-203-03,Schneider Electric EcoStruxure,4.3,CVSS:3.1/AV:N/AC:L/PR:L/UI:N/S:U/C:L/I:N/A:N,none,yes,partial
2025-07,CVE-2025-7357,ICSA-25-196-03,LITEON IC48A and IC80A EV Chargers,7.5,CVSS:3.1/AV:N/AC:L/PR:N/UI:N/S:U/C:H/I:N/A:N,none,yes,partial
2025-07,CVE-2025-7705,ICSA-26-148-04,ABB Busch-Welcome 2 Wire Door Opener Actuator,6.8,CVSS:3.1/AV:P/AC:L/PR:N/UI:N/S:U/C:H/I:H/A:H,none,no,total
2025-07,CVE-2025-7742,ICSA-25-205-04,LG Innotek Camera Model LNV5110R,7.0,CVSS:3.1/AV:N/AC:H/PR:N/UI:N/S:U/C:H/I:L/A:L,none,no,partial
2025-07,CVE-2025-7745,ICSA-26-146-02,ABB AC500 V2,5.8,CVSS:3.1/AV:N/AC:L/PR:N/UI:N/S:C/C:L/I:N/A:N,none,yes,partial
2025-07,CVE-2025-7766,ICSA-25-203-02,Lantronix Provisioning Manager,8.0,CVSS:3.1/AV:A/AC:L/PR:N/UI:R/S:U/C:H/I:H/A:H,none,no,total
2025-08,CVE-2020-2883,ICSA-25-261-05,Remote Code Execution Vulnerability in Hitachi Energy Service Suite Product,9.8,CVSS:3.1/AV:N/AC:L/PR:N/UI:N/S:U/C:H/I:H/A:H,active,yes,total
2025-08,CVE-2021-3712,ICSA-25-226-21,Siemens BFCClient,7.4,CVSS:3.1/AV:N/AC:H/PR:N/UI:N/S:U/C:H/I:N/A:H/E:P/RL:O/RC:C,none,no,partial
2025-08,CVE-2022-0778,ICSA-25-226-21,Siemens BFCClient,7.5,CVSS:3.1/AV:N/AC:L/PR:N/UI:N/S:U/C:N/I:N/A:H,none,yes,partial
2025-08,CVE-2022-45868,ICSA-25-261-04,Multiple Open-Source Software Vulnerabilities in Hitachi Energy Asset Suite Product,7.8,CVSS:3.1/AV:L/AC:L/PR:L/UI:N/S:U/C:H/I:H/A:H,poc,no,total
2025-08,CVE-2022-48655,ICSA-25-226-15,Siemens SINEC OS,8.1,CVSS:3.1/AV:N/AC:H/PR:N/UI:N/S:U/C:H/I:H/A:H,none,no,total
2025-08,CVE-2022-48772,ICSA-25-226-15,Siemens SINEC OS,0.0,CVSS:3.1/AV:N/AC:H/PR:N/UI:R/S:U/C:N/I:N/A:N,none,no,partial
2025-08,CVE-2023-0286,ICSA-25-226-21,Siemens BFCClient,7.4,CVSS:3.1/AV:N/AC:H/PR:N/UI:N/S:U/C:H/I:N/A:H,none,no,partial
2025-08,CVE-2023-0464,ICSA-25-226-21,Siemens BFCClient,7.5,CVSS:3.1/AV:N/AC:L/PR:N/UI:N/S:U/C:N/I:N/A:H,none,yes,partial
2025-08,CVE-2023-4039,ICSA-25-226-07,Siemens Third-Party Components in SINEC OS,4.8,CVSS:3.1/AV:N/AC:H/PR:N/UI:N/S:U/C:L/I:L/A:N,poc,no,partial
2025-08,CVE-2023-52882,ICSA-25-226-15,Siemens SINEC OS,0.0,CVSS:3.1/AV:N/AC:H/PR:N/UI:R/S:U/C:N/I:N/A:N,none,no,partial
2025-08,CVE-2023-52887,ICSA-25-226-15,Siemens SINEC OS,6.5,CVSS:3.1/AV:N/AC:L/PR:L/UI:N/S:U/C:N/I:N/A:H/E:U/RL:O/RC:C,none,no,partial
2025-08,CVE-2023-52918,ICSA-25-226-07,Siemens Third-Party Components in SINEC OS,0.0,CVSS:3.1/AV:N/AC:H/PR:N/UI:R/S:U/C:N/I:N/A:N,none,no,partial
2025-08,CVE-2023-6378,ICSA-25-261-04,Multiple Open-Source Software Vulnerabilities in Hitachi Energy Asset Suite Product,7.5,CVSS:3.1/AV:N/AC:L/PR:N/UI:N/S:U/C:N/I:N/A:H,none,no,partial
2025-08,CVE-2024-13089,ICSA-25-226-09,Siemens RUGGEDCOM APE1808,7.2,CVSS:3.1/AV:N/AC:L/PR:H/UI:N/S:U/C:H/I:H/A:H,none,no,total
2025-08,CVE-2024-13090,ICSA-25-226-09,Siemens RUGGEDCOM APE1808,7.0,CVSS:3.1/AV:L/AC:H/PR:L/UI:N/S:U/C:H/I:H/A:H,none,no,total
2025-08,CVE-2024-22262,ICSA-25-261-04,Multiple Open-Source Software Vulnerabilities in Hitachi Energy Asset Suite Product,8.1,CVSS:3.1/AV:N/AC:L/PR:N/UI:R/S:U/C:H/I:H/A:N,none,no,total
2025-08,CVE-2024-24989,ICSA-25-226-17,Siemens SINEC Traffic Analyzer,7.5,CVSS:3.1/AV:N/AC:L/PR:N/UI:N/S:U/C:N/I:N/A:H,none,yes,partial
2025-08,CVE-2024-24990,ICSA-25-226-17,Siemens SINEC Traffic Analyzer,7.5,CVSS:3.1/AV:N/AC:L/PR:N/UI:N/S:U/C:N/I:N/A:H,none,yes,partial
2025-08,CVE-2024-2511,ICSA-25-226-15,Siemens SINEC OS,3.7,CVSS:3.1/AV:N/AC:H/PR:N/UI:N/S:U/C:N/I:N/A:L,none,no,partial
2025-08,CVE-2024-25741,ICSA-25-226-15,Siemens SINEC OS,5.5,CVSS:3.1/AV:L/AC:L/PR:L/UI:N/S:U/C:N/I:N/A:H,none,no,partial
2025-08,CVE-2024-26900,ICSA-25-226-15,Siemens SINEC OS,0.0,CVSS:3.1/AV:N/AC:H/PR:N/UI:R/S:U/C:N/I:N/A:N,none,no,partial
2025-08,CVE-2024-26923,ICSA-25-226-15,Siemens SINEC OS,7.0,CVSS:3.1/AV:L/AC:H/PR:L/UI:N/S:U/C:H/I:H/A:H,none,no,partial
2025-08,CVE-2024-26924,ICSA-25-226-15,Siemens SINEC OS,5.9,CVSS:3.1/AV:N/AC:H/PR:N/UI:N/S:U/C:N/I:N/A:H,none,no,partial
2025-08,CVE-2024-26926,ICSA-25-226-15,Siemens SINEC OS,0.0,CVSS:3.1/AV:N/AC:H/PR:N/UI:R/S:U/C:N/I:N/A:N,none,no,total
2025-08,CVE-2024-26988,ICSA-25-226-15,Siemens SINEC OS,5.5,CVSS:3.1/AV:L/AC:L/PR:L/UI:N/S:U/C:N/I:N/A:H,none,no,partial
2025-08,CVE-2024-26993,ICSA-25-226-15,Siemens SINEC OS,5.5,CVSS:3.1/AV:L/AC:L/PR:L/UI:N/S:U/C:N/I:N/A:H,none,no,partial
2025-08,CVE-2024-26994,ICSA-25-226-15,Siemens SINEC OS,5.9,CVSS:3.1/AV:L/AC:L/PR:N/UI:N/S:U/C:L/I:L/A:L,none,no,partial
2025-08,CVE-2024-26997,ICSA-25-226-15,Siemens SINEC OS,0.0,CVSS:3.1/AV:N/AC:H/PR:N/UI:R/S:U/C:N/I:N/A:N,none,no,partial
2025-08,CVE-2024-26999,ICSA-25-226-15,Siemens SINEC OS,0.0,CVSS:3.1/AV:N/AC:H/PR:N/UI:R/S:U/C:N/I:N/A:N,none,no,partial
2025-08,CVE-2024-27000,ICSA-25-226-15,Siemens SINEC OS,0.0,CVSS:3.1/AV:N/AC:H/PR:N/UI:R/S:U/C:N/I:N/A:N,none,no,partial
2025-08,CVE-2024-27001,ICSA-25-226-15,Siemens SINEC OS,0.0,CVSS:3.1/AV:N/AC:H/PR:N/UI:R/S:U/C:N/I:N/A:N,none,no,partial
2025-08,CVE-2024-27004,ICSA-25-226-15,Siemens SINEC OS,5.5,CVSS:3.1/AV:L/AC:L/PR:L/UI:N/S:U/C:N/I:N/A:H,none,no,partial
2025-08,CVE-2024-27013,ICSA-25-226-15,Siemens SINEC OS,5.5,CVSS:3.1/AV:L/AC:L/PR:L/UI:N/S:U/C:N/I:N/A:H,none,no,partial
2025-08,CVE-2024-27019,ICSA-25-226-15,Siemens SINEC OS,0.0,CVSS:3.1/AV:N/AC:H/PR:N/UI:R/S:U/C:N/I:N/A:N,none,no,partial
2025-08,CVE-2024-27020,ICSA-25-226-15,Siemens SINEC OS,5.5,CVSS:3.1/AV:L/AC:L/PR:L/UI:N/S:U/C:N/I:N/A:H,none,no,total
2025-08,CVE-2024-27395,ICSA-25-226-15,Siemens SINEC OS,7.8,CVSS:3.1/AV:L/AC:L/PR:L/UI:N/S:U/C:H/I:H/A:H,none,no,partial
2025-08,CVE-2024-27396,ICSA-25-226-15,Siemens SINEC OS,7.8,CVSS:3.1/AV:L/AC:L/PR:L/UI:N/S:U/C:H/I:H/A:H,none,no,partial
2025-08,CVE-2024-31076,ICSA-25-226-15,Siemens SINEC OS,0.0,CVSS:3.1/AV:N/AC:H/PR:N/UI:R/S:U/C:N/I:N/A:N,none,no,partial
2025-08,CVE-2024-33621,ICSA-25-226-15,Siemens SINEC OS,4.4,CVSS:3.1/AV:L/AC:L/PR:H/UI:N/S:U/C:N/I:N/A:H,none,no,partial
2025-08,CVE-2024-34397,ICSA-25-226-15,Siemens SINEC OS,5.2,CVSS:3.1/AV:P/AC:L/PR:N/UI:N/S:U/C:N/I:H/A:L,none,no,partial
2025-08,CVE-2024-35247,ICSA-25-226-15,Siemens SINEC OS,0.0,CVSS:3.1/AV:N/AC:H/PR:N/UI:R/S:U/C:N/I:N/A:N,none,no,partial
2025-08,CVE-2024-35847,ICSA-25-226-15,Siemens SINEC OS,0.0,CVSS:3.1/AV:N/AC:H/PR:N/UI:R/S:U/C:N/I:N/A:N,none,no,partial
2025-08,CVE-2024-35848,ICSA-25-226-15,Siemens SINEC OS,0.0,CVSS:3.1/AV:N/AC:H/PR:N/UI:R/S:U/C:N/I:N/A:N,none,no,partial
2025-08,CVE-2024-35852,ICSA-25-226-15,Siemens SINEC OS,0.0,CVSS:3.1/AV:N/AC:H/PR:N/UI:R/S:U/C:N/I:N/A:N,none,no,partial
2025-08,CVE-2024-35853,ICSA-25-226-15,Siemens SINEC OS,6.4,CVSS:3.1/AV:N/AC:H/PR:L/UI:N/S:U/C:L/I:L/A:H,none,no,partial
2025-08,CVE-2024-35854,ICSA-25-226-15,Siemens SINEC OS,8.8,CVSS:3.1/AV:N/AC:L/PR:L/UI:N/S:U/C:H/I:H/A:H,none,no,total
2025-08,CVE-2024-35855,ICSA-25-226-15,Siemens SINEC OS,0.0,CVSS:3.1/AV:N/AC:H/PR:N/UI:R/S:U/C:N/I:N/A:N,none,no,partial
2025-08,CVE-2024-35947,ICSA-25-226-15,Siemens SINEC OS,5.5,CVSS:3.1/AV:L/AC:L/PR:L/UI:N/S:U/C:N/I:N/A:H,none,no,partial
2025-08,CVE-2024-35955,ICSA-25-226-15,Siemens SINEC OS,8.8,CVSS:3.1/AV:N/AC:L/PR:L/UI:N/S:U/C:H/I:H/A:H,none,no,total
2025-08,CVE-2024-35958,ICSA-25-226-15,Siemens SINEC OS,5.5,CVSS:3.1/AV:L/AC:L/PR:L/UI:N/S:U/C:N/I:N/A:H,none,no,partial
2025-08,CVE-2024-35960,ICSA-25-226-15,Siemens SINEC OS,9.1,CVSS:3.1/AV:N/AC:L/PR:N/UI:N/S:U/C:N/I:H/A:H,none,yes,partial
2025-08,CVE-2024-35962,ICSA-25-226-15,Siemens SINEC OS,5.5,CVSS:3.1/AV:L/AC:L/PR:L/UI:N/S:U/C:N/I:N/A:H,none,no,partial
2025-08,CVE-2024-35969,ICSA-25-226-15,Siemens SINEC OS,5.5,CVSS:3.1/AV:L/AC:L/PR:L/UI:N/S:U/C:N/I:N/A:H,none,no,partial
2025-08,CVE-2024-35973,ICSA-25-226-15,Siemens SINEC OS,5.5,CVSS:3.1/AV:L/AC:L/PR:L/UI:N/S:U/C:N/I:N/A:H,none,no,partial
2025-08,CVE-2024-35976,ICSA-25-226-15,Siemens SINEC OS,6.7,CVSS:3.1/AV:L/AC:H/PR:N/UI:N/S:U/C:H/I:H/A:N,none,no,total
2025-08,CVE-2024-35983,ICSA-25-226-15,Siemens SINEC OS,5.5,CVSS:3.1/AV:L/AC:L/PR:L/UI:N/S:U/C:N/I:N/A:H,none,no,partial
2025-08,CVE-2024-35984,ICSA-25-226-15,Siemens SINEC OS,5.5,CVSS:3.1/AV:L/AC:L/PR:L/UI:N/S:U/C:N/I:N/A:H,none,no,partial
2025-08,CVE-2024-35990,ICSA-25-226-15,Siemens SINEC OS,5.5,CVSS:3.1/AV:L/AC:L/PR:L/UI:N/S:U/C:N/I:N/A:H,none,no,partial
2025-08,CVE-2024-35996,ICSA-25-226-15,Siemens SINEC OS,5.5,CVSS:3.1/AV:L/AC:L/PR:L/UI:N/S:U/C:N/I:N/A:H,none,no,partial
2025-08,CVE-2024-36005,ICSA-25-226-15,Siemens SINEC OS,5.5,CVSS:3.1/AV:L/AC:L/PR:L/UI:N/S:U/C:N/I:N/A:H,none,no,partial
2025-08,CVE-2024-36006,ICSA-25-226-15,Siemens SINEC OS,5.5,CVSS:3.1/AV:L/AC:L/PR:L/UI:N/S:U/C:N/I:N/A:H,none,no,partial
2025-08,CVE-2024-36007,ICSA-25-226-15,Siemens SINEC OS,5.5,CVSS:3.1/AV:L/AC:L/PR:L/UI:N/S:U/C:N/I:N/A:H,none,no,partial
2025-08,CVE-2024-36008,ICSA-25-226-15,Siemens SINEC OS,5.5,CVSS:3.1/AV:L/AC:L/PR:L/UI:N/S:U/C:N/I:N/A:H,none,no,partial
2025-08,CVE-2024-36015,ICSA-25-226-15,Siemens SINEC OS,0.0,CVSS:3.1/AV:N/AC:H/PR:N/UI:R/S:U/C:N/I:N/A:N,none,no,partial
2025-08,CVE-2024-36016,ICSA-25-226-15,Siemens SINEC OS,7.7,CVSS:3.1/AV:L/AC:L/PR:N/UI:N/S:U/C:H/I:N/A:H,none,no,partial
2025-08,CVE-2024-36017,ICSA-25-226-15,Siemens SINEC OS,5.5,CVSS:3.1/AV:L/AC:L/PR:L/UI:N/S:U/C:N/I:N/A:H,none,no,partial
2025-08,CVE-2024-36031,ICSA-25-226-15,Siemens SINEC OS,9.8,CVSS:3.1/AV:N/AC:L/PR:N/UI:N/S:U/C:H/I:H/A:H,none,yes,total
2025-08,CVE-2024-36270,ICSA-25-226-15,Siemens SINEC OS,5.5,CVSS:3.1/AV:L/AC:L/PR:L/UI:N/S:U/C:N/I:N/A:H,none,no,partial
2025-08,CVE-2024-36286,ICSA-25-226-15,Siemens SINEC OS,5.5,CVSS:3.1/AV:L/AC:L/PR:L/UI:N/S:U/C:N/I:N/A:H,none,no,partial
2025-08,CVE-2024-36288,ICSA-25-226-15,Siemens SINEC OS,5.5,CVSS:3.1/AV:L/AC:L/PR:L/UI:N/S:U/C:N/I:N/A:H,none,no,partial
2025-08,CVE-2024-36484,ICSA-25-226-15,Siemens SINEC OS,5.5,CVSS:3.1/AV:L/AC:L/PR:L/UI:N/S:U/C:N/I:N/A:H,none,no,partial
2025-08,CVE-2024-36489,ICSA-25-226-15,Siemens SINEC OS,5.5,CVSS:3.1/AV:L/AC:L/PR:L/UI:N/S:U/C:N/I:N/A:H,none,no,partial
2025-08,CVE-2024-36883,ICSA-25-226-15,Siemens SINEC OS,0.0,CVSS:3.1/AV:N/AC:H/PR:N/UI:R/S:U/C:N/I:N/A:N,none,no,partial
2025-08,CVE-2024-36886,ICSA-25-226-15,Siemens SINEC OS,8.1,CVSS:3.1/AV:N/AC:H/PR:N/UI:N/S:U/C:H/I:H/A:H,none,no,total
2025-08,CVE-2024-36889,ICSA-25-226-15,Siemens SINEC OS,0.0,CVSS:3.1/AV:N/AC:H/PR:N/UI:R/S:U/C:N/I:N/A:N,none,no,partial
2025-08,CVE-2024-36901,ICSA-25-226-15,Siemens SINEC OS,5.5,CVSS:3.1/AV:L/AC:L/PR:L/UI:N/S:U/C:N/I:N/A:H/E:U/RL:O/RC:C,none,no,partial
2025-08,CVE-2024-36902,ICSA-25-226-15,Siemens SINEC OS,5.5,CVSS:3.1/AV:L/AC:L/PR:L/UI:N/S:U/C:N/I:N/A:H,none,no,partial
2025-08,CVE-2024-36904,ICSA-25-226-15,Siemens SINEC OS,5.5,CVSS:3.1/AV:L/AC:L/PR:L/UI:N/S:U/C:N/I:N/A:H,none,no,partial
2025-08,CVE-2024-36905,ICSA-25-226-15,Siemens SINEC OS,5.5,CVSS:3.1/AV:L/AC:L/PR:L/UI:N/S:U/C:N/I:N/A:H,none,no,partial
2025-08,CVE-2024-36916,ICSA-25-226-15,Siemens SINEC OS,6.5,CVSS:3.1/AV:N/AC:L/PR:N/UI:N/S:U/C:N/I:L/A:L,none,no,partial
2025-08,CVE-2024-36929,ICSA-25-226-15,Siemens SINEC OS,5.5,CVSS:3.1/AV:L/AC:L/PR:L/UI:N/S:U/C:N/I:N/A:H,none,no,partial
2025-08,CVE-2024-36933,ICSA-25-226-15,Siemens SINEC OS,0.0,CVSS:3.1/AV:N/AC:H/PR:N/UI:R/S:U/C:N/I:N/A:N,none,no,partial
2025-08,CVE-2024-36934,ICSA-25-226-15,Siemens SINEC OS,5.5,CVSS:3.1/AV:L/AC:L/PR:L/UI:N/S:U/C:N/I:N/A:H,none,no,partial
2025-08,CVE-2024-36938,ICSA-25-226-15,Siemens SINEC OS,5.5,CVSS:3.1/AV:L/AC:L/PR:L/UI:N/S:U/C:N/I:N/A:H/E:U/RL:O/RC:C,none,no,partial
2025-08,CVE-2024-36940,ICSA-25-226-15,Siemens SINEC OS,5.5,CVSS:3.1/AV:L/AC:L/PR:L/UI:N/S:U/C:N/I:N/A:H,none,no,partial
2025-08,CVE-2024-36946,ICSA-25-226-15,Siemens SINEC OS,0.0,CVSS:3.1/AV:N/AC:H/PR:N/UI:R/S:U/C:N/I:N/A:N,none,no,partial
2025-08,CVE-2024-36954,ICSA-25-226-15,Siemens SINEC OS,0.0,CVSS:3.1/AV:N/AC:H/PR:N/UI:R/S:U/C:N/I:N/A:N,none,no,partial
2025-08,CVE-2024-36957,ICSA-25-226-15,Siemens SINEC OS,0.0,CVSS:3.1/AV:N/AC:H/PR:N/UI:R/S:U/C:N/I:N/A:N,none,no,partial
2025-08,CVE-2024-36959,ICSA-25-226-15,Siemens SINEC OS,5.5,CVSS:3.1/AV:L/AC:L/PR:L/UI:N/S:U/C:N/I:N/A:H,none,no,partial
2025-08,CVE-2024-36964,ICSA-25-226-15,Siemens SINEC OS,0.0,CVSS:3.1/AV:N/AC:H/PR:N/UI:R/S:U/C:N/I:N/A:N,none,no,partial
2025-08,CVE-2024-36971,ICSA-25-226-15,Siemens SINEC OS,0.0,CVSS:3.1/AV:N/AC:H/PR:N/UI:R/S:U/C:N/I:N/A:N/E:P/RL:O/RC:C,active,no,total
2025-08,CVE-2024-36974,ICSA-25-226-15,Siemens SINEC OS,5.5,CVSS:3.1/AV:L/AC:L/PR:L/UI:N/S:U/C:N/I:N/A:H,none,no,partial
2025-08,CVE-2024-36978,ICSA-25-226-15,Siemens SINEC OS,6.1,CVSS:3.1/AV:L/AC:L/PR:L/UI:N/S:U/C:N/I:H/A:L,none,no,partial
2025-08,CVE-2024-37356,ICSA-25-226-15,Siemens SINEC OS,6.6,CVSS:3.1/AV:L/AC:L/PR:L/UI:N/S:U/C:L/I:L/A:H,none,no,partial
2025-08,CVE-2024-38381,ICSA-25-226-15,Siemens SINEC OS,5.5,CVSS:3.1/AV:L/AC:L/PR:L/UI:N/S:U/C:N/I:N/A:H,none,no,partial
2025-08,CVE-2024-38555,ICSA-25-226-15,Siemens SINEC OS,0.0,CVSS:3.1/AV:N/AC:H/PR:N/UI:R/S:U/C:N/I:N/A:N,none,no,partial
2025-08,CVE-2024-38558,ICSA-25-226-15,Siemens SINEC OS,5.5,CVSS:3.1/AV:L/AC:L/PR:L/UI:N/S:U/C:N/I:N/A:H,none,no,partial
2025-08,CVE-2024-38578,ICSA-25-226-15,Siemens SINEC OS,5.5,CVSS:3.1/AV:L/AC:L/PR:L/UI:N/S:U/C:N/I:N/A:H,none,no,partial
2025-08,CVE-2024-38579,ICSA-25-226-15,Siemens SINEC OS,5.5,CVSS:3.1/AV:L/AC:L/PR:L/UI:N/S:U/C:N/I:N/A:H,none,no,partial
2025-08,CVE-2024-38586,ICSA-25-226-15,Siemens SINEC OS,4.7,CVSS:3.1/AV:L/AC:H/PR:L/UI:N/S:U/C:N/I:N/A:H/E:U/RL:O/RC:C,none,no,partial
2025-08,CVE-2024-38587,ICSA-25-226-15,Siemens SINEC OS,5.3,CVSS:3.1/AV:N/AC:L/PR:N/UI:N/S:U/C:N/I:N/A:L,none,no,partial
2025-08,CVE-2024-38589,ICSA-25-226-15,Siemens SINEC OS,5.5,CVSS:3.1/AV:L/AC:L/PR:L/UI:N/S:U/C:N/I:N/A:H,none,no,partial
2025-08,CVE-2024-38590,ICSA-25-226-15,Siemens SINEC OS,0.0,CVSS:3.1/AV:N/AC:H/PR:N/UI:R/S:U/C:N/I:N/A:N,none,no,partial
2025-08,CVE-2024-38596,ICSA-25-226-15,Siemens SINEC OS,4.7,CVSS:3.1/AV:L/AC:H/PR:L/UI:N/S:U/C:N/I:N/A:H,none,no,partial
2025-08,CVE-2024-38597,ICSA-25-226-15,Siemens SINEC OS,0.0,CVSS:3.1/AV:N/AC:H/PR:N/UI:R/S:U/C:N/I:N/A:N,none,no,partial
2025-08,CVE-2024-38598,ICSA-25-226-15,Siemens SINEC OS,5.5,CVSS:3.1/AV:L/AC:L/PR:L/UI:N/S:U/C:N/I:N/A:H,none,no,partial
2025-08,CVE-2024-38601,ICSA-25-226-15,Siemens SINEC OS,0.0,CVSS:3.1/AV:N/AC:H/PR:N/UI:R/S:U/C:N/I:N/A:N,none,no,partial
2025-08,CVE-2024-38612,ICSA-25-226-15,Siemens SINEC OS,5.5,CVSS:3.1/AV:L/AC:L/PR:L/UI:N/S:U/C:N/I:N/A:H,none,yes,total
2025-08,CVE-2024-38615,ICSA-25-226-15,Siemens SINEC OS,5.5,CVSS:3.1/AV:L/AC:L/PR:L/UI:N/S:U/C:N/I:N/A:H,none,no,partial
2025-08,CVE-2024-38619,ICSA-25-226-15,Siemens SINEC OS,5.5,CVSS:3.1/AV:L/AC:L/PR:L/UI:N/S:U/C:N/I:N/A:H,none,no,partial
2025-08,CVE-2024-38627,ICSA-25-226-15,Siemens SINEC OS,0.0,CVSS:3.1/AV:N/AC:H/PR:N/UI:R/S:U/C:N/I:N/A:N,none,no,partial
2025-08,CVE-2024-38633,ICSA-25-226-15,Siemens SINEC OS,0.0,CVSS:3.1/AV:N/AC:H/PR:N/UI:R/S:U/C:N/I:N/A:N,none,no,partial
2025-08,CVE-2024-38634,ICSA-25-226-15,Siemens SINEC OS,0.0,CVSS:3.1/AV:N/AC:H/PR:N/UI:R/S:U/C:N/I:N/A:N,none,no,partial
2025-08,CVE-2024-38637,ICSA-25-226-15,Siemens SINEC OS,0.0,CVSS:3.1/AV:N/AC:H/PR:N/UI:R/S:U/C:N/I:N/A:N,none,no,partial
2025-08,CVE-2024-38659,ICSA-25-226-15,Siemens SINEC OS,5.5,CVSS:3.1/AV:L/AC:L/PR:L/UI:N/S:U/C:N/I:N/A:H,none,no,partial
2025-08,CVE-2024-38662,ICSA-25-226-15,Siemens SINEC OS,4.4,CVSS:3.1/AV:L/AC:L/PR:H/UI:N/S:U/C:N/I:N/A:H,none,no,partial
2025-08,CVE-2024-38780,ICSA-25-226-15,Siemens SINEC OS,5.5,CVSS:3.1/AV:L/AC:L/PR:L/UI:N/S:U/C:N/I:N/A:H,none,no,partial
2025-08,CVE-2024-39276,ICSA-25-226-15,Siemens SINEC OS,5.5,CVSS:3.1/AV:L/AC:L/PR:L/UI:N/S:U/C:H/I:N/A:N,none,no,partial
2025-08,CVE-2024-39292,ICSA-25-226-15,Siemens SINEC OS,5.5,CVSS:3.1/AV:L/AC:L/PR:L/UI:N/S:U/C:N/I:N/A:H,none,no,partial
2025-08,CVE-2024-39301,ICSA-25-226-15,Siemens SINEC OS,0.0,CVSS:3.1/AV:N/AC:H/PR:N/UI:R/S:U/C:N/I:N/A:N,none,no,partial
2025-08,CVE-2024-39468,ICSA-25-226-15,Siemens SINEC OS,5.5,CVSS:3.1/AV:L/AC:L/PR:L/UI:N/S:U/C:N/I:N/A:H,none,no,partial
2025-08,CVE-2024-39475,ICSA-25-226-15,Siemens SINEC OS,0.0,CVSS:3.1/AV:N/AC:H/PR:N/UI:R/S:U/C:N/I:N/A:N,none,no,partial
2025-08,CVE-2024-39480,ICSA-25-226-15,Siemens SINEC OS,7.8,CVSS:3.1/AV:L/AC:L/PR:L/UI:N/S:U/C:H/I:H/A:H,none,no,total
2025-08,CVE-2024-39482,ICSA-25-226-15,Siemens SINEC OS,5.5,CVSS:3.1/AV:L/AC:L/PR:L/UI:N/S:U/C:N/I:N/A:H,none,no,partial
2025-08,CVE-2024-39487,ICSA-25-226-15,Siemens SINEC OS,5.5,CVSS:3.1/AV:L/AC:L/PR:L/UI:N/S:U/C:N/I:N/A:H,none,no,partial
2025-08,CVE-2024-39489,ICSA-25-226-15,Siemens SINEC OS,5.5,CVSS:3.1/AV:L/AC:L/PR:L/UI:N/S:U/C:N/I:N/A:H,none,no,partial
2025-08,CVE-2024-39493,ICSA-25-226-15,Siemens SINEC OS,5.5,CVSS:3.1/AV:L/AC:L/PR:L/UI:N/S:U/C:N/I:N/A:H,none,no,partial
2025-08,CVE-2024-39495,ICSA-25-226-15,Siemens SINEC OS,5.5,CVSS:3.1/AV:L/AC:L/PR:L/UI:N/S:U/C:N/I:N/A:H/E:U/RL:O/RC:C,none,no,total
2025-08,CVE-2024-39499,ICSA-25-226-15,Siemens SINEC OS,5.5,CVSS:3.1/AV:L/AC:L/PR:L/UI:N/S:U/C:N/I:N/A:H/E:U/RL:O/RC:C,none,no,partial
2025-08,CVE-2024-39502,ICSA-25-226-15,Siemens SINEC OS,5.5,CVSS:3.1/AV:L/AC:L/PR:L/UI:N/S:U/C:N/I:N/A:H,none,no,partial
2025-08,CVE-2024-39503,ICSA-25-226-15,Siemens SINEC OS,5.5,CVSS:3.1/AV:L/AC:L/PR:L/UI:N/S:U/C:N/I:N/A:H,none,no,partial
2025-08,CVE-2024-39506,ICSA-25-226-15,Siemens SINEC OS,5.5,CVSS:3.1/AV:L/AC:L/PR:L/UI:N/S:U/C:N/I:N/A:H/E:U/RL:O/RC:C,none,no,partial
2025-08,CVE-2024-40904,ICSA-25-226-15,Siemens SINEC OS,4.4,CVSS:3.1/AV:L/AC:L/PR:H/UI:N/S:U/C:N/I:N/A:H/E:U/RL:O/RC:C,none,no,partial
2025-08,CVE-2024-40905,ICSA-25-226-15,Siemens SINEC OS,4.4,CVSS:3.1/AV:L/AC:L/PR:H/UI:N/S:U/C:N/I:N/A:H,none,no,partial
2025-08,CVE-2024-40931,ICSA-25-226-15,Siemens SINEC OS,5.5,CVSS:3.1/AV:L/AC:L/PR:L/UI:N/S:U/C:N/I:N/A:H/E:U/RL:O/RC:C,none,no,partial
2025-08,CVE-2024-40945,ICSA-25-226-15,Siemens SINEC OS,6.8,CVSS:3.1/AV:L/AC:L/PR:N/UI:N/S:U/C:N/I:L/A:H,none,no,partial
2025-08,CVE-2024-40947,ICSA-25-226-15,Siemens SINEC OS,5.5,CVSS:3.1/AV:L/AC:L/PR:L/UI:N/S:U/C:N/I:N/A:H/E:U/RL:O/RC:C,none,no,partial
2025-08,CVE-2024-40958,ICSA-25-226-15,Siemens SINEC OS,4.0,CVSS:3.1/AV:L/AC:L/PR:N/UI:N/S:U/C:N/I:L/A:N,none,no,partial
2025-08,CVE-2024-40959,ICSA-25-226-15,Siemens SINEC OS,5.5,CVSS:3.1/AV:L/AC:L/PR:L/UI:N/S:U/C:N/I:N/A:H,none,no,partial
2025-08,CVE-2024-40960,ICSA-25-226-15,Siemens SINEC OS,5.5,CVSS:3.1/AV:L/AC:L/PR:L/UI:N/S:U/C:N/I:N/A:H,none,no,partial
2025-08,CVE-2024-40961,ICSA-25-226-15,Siemens SINEC OS,5.5,CVSS:3.1/AV:L/AC:L/PR:L/UI:N/S:U/C:N/I:N/A:H,none,no,partial
2025-08,CVE-2024-40980,ICSA-25-226-15,Siemens SINEC OS,5.9,CVSS:3.1/AV:L/AC:L/PR:N/UI:N/S:U/C:L/I:L/A:L,none,no,partial
2025-08,CVE-2024-40983,ICSA-25-226-15,Siemens SINEC OS,5.5,CVSS:3.1/AV:L/AC:L/PR:L/UI:N/S:U/C:N/I:N/A:H/E:U/RL:O/RC:C,none,no,partial
2025-08,CVE-2024-40984,ICSA-25-226-15,Siemens SINEC OS,5.5,CVSS:3.1/AV:L/AC:L/PR:L/UI:N/S:U/C:N/I:N/A:H,none,no,partial
2025-08,CVE-2024-40990,ICSA-25-226-15,Siemens SINEC OS,5.5,CVSS:3.1/AV:L/AC:L/PR:L/UI:N/S:U/C:N/I:N/A:H/E:U/RL:O/RC:C,none,no,partial
2025-08,CVE-2024-40995,ICSA-25-226-15,Siemens SINEC OS,5.5,CVSS:3.1/AV:L/AC:L/PR:L/UI:N/S:U/C:N/I:N/A:H,none,no,partial
2025-08,CVE-2024-41000,ICSA-25-226-15,Siemens SINEC OS,5.9,CVSS:3.1/AV:L/AC:L/PR:N/UI:N/S:U/C:L/I:L/A:L,none,no,partial
2025-08,CVE-2024-41004,ICSA-25-226-15,Siemens SINEC OS,5.9,CVSS:3.1/AV:L/AC:L/PR:N/UI:N/S:U/C:L/I:L/A:L,none,no,partial
2025-08,CVE-2024-41005,ICSA-25-226-15,Siemens SINEC OS,4.9,CVSS:3.1/AV:L/AC:H/PR:N/UI:N/S:U/C:L/I:L/A:L,none,no,partial
2025-08,CVE-2024-41006,ICSA-25-226-15,Siemens SINEC OS,4.4,CVSS:3.1/AV:L/AC:L/PR:L/UI:N/S:U/C:L/I:N/A:L,none,no,partial
2025-08,CVE-2024-41007,ICSA-25-226-15,Siemens SINEC OS,3.3,CVSS:3.1/AV:L/AC:L/PR:L/UI:N/S:U/C:N/I:N/A:L/E:U/RL:O/RC:C,none,no,partial
2025-08,CVE-2024-41009,ICSA-25-226-15,Siemens SINEC OS,5.5,CVSS:3.1/AV:L/AC:L/PR:L/UI:N/S:U/C:N/I:N/A:H/E:U/RL:O/RC:C,none,no,partial
2025-08,CVE-2024-41012,ICSA-25-226-15,Siemens SINEC OS,6.3,CVSS:3.1/AV:L/AC:H/PR:L/UI:N/S:U/C:H/I:N/A:H/E:U/RL:O/RC:C,none,no,partial
2025-08,CVE-2024-41020,ICSA-25-226-15,Siemens SINEC OS,5.5,CVSS:3.1/AV:L/AC:L/PR:L/UI:N/S:U/C:N/I:N/A:H/E:U/RL:O/RC:C,none,no,partial
2025-08,CVE-2024-41035,ICSA-25-226-15,Siemens SINEC OS,7.1,CVSS:3.1/AV:L/AC:L/PR:L/UI:N/S:U/C:N/I:H/A:H/E:U/RL:O/RC:C,none,no,partial
2025-08,CVE-2024-41040,ICSA-25-226-15,Siemens SINEC OS,7.8,CVSS:3.1/AV:L/AC:L/PR:L/UI:N/S:U/C:H/I:H/A:H/E:U/RL:O/RC:C,none,no,partial
2025-08,CVE-2024-41041,ICSA-25-226-15,Siemens SINEC OS,7.8,CVSS:3.1/AV:L/AC:L/PR:L/UI:N/S:U/C:H/I:H/A:H/E:U/RL:O/RC:C,none,no,partial
2025-08,CVE-2024-41044,ICSA-25-226-15,Siemens SINEC OS,5.5,CVSS:3.1/AV:L/AC:L/PR:L/UI:N/S:U/C:N/I:N/A:H/E:U/RL:O/RC:C,none,no,partial
2025-08,CVE-2024-41046,ICSA-25-226-15,Siemens SINEC OS,5.5,CVSS:3.1/AV:L/AC:L/PR:L/UI:N/S:U/C:N/I:N/A:H,none,no,partial
2025-08,CVE-2024-41049,ICSA-25-226-15,Siemens SINEC OS,7.8,CVSS:3.1/AV:L/AC:L/PR:L/UI:N/S:U/C:H/I:H/A:H,none,no,partial
2025-08,CVE-2024-41055,ICSA-25-226-15,Siemens SINEC OS,5.5,CVSS:3.1/AV:L/AC:L/PR:L/UI:N/S:U/C:N/I:N/A:H,none,no,partial
2025-08,CVE-2024-41077,ICSA-25-226-15,Siemens SINEC OS,7.1,CVSS:3.1/AV:L/AC:L/PR:L/UI:N/S:U/C:N/I:H/A:H/E:U/RL:O/RC:C,none,no,partial
2025-08,CVE-2024-41081,ICSA-25-226-15,Siemens SINEC OS,5.5,CVSS:3.1/AV:L/AC:L/PR:L/UI:N/S:U/C:N/I:N/A:H/E:U/RL:O/RC:C,none,no,partial
2025-08,CVE-2024-41087,ICSA-25-226-15,Siemens SINEC OS,7.8,CVSS:3.1/AV:L/AC:L/PR:L/UI:N/S:U/C:H/I:H/A:H/E:U/RL:O/RC:C,none,no,partial
2025-08,CVE-2024-41090,ICSA-25-226-15,Siemens SINEC OS,7.1,CVSS:3.1/AV:L/AC:L/PR:N/UI:N/S:C/C:N/I:N/A:H/E:U/RL:O/RC:C,none,no,partial
2025-08,CVE-2024-41091,ICSA-25-226-15,Siemens SINEC OS,7.1,CVSS:3.1/AV:L/AC:L/PR:N/UI:N/S:C/C:N/I:N/A:H/E:U/RL:O/RC:C,none,no,partial
2025-08,CVE-2024-41097,ICSA-25-226-15,Siemens SINEC OS,4.3,CVSS:3.1/AV:P/AC:L/PR:L/UI:N/S:U/C:N/I:N/A:H/E:U/RL:O/RC:C,none,no,partial
2025-08,CVE-2024-41979,ICSA-25-226-06,Siemens Opcenter Quality,7.1,CVSS:3.1/AV:A/AC:H/PR:L/UI:N/S:U/C:H/I:H/A:H,none,no,partial
2025-08,CVE-2024-41980,ICSA-25-226-06,Siemens Opcenter Quality,3.1,CVSS:3.1/AV:A/AC:H/PR:H/UI:N/S:U/C:L/I:L/A:N,none,no,partial
2025-08,CVE-2024-41982,ICSA-25-226-06,Siemens Opcenter Quality,4.8,CVSS:3.1/AV:A/AC:H/PR:L/UI:N/S:U/C:H/I:N/A:N/E:P/RL:O/RC:C,none,no,partial
2025-08,CVE-2024-41983,ICSA-25-226-06,Siemens Opcenter Quality,3.5,CVSS:3.1/AV:A/AC:L/PR:L/UI:N/S:U/C:L/I:N/A:N,none,no,partial
2025-08,CVE-2024-41984,ICSA-25-226-06,Siemens Opcenter Quality,2.6,CVSS:3.1/AV:A/AC:H/PR:N/UI:R/S:U/C:L/I:N/A:N,none,no,partial
2025-08,CVE-2024-41985,ICSA-25-226-06,Siemens Opcenter Quality,2.6,CVSS:3.1/AV:A/AC:H/PR:N/UI:R/S:U/C:N/I:L/A:N,none,no,partial
2025-08,CVE-2024-41986,ICSA-25-226-06,Siemens Opcenter Quality,6.4,CVSS:3.1/AV:A/AC:H/PR:N/UI:N/S:U/C:H/I:L/A:L,none,no,partial
2025-08,CVE-2024-42070,ICSA-25-226-15,Siemens SINEC OS,5.5,CVSS:3.1/AV:L/AC:L/PR:L/UI:N/S:U/C:N/I:N/A:H,none,no,partial
2025-08,CVE-2024-42076,ICSA-25-226-15,Siemens SINEC OS,5.5,CVSS:3.1/AV:L/AC:L/PR:L/UI:N/S:U/C:N/I:N/A:H/E:U/RL:O/RC:C,none,no,partial
2025-08,CVE-2024-42082,ICSA-25-226-15,Siemens SINEC OS,5.5,CVSS:3.1/AV:L/AC:L/PR:L/UI:N/S:U/C:N/I:N/A:H,none,no,partial
2025-08,CVE-2024-42084,ICSA-25-226-15,Siemens SINEC OS,7.1,CVSS:3.1/AV:L/AC:L/PR:L/UI:N/S:U/C:N/I:H/A:H/E:U/RL:O/RC:C,none,no,partial
2025-08,CVE-2024-42086,ICSA-25-226-15,Siemens SINEC OS,7.8,CVSS:3.1/AV:L/AC:L/PR:L/UI:N/S:U/C:H/I:H/A:H/E:U/RL:O/RC:C,none,no,partial
2025-08,CVE-2024-42089,ICSA-25-226-15,Siemens SINEC OS,0.0,CVSS:3.1/AV:N/AC:H/PR:N/UI:R/S:U/C:N/I:N/A:N,none,no,partial
2025-08,CVE-2024-42092,ICSA-25-226-15,Siemens SINEC OS,5.5,CVSS:3.1/AV:L/AC:L/PR:L/UI:N/S:U/C:N/I:N/A:H/E:U/RL:O/RC:C,none,no,partial
2025-08,CVE-2024-42093,ICSA-25-226-15,Siemens SINEC OS,7.1,CVSS:3.1/AV:L/AC:L/PR:L/UI:N/S:U/C:H/I:N/A:H,none,no,partial
2025-08,CVE-2024-42094,ICSA-25-226-15,Siemens SINEC OS,7.1,CVSS:3.1/AV:L/AC:L/PR:L/UI:N/S:U/C:H/I:N/A:H,none,no,partial
2025-08,CVE-2024-42095,ICSA-25-226-15,Siemens SINEC OS,5.5,CVSS:3.1/AV:L/AC:L/PR:L/UI:N/S:U/C:N/I:N/A:H/E:U/RL:O/RC:C,none,no,partial
2025-08,CVE-2024-42102,ICSA-25-226-15,Siemens SINEC OS,0.0,CVSS:3.1/AV:N/AC:H/PR:N/UI:R/S:U/C:N/I:N/A:N,none,no,partial
2025-08,CVE-2024-42106,ICSA-25-226-15,Siemens SINEC OS,4.4,CVSS:3.1/AV:L/AC:L/PR:H/UI:N/S:U/C:N/I:N/A:H,none,no,partial
2025-08,CVE-2024-42131,ICSA-25-226-15,Siemens SINEC OS,4.4,CVSS:3.1/AV:L/AC:L/PR:H/UI:N/S:U/C:N/I:N/A:H,none,no,partial
2025-08,CVE-2024-42145,ICSA-25-226-15,Siemens SINEC OS,6.5,CVSS:3.1/AV:N/AC:L/PR:L/UI:N/S:U/C:N/I:N/A:H/E:U/RL:O/RC:C,none,no,partial
2025-08,CVE-2024-42148,ICSA-25-226-15,Siemens SINEC OS,5.5,CVSS:3.1/AV:L/AC:L/PR:L/UI:N/S:U/C:N/I:N/A:H/E:U/RL:O/RC:C,none,no,partial
2025-08,CVE-2024-42152,ICSA-25-226-15,Siemens SINEC OS,7.1,CVSS:3.1/AV:L/AC:L/PR:L/UI:N/S:U/C:H/I:N/A:H/E:U/RL:O/RC:C,none,no,partial
2025-08,CVE-2024-42153,ICSA-25-226-15,Siemens SINEC OS,5.5,CVSS:3.1/AV:L/AC:L/PR:L/UI:N/S:U/C:N/I:N/A:H/E:U/RL:O/RC:C,none,no,partial
2025-08,CVE-2024-42154,ICSA-25-226-15,Siemens SINEC OS,5.5,CVSS:3.1/AV:L/AC:L/PR:L/UI:N/S:U/C:N/I:N/A:H,none,no,partial
2025-08,CVE-2024-42161,ICSA-25-226-15,Siemens SINEC OS,7.8,CVSS:3.1/AV:L/AC:L/PR:L/UI:N/S:U/C:H/I:H/A:H,none,no,partial
2025-08,CVE-2024-42223,ICSA-25-226-15,Siemens SINEC OS,5.5,CVSS:3.1/AV:L/AC:L/PR:L/UI:N/S:U/C:N/I:N/A:H/E:U/RL:O/RC:C,none,no,partial
2025-08,CVE-2024-42229,ICSA-25-226-15,Siemens SINEC OS,4.1,CVSS:3.1/AV:L/AC:H/PR:H/UI:N/S:U/C:H/I:N/A:N/E:U/RL:O/RC:C,none,no,partial
2025-08,CVE-2024-42232,ICSA-25-226-15,Siemens SINEC OS,5.5,CVSS:3.1/AV:L/AC:L/PR:L/UI:N/S:U/C:N/I:N/A:H/E:U/RL:O/RC:C,none,no,partial
2025-08,CVE-2024-42236,ICSA-25-226-15,Siemens SINEC OS,5.5,CVSS:3.1/AV:L/AC:L/PR:L/UI:N/S:U/C:N/I:N/A:H/E:U/RL:O/RC:C,none,no,partial
2025-08,CVE-2024-42244,ICSA-25-226-15,Siemens SINEC OS,5.5,CVSS:3.1/AV:L/AC:L/PR:L/UI:N/S:U/C:N/I:N/A:H/E:U/RL:O/RC:C,none,no,partial
2025-08,CVE-2024-42247,ICSA-25-226-15,Siemens SINEC OS,5.5,CVSS:3.1/AV:L/AC:L/PR:L/UI:N/S:U/C:N/I:N/A:H/E:U/RL:O/RC:C,none,no,partial
2025-08,CVE-2024-43098,ICSA-25-226-07,Siemens Third-Party Components in SINEC OS,5.5,CVSS:3.1/AV:L/AC:L/PR:L/UI:N/S:U/C:N/I:N/A:H/E:U/RL:O/RC:C,none,no,partial
2025-08,CVE-2024-43861,ICSA-25-226-15,Siemens SINEC OS,7.5,CVSS:3.1/AV:N/AC:L/PR:N/UI:N/S:U/C:N/I:N/A:H/E:U/RL:O/RC:C,none,no,partial
2025-08,CVE-2024-43871,ICSA-25-226-15,Siemens SINEC OS,5.5,CVSS:3.1/AV:L/AC:L/PR:L/UI:N/S:U/C:N/I:N/A:H,none,no,partial
2025-08,CVE-2024-43880,ICSA-25-226-15,Siemens SINEC OS,5.5,CVSS:3.1/AV:L/AC:L/PR:L/UI:N/S:U/C:N/I:N/A:H/E:U/RL:O/RC:C,none,no,partial
2025-08,CVE-2024-43882,ICSA-25-226-15,Siemens SINEC OS,7.0,CVSS:3.1/AV:L/AC:H/PR:L/UI:N/S:U/C:H/I:H/A:H,none,no,total
2025-08,CVE-2024-43883,ICSA-25-226-15,Siemens SINEC OS,5.5,CVSS:3.1/AV:L/AC:L/PR:L/UI:N/S:U/C:N/I:N/A:H/E:U/RL:O/RC:C,none,no,partial
2025-08,CVE-2024-43889,ICSA-25-226-15,Siemens SINEC OS,5.5,CVSS:3.1/AV:L/AC:L/PR:L/UI:N/S:U/C:N/I:N/A:H,none,no,partial
2025-08,CVE-2024-43890,ICSA-25-226-15,Siemens SINEC OS,5.5,CVSS:3.1/AV:L/AC:L/PR:L/UI:N/S:U/C:N/I:N/A:H,none,no,partial
2025-08,CVE-2024-43893,ICSA-25-226-15,Siemens SINEC OS,5.5,CVSS:3.1/AV:L/AC:L/PR:L/UI:N/S:U/C:N/I:N/A:H,none,no,partial
2025-08,CVE-2024-44935,ICSA-25-226-15,Siemens SINEC OS,5.5,CVSS:3.1/AV:L/AC:L/PR:L/UI:N/S:U/C:N/I:N/A:H,none,no,partial
2025-08,CVE-2024-44944,ICSA-25-226-15,Siemens SINEC OS,5.5,CVSS:3.1/AV:L/AC:L/PR:L/UI:N/S:U/C:N/I:N/A:H,none,no,partial
2025-08,CVE-2024-44949,ICSA-25-226-15,Siemens SINEC OS,5.5,CVSS:3.1/AV:L/AC:L/PR:L/UI:N/S:U/C:N/I:N/A:H/E:U/RL:O/RC:C,none,no,partial
2025-08,CVE-2024-44960,ICSA-25-226-15,Siemens SINEC OS,5.5,CVSS:3.1/AV:L/AC:L/PR:L/UI:N/S:U/C:N/I:N/A:H,none,no,partial
2025-08,CVE-2024-44971,ICSA-25-226-15,Siemens SINEC OS,5.5,CVSS:3.1/AV:L/AC:L/PR:L/UI:N/S:U/C:N/I:N/A:H/E:U/RL:O/RC:C,none,no,partial
2025-08,CVE-2024-44987,ICSA-25-226-07,Siemens Third-Party Components in SINEC OS,5.5,CVSS:3.1/AV:L/AC:L/PR:L/UI:N/S:U/C:N/I:N/A:H,none,no,partial
2025-08,CVE-2024-44989,ICSA-25-226-07,Siemens Third-Party Components in SINEC OS,5.5,CVSS:3.1/AV:L/AC:L/PR:L/UI:N/S:U/C:N/I:N/A:H,none,no,partial
2025-08,CVE-2024-44990,ICSA-25-226-07,Siemens Third-Party Components in SINEC OS,5.5,CVSS:3.1/AV:L/AC:L/PR:L/UI:N/S:U/C:N/I:N/A:H,none,no,partial
2025-08,CVE-2024-44995,ICSA-25-226-07,Siemens Third-Party Components in SINEC OS,5.5,CVSS:3.1/AV:L/AC:L/PR:L/UI:N/S:U/C:N/I:N/A:H/E:U/RL:O/RC:C,none,no,partial
2025-08,CVE-2024-44998,ICSA-25-226-15,Siemens SINEC OS,7.8,CVSS:3.1/AV:L/AC:L/PR:L/UI:N/S:U/C:H/I:H/A:H/E:U/RL:O/RC:C,none,no,partial
2025-08,CVE-2024-44999,ICSA-25-226-07,Siemens Third-Party Components in SINEC OS,7.1,CVSS:3.1/AV:L/AC:L/PR:L/UI:N/S:U/C:H/I:N/A:H/E:U/RL:O/RC:C,none,no,partial
2025-08,CVE-2024-45003,ICSA-25-226-07,Siemens Third-Party Components in SINEC OS,5.5,CVSS:3.1/AV:L/AC:L/PR:L/UI:N/S:U/C:N/I:N/A:H/E:U/RL:O/RC:C,none,no,partial
2025-08,CVE-2024-45006,ICSA-25-226-07,Siemens Third-Party Components in SINEC OS,5.5,CVSS:3.1/AV:L/AC:L/PR:L/UI:N/S:U/C:N/I:N/A:H/E:U/RL:O/RC:C,none,no,partial
2025-08,CVE-2024-45008,ICSA-25-226-07,Siemens Third-Party Components in SINEC OS,5.5,CVSS:3.1/AV:L/AC:L/PR:L/UI:N/S:U/C:N/I:N/A:H/E:U/RL:O/RC:C,none,no,partial
2025-08,CVE-2024-45021,ICSA-25-226-07,Siemens Third-Party Components in SINEC OS,5.5,CVSS:3.1/AV:L/AC:L/PR:L/UI:N/S:U/C:N/I:N/A:H/E:U/RL:O/RC:C,none,no,partial
2025-08,CVE-2024-45025,ICSA-25-226-07,Siemens Third-Party Components in SINEC OS,5.5,CVSS:3.1/AV:L/AC:L/PR:L/UI:N/S:U/C:N/I:N/A:H/E:U/RL:O/RC:C,none,no,partial
2025-08,CVE-2024-45490,ICSA-25-226-15,Siemens SINEC OS,9.8,CVSS:3.1/AV:N/AC:L/PR:N/UI:N/S:U/C:H/I:H/A:H,none,yes,total
2025-08,CVE-2024-45491,ICSA-25-226-15,Siemens SINEC OS,7.3,CVSS:3.1/AV:N/AC:L/PR:N/UI:N/S:U/C:L/I:L/A:L,none,yes,partial
2025-08,CVE-2024-45492,ICSA-25-226-15,Siemens SINEC OS,7.3,CVSS:3.1/AV:N/AC:L/PR:N/UI:N/S:U/C:L/I:L/A:L,none,yes,partial
2025-08,CVE-2024-4603,ICSA-25-226-15,Siemens SINEC OS,5.3,CVSS:3.1/AV:N/AC:L/PR:N/UI:N/S:U/C:N/I:N/A:L,none,yes,partial
2025-08,CVE-2024-46674,ICSA-25-226-07,Siemens Third-Party Components in SINEC OS,5.5,CVSS:3.1/AV:L/AC:L/PR:L/UI:N/S:U/C:N/I:N/A:H/E:U/RL:O/RC:C,none,no,partial
2025-08,CVE-2024-46675,ICSA-25-226-07,Siemens Third-Party Components in SINEC OS,5.5,CVSS:3.1/AV:L/AC:L/PR:L/UI:N/S:U/C:N/I:N/A:H/E:U/RL:O/RC:C,none,no,partial
2025-08,CVE-2024-46676,ICSA-25-226-07,Siemens Third-Party Components in SINEC OS,5.5,CVSS:3.1/AV:L/AC:L/PR:L/UI:N/S:U/C:N/I:N/A:H/E:U/RL:O/RC:C,none,no,partial
2025-08,CVE-2024-46677,ICSA-25-226-07,Siemens Third-Party Components in SINEC OS,5.5,CVSS:3.1/AV:L/AC:L/PR:L/UI:N/S:U/C:N/I:N/A:H/E:U/RL:O/RC:C,none,no,partial
2025-08,CVE-2024-46679,ICSA-25-226-07,Siemens Third-Party Components in SINEC OS,5.5,CVSS:3.1/AV:L/AC:L/PR:L/UI:N/S:U/C:N/I:N/A:H,none,no,partial
2025-08,CVE-2024-46685,ICSA-25-226-07,Siemens Third-Party Components in SINEC OS,5.5,CVSS:3.1/AV:L/AC:L/PR:L/UI:N/S:U/C:N/I:N/A:H/E:U/RL:O/RC:C,none,no,partial
2025-08,CVE-2024-46689,ICSA-25-226-07,Siemens Third-Party Components in SINEC OS,5.5,CVSS:3.1/AV:L/AC:L/PR:L/UI:N/S:U/C:N/I:N/A:H/E:U/RL:O/RC:C,none,no,partial
2025-08,CVE-2024-46713,ICSA-25-226-07,Siemens Third-Party Components in SINEC OS,5.5,CVSS:3.1/AV:L/AC:L/PR:L/UI:N/S:U/C:N/I:N/A:H/E:U/RL:O/RC:C,none,no,partial
2025-08,CVE-2024-46719,ICSA-25-226-07,Siemens Third-Party Components in SINEC OS,5.5,CVSS:3.1/AV:L/AC:L/PR:L/UI:N/S:U/C:N/I:N/A:H/E:U/RL:O/RC:C,none,no,partial
2025-08,CVE-2024-46721,ICSA-25-226-07,Siemens Third-Party Components in SINEC OS,5.5,CVSS:3.1/AV:L/AC:L/PR:L/UI:N/S:U/C:N/I:N/A:H/E:U/RL:O/RC:C,none,no,partial
2025-08,CVE-2024-46737,ICSA-25-226-07,Siemens Third-Party Components in SINEC OS,5.5,CVSS:3.1/AV:L/AC:L/PR:L/UI:N/S:U/C:N/I:N/A:H/E:U/RL:O/RC:C,none,no,partial
2025-08,CVE-2024-46738,ICSA-25-226-07,Siemens Third-Party Components in SINEC OS,7.8,CVSS:3.1/AV:L/AC:L/PR:L/UI:N/S:U/C:H/I:H/A:H/E:U/RL:O/RC:C,none,no,partial
2025-08,CVE-2024-46739,ICSA-25-226-07,Siemens Third-Party Components in SINEC OS,5.5,CVSS:3.1/AV:L/AC:L/PR:L/UI:N/S:U/C:N/I:N/A:H/E:U/RL:O/RC:C,none,no,partial
2025-08,CVE-2024-46740,ICSA-25-226-07,Siemens Third-Party Components in SINEC OS,7.8,CVSS:3.1/AV:L/AC:L/PR:L/UI:N/S:U/C:H/I:H/A:H/E:U/RL:O/RC:C,none,no,total
2025-08,CVE-2024-46743,ICSA-25-226-07,Siemens Third-Party Components in SINEC OS,7.1,CVSS:3.1/AV:L/AC:L/PR:L/UI:N/S:U/C:H/I:N/A:H,none,no,partial
2025-08,CVE-2024-46744,ICSA-25-226-07,Siemens Third-Party Components in SINEC OS,5.5,CVSS:3.1/AV:L/AC:L/PR:L/UI:N/S:U/C:N/I:N/A:H,none,no,partial
2025-08,CVE-2024-46745,ICSA-25-226-07,Siemens Third-Party Components in SINEC OS,6.5,CVSS:3.1/AV:N/AC:L/PR:L/UI:N/S:U/C:N/I:N/A:H,none,no,partial
2025-08,CVE-2024-46750,ICSA-25-226-07,Siemens Third-Party Components in SINEC OS,5.5,CVSS:3.1/AV:L/AC:L/PR:L/UI:N/S:U/C:N/I:N/A:H,none,no,partial
2025-08,CVE-2024-46759,ICSA-25-226-07,Siemens Third-Party Components in SINEC OS,5.5,CVSS:3.1/AV:L/AC:L/PR:L/UI:N/S:U/C:N/I:N/A:H,none,no,partial
2025-08,CVE-2024-46761,ICSA-25-226-07,Siemens Third-Party Components in SINEC OS,5.5,CVSS:3.1/AV:L/AC:L/PR:L/UI:N/S:U/C:N/I:N/A:H/E:U/RL:O/RC:C,none,no,partial
2025-08,CVE-2024-46763,ICSA-25-226-07,Siemens Third-Party Components in SINEC OS,5.5,CVSS:3.1/AV:L/AC:L/PR:L/UI:N/S:U/C:N/I:N/A:H/E:U/RL:O/RC:C,none,no,partial
2025-08,CVE-2024-46771,ICSA-25-226-07,Siemens Third-Party Components in SINEC OS,5.5,CVSS:3.1/AV:L/AC:L/PR:L/UI:N/S:U/C:N/I:N/A:H/E:U/RL:O/RC:C,none,no,partial
2025-08,CVE-2024-46777,ICSA-25-226-07,Siemens Third-Party Components in SINEC OS,5.5,CVSS:3.1/AV:L/AC:L/PR:L/UI:N/S:U/C:N/I:N/A:H/E:U/RL:O/RC:C,none,no,partial
2025-08,CVE-2024-46782,ICSA-25-226-07,Siemens Third-Party Components in SINEC OS,5.5,CVSS:3.1/AV:L/AC:L/PR:L/UI:N/S:U/C:N/I:N/A:H/E:U/RL:O/RC:C,none,no,partial
2025-08,CVE-2024-46783,ICSA-25-226-07,Siemens Third-Party Components in SINEC OS,5.5,CVSS:3.1/AV:L/AC:L/PR:L/UI:N/S:U/C:N/I:N/A:H,none,no,partial
2025-08,CVE-2024-46791,ICSA-25-226-07,Siemens Third-Party Components in SINEC OS,5.5,CVSS:3.1/AV:L/AC:L/PR:L/UI:N/S:U/C:N/I:N/A:H/E:U/RL:O/RC:C,none,no,partial
2025-08,CVE-2024-46798,ICSA-25-226-07,Siemens Third-Party Components in SINEC OS,5.5,CVSS:3.1/AV:L/AC:L/PR:L/UI:N/S:U/C:N/I:N/A:H/E:U/RL:O/RC:C,none,no,partial
2025-08,CVE-2024-46800,ICSA-25-226-07,Siemens Third-Party Components in SINEC OS,5.5,CVSS:3.1/AV:L/AC:L/PR:L/UI:N/S:U/C:N/I:N/A:H/E:U/RL:O/RC:C,none,no,partial
2025-08,CVE-2024-46828,ICSA-25-226-07,Siemens Third-Party Components in SINEC OS,5.5,CVSS:3.1/AV:L/AC:L/PR:L/UI:N/S:U/C:N/I:N/A:H/E:U/RL:O/RC:C,none,no,partial
2025-08,CVE-2024-46829,ICSA-25-226-07,Siemens Third-Party Components in SINEC OS,5.5,CVSS:3.1/AV:L/AC:L/PR:L/UI:N/S:U/C:N/I:N/A:H/E:U/RL:O/RC:C,none,no,partial
2025-08,CVE-2024-46844,ICSA-25-226-07,Siemens Third-Party Components in SINEC OS,5.5,CVSS:3.1/AV:L/AC:L/PR:L/UI:N/S:U/C:N/I:N/A:H/E:U/RL:O/RC:C,none,no,partial
2025-08,CVE-2024-47143,ICSA-25-226-07,Siemens Third-Party Components in SINEC OS,5.5,CVSS:3.1/AV:L/AC:L/PR:L/UI:N/S:U/C:N/I:N/A:H/E:U/RL:O/RC:C,none,no,partial
2025-08,CVE-2024-4741,ICSA-25-226-15,Siemens SINEC OS,7.5,CVSS:3.1/AV:N/AC:L/PR:N/UI:N/S:U/C:N/I:N/A:H,none,yes,partial
2025-08,CVE-2024-47659,ICSA-25-226-07,Siemens Third-Party Components in SINEC OS,5.5,CVSS:3.1/AV:L/AC:L/PR:L/UI:N/S:U/C:N/I:N/A:H/E:U/RL:O/RC:C,none,no,partial
2025-08,CVE-2024-47660,ICSA-25-226-07,Siemens Third-Party Components in SINEC OS,5.5,CVSS:3.1/AV:L/AC:L/PR:L/UI:N/S:U/C:N/I:N/A:H,none,no,partial
2025-08,CVE-2024-47663,ICSA-25-226-07,Siemens Third-Party Components in SINEC OS,7.1,CVSS:3.1/AV:L/AC:L/PR:L/UI:N/S:U/C:N/I:H/A:H/E:U/RL:O/RC:C,none,no,partial
2025-08,CVE-2024-47667,ICSA-25-226-07,Siemens Third-Party Components in SINEC OS,5.5,CVSS:3.1/AV:L/AC:L/PR:L/UI:N/S:U/C:N/I:N/A:H/E:U/RL:O/RC:C,none,no,partial
2025-08,CVE-2024-47668,ICSA-25-226-07,Siemens Third-Party Components in SINEC OS,5.5,CVSS:3.1/AV:L/AC:L/PR:L/UI:N/S:U/C:N/I:N/A:H/E:U/RL:O/RC:C,none,no,partial
2025-08,CVE-2024-47679,ICSA-25-226-07,Siemens Third-Party Components in SINEC OS,5.5,CVSS:3.1/AV:L/AC:L/PR:L/UI:N/S:U/C:N/I:N/A:H/E:U/RL:O/RC:C,none,no,partial
2025-08,CVE-2024-47684,ICSA-25-226-07,Siemens Third-Party Components in SINEC OS,5.5,CVSS:3.1/AV:L/AC:L/PR:L/UI:N/S:U/C:N/I:N/A:H,none,no,partial
2025-08,CVE-2024-47685,ICSA-25-226-07,Siemens Third-Party Components in SINEC OS,9.1,CVSS:3.1/AV:N/AC:L/PR:N/UI:N/S:U/C:H/I:N/A:H,none,no,partial
2025-08,CVE-2024-47696,ICSA-25-226-07,Siemens Third-Party Components in SINEC OS,7.8,CVSS:3.1/AV:L/AC:L/PR:L/UI:N/S:U/C:H/I:H/A:H,none,no,partial
2025-08,CVE-2024-47701,ICSA-25-226-07,Siemens Third-Party Components in SINEC OS,7.8,CVSS:3.1/AV:L/AC:L/PR:L/UI:N/S:U/C:H/I:H/A:H,none,no,partial
2025-08,CVE-2024-47705,ICSA-25-226-07,Siemens Third-Party Components in SINEC OS,5.5,CVSS:3.1/AV:L/AC:L/PR:L/UI:N/S:U/C:N/I:N/A:H,none,no,partial
2025-08,CVE-2024-47706,ICSA-25-226-07,Siemens Third-Party Components in SINEC OS,5.5,CVSS:3.1/AV:L/AC:L/PR:L/UI:N/S:U/C:N/I:N/A:H,none,no,partial
2025-08,CVE-2024-47709,ICSA-25-226-07,Siemens Third-Party Components in SINEC OS,5.5,CVSS:3.1/AV:L/AC:L/PR:L/UI:N/S:U/C:N/I:N/A:H,none,no,partial
2025-08,CVE-2024-47710,ICSA-25-226-07,Siemens Third-Party Components in SINEC OS,5.5,CVSS:3.1/AV:L/AC:L/PR:L/UI:N/S:U/C:N/I:N/A:H,none,no,partial
2025-08,CVE-2024-47735,ICSA-25-226-07,Siemens Third-Party Components in SINEC OS,5.5,CVSS:3.1/AV:L/AC:L/PR:L/UI:N/S:U/C:N/I:N/A:H,none,no,partial
2025-08,CVE-2024-47739,ICSA-25-226-07,Siemens Third-Party Components in SINEC OS,5.5,CVSS:3.1/AV:L/AC:L/PR:L/UI:N/S:U/C:N/I:N/A:H/E:U/RL:O/RC:C,none,no,partial
2025-08,CVE-2024-47740,ICSA-25-226-07,Siemens Third-Party Components in SINEC OS,5.5,CVSS:3.1/AV:L/AC:L/PR:L/UI:N/S:U/C:N/I:N/A:H/E:U/RL:O/RC:C,none,no,partial
2025-08,CVE-2024-47742,ICSA-25-226-07,Siemens Third-Party Components in SINEC OS,5.5,CVSS:3.1/AV:L/AC:L/PR:L/UI:N/S:U/C:N/I:N/A:H/E:U/RL:O/RC:C,none,no,partial
2025-08,CVE-2024-47747,ICSA-25-226-07,Siemens Third-Party Components in SINEC OS,5.5,CVSS:3.1/AV:L/AC:L/PR:L/UI:N/S:U/C:N/I:N/A:H,none,no,partial
2025-08,CVE-2024-47748,ICSA-25-226-07,Siemens Third-Party Components in SINEC OS,6.7,CVSS:3.1/AV:L/AC:L/PR:H/UI:N/S:U/C:H/I:H/A:H/E:U/RL:O/RC:C,none,no,partial
2025-08,CVE-2024-47749,ICSA-25-226-07,Siemens Third-Party Components in SINEC OS,5.5,CVSS:3.1/AV:L/AC:L/PR:L/UI:N/S:U/C:N/I:N/A:H/E:U/RL:O/RC:C,none,no,partial
2025-08,CVE-2024-47756,ICSA-25-226-07,Siemens Third-Party Components in SINEC OS,5.5,CVSS:3.1/AV:L/AC:L/PR:L/UI:N/S:U/C:N/I:N/A:H/E:U/RL:O/RC:C,none,no,partial
2025-08,CVE-2024-48881,ICSA-25-226-07,Siemens Third-Party Components in SINEC OS,5.5,CVSS:3.1/AV:L/AC:L/PR:L/UI:N/S:U/C:N/I:N/A:H,none,no,partial
2025-08,CVE-2024-49851,ICSA-25-226-07,Siemens Third-Party Components in SINEC OS,5.5,CVSS:3.1/AV:L/AC:L/PR:L/UI:N/S:U/C:N/I:N/A:H,none,no,partial
2025-08,CVE-2024-49858,ICSA-25-226-07,Siemens Third-Party Components in SINEC OS,5.5,CVSS:3.1/AV:L/AC:L/PR:L/UI:N/S:U/C:N/I:N/A:H/E:U/RL:O/RC:C,none,no,partial
2025-08,CVE-2024-49860,ICSA-25-226-07,Siemens Third-Party Components in SINEC OS,5.5,CVSS:3.1/AV:L/AC:L/PR:L/UI:N/S:U/C:N/I:N/A:H/E:U/RL:O/RC:C,none,no,partial
2025-08,CVE-2024-49878,ICSA-25-226-07,Siemens Third-Party Components in SINEC OS,5.5,CVSS:3.1/AV:L/AC:L/PR:L/UI:N/S:U/C:N/I:N/A:H/E:U/RL:O/RC:C,none,no,partial
2025-08,CVE-2024-49881,ICSA-25-226-07,Siemens Third-Party Components in SINEC OS,5.5,CVSS:3.1/AV:L/AC:L/PR:L/UI:N/S:U/C:N/I:N/A:H,none,no,partial
2025-08,CVE-2024-49882,ICSA-25-226-07,Siemens Third-Party Components in SINEC OS,5.5,CVSS:3.1/AV:L/AC:L/PR:L/UI:N/S:U/C:N/I:N/A:H/E:U/RL:O/RC:C,none,no,partial
2025-08,CVE-2024-49883,ICSA-25-226-07,Siemens Third-Party Components in SINEC OS,5.5,CVSS:3.1/AV:L/AC:L/PR:L/UI:N/S:U/C:N/I:N/A:H/E:U/RL:O/RC:C,none,no,partial
2025-08,CVE-2024-49884,ICSA-25-226-07,Siemens Third-Party Components in SINEC OS,5.5,CVSS:3.1/AV:L/AC:L/PR:L/UI:N/S:U/C:N/I:N/A:H,none,no,partial
2025-08,CVE-2024-49889,ICSA-25-226-07,Siemens Third-Party Components in SINEC OS,7.8,CVSS:3.1/AV:L/AC:L/PR:L/UI:N/S:U/C:H/I:H/A:H,none,no,partial
2025-08,CVE-2024-49924,ICSA-25-226-07,Siemens Third-Party Components in SINEC OS,5.5,CVSS:3.1/AV:L/AC:L/PR:L/UI:N/S:U/C:N/I:N/A:H/E:U/RL:O/RC:C,none,no,partial
2025-08,CVE-2024-49933,ICSA-25-226-07,Siemens Third-Party Components in SINEC OS,5.5,CVSS:3.1/AV:L/AC:L/PR:L/UI:N/S:U/C:N/I:N/A:H/E:U/RL:O/RC:C,none,no,partial
2025-08,CVE-2024-49936,ICSA-25-226-07,Siemens Third-Party Components in SINEC OS,5.5,CVSS:3.1/AV:L/AC:L/PR:L/UI:N/S:U/C:N/I:N/A:H/E:U/RL:O/RC:C,none,no,partial
2025-08,CVE-2024-49944,ICSA-25-226-07,Siemens Third-Party Components in SINEC OS,5.5,CVSS:3.1/AV:L/AC:L/PR:L/UI:N/S:U/C:N/I:N/A:H,none,no,partial
2025-08,CVE-2024-49948,ICSA-25-226-07,Siemens Third-Party Components in SINEC OS,5.5,CVSS:3.1/AV:L/AC:L/PR:L/UI:N/S:U/C:N/I:N/A:H,none,no,partial
2025-08,CVE-2024-49949,ICSA-25-226-07,Siemens Third-Party Components in SINEC OS,5.5,CVSS:3.1/AV:L/AC:L/PR:L/UI:N/S:U/C:N/I:N/A:H,none,no,partial
2025-08,CVE-2024-49952,ICSA-25-226-07,Siemens Third-Party Components in SINEC OS,5.5,CVSS:3.1/AV:L/AC:L/PR:L/UI:N/S:U/C:N/I:N/A:H,none,no,partial
2025-08,CVE-2024-49955,ICSA-25-226-07,Siemens Third-Party Components in SINEC OS,5.5,CVSS:3.1/AV:L/AC:L/PR:L/UI:N/S:U/C:N/I:N/A:H,none,no,partial
2025-08,CVE-2024-49959,ICSA-25-226-07,Siemens Third-Party Components in SINEC OS,5.5,CVSS:3.1/AV:L/AC:L/PR:L/UI:N/S:U/C:N/I:N/A:H/E:U/RL:O/RC:C,none,no,partial
2025-08,CVE-2024-49962,ICSA-25-226-07,Siemens Third-Party Components in SINEC OS,5.5,CVSS:3.1/AV:L/AC:L/PR:L/UI:N/S:U/C:N/I:N/A:H/E:U/RL:O/RC:C,none,no,partial
2025-08,CVE-2024-49963,ICSA-25-226-07,Siemens Third-Party Components in SINEC OS,5.5,CVSS:3.1/AV:L/AC:L/PR:L/UI:N/S:U/C:N/I:N/A:H/E:U/RL:O/RC:C,none,no,partial
2025-08,CVE-2024-49975,ICSA-25-226-07,Siemens Third-Party Components in SINEC OS,5.5,CVSS:3.1/AV:L/AC:L/PR:L/UI:N/S:U/C:N/I:N/A:H/E:U/RL:O/RC:C,none,no,partial
2025-08,CVE-2024-49977,ICSA-25-226-07,Siemens Third-Party Components in SINEC OS,5.5,CVSS:3.1/AV:L/AC:L/PR:L/UI:N/S:U/C:N/I:N/A:H,none,no,partial
2025-08,CVE-2024-49981,ICSA-25-226-07,Siemens Third-Party Components in SINEC OS,5.5,CVSS:3.1/AV:L/AC:L/PR:L/UI:N/S:U/C:N/I:N/A:H/E:U/RL:O/RC:C,none,no,partial
2025-08,CVE-2024-49982,ICSA-25-226-07,Siemens Third-Party Components in SINEC OS,7.8,CVSS:3.1/AV:L/AC:L/PR:L/UI:N/S:U/C:H/I:H/A:H,none,no,partial
2025-08,CVE-2024-49983,ICSA-25-226-07,Siemens Third-Party Components in SINEC OS,5.5,CVSS:3.1/AV:L/AC:L/PR:L/UI:N/S:U/C:N/I:N/A:H/E:U/RL:O/RC:C,none,no,partial
2025-08,CVE-2024-49985,ICSA-25-226-07,Siemens Third-Party Components in SINEC OS,5.5,CVSS:3.1/AV:L/AC:L/PR:L/UI:N/S:U/C:N/I:N/A:H/E:U/RL:O/RC:C,none,no,partial
2025-08,CVE-2024-49997,ICSA-25-226-07,Siemens Third-Party Components in SINEC OS,5.5,CVSS:3.1/AV:L/AC:L/PR:L/UI:N/S:U/C:N/I:N/A:H,none,no,partial
2025-08,CVE-2024-50001,ICSA-25-226-07,Siemens Third-Party Components in SINEC OS,5.5,CVSS:3.1/AV:L/AC:L/PR:L/UI:N/S:U/C:N/I:N/A:H,none,no,partial
2025-08,CVE-2024-50006,ICSA-25-226-07,Siemens Third-Party Components in SINEC OS,5.5,CVSS:3.1/AV:L/AC:L/PR:L/UI:N/S:U/C:N/I:N/A:H,none,no,partial
2025-08,CVE-2024-50013,ICSA-25-226-07,Siemens Third-Party Components in SINEC OS,5.5,CVSS:3.1/AV:L/AC:L/PR:L/UI:N/S:U/C:N/I:N/A:H/E:U/RL:O/RC:C,none,no,partial
2025-08,CVE-2024-50015,ICSA-25-226-07,Siemens Third-Party Components in SINEC OS,5.5,CVSS:3.1/AV:L/AC:L/PR:L/UI:N/S:U/C:N/I:N/A:H,none,no,partial
2025-08,CVE-2024-50024,ICSA-25-226-07,Siemens Third-Party Components in SINEC OS,5.5,CVSS:3.1/AV:L/AC:L/PR:L/UI:N/S:U/C:N/I:N/A:H/E:U/RL:O/RC:C,none,no,partial
2025-08,CVE-2024-50033,ICSA-25-226-07,Siemens Third-Party Components in SINEC OS,7.1,CVSS:3.1/AV:L/AC:L/PR:L/UI:N/S:U/C:H/I:N/A:H,none,no,partial
2025-08,CVE-2024-50035,ICSA-25-226-07,Siemens Third-Party Components in SINEC OS,7.1,CVSS:3.1/AV:L/AC:L/PR:L/UI:N/S:U/C:H/I:N/A:H,none,no,partial
2025-08,CVE-2024-50039,ICSA-25-226-07,Siemens Third-Party Components in SINEC OS,5.5,CVSS:3.1/AV:L/AC:L/PR:L/UI:N/S:U/C:N/I:N/A:H,none,no,partial
2025-08,CVE-2024-50040,ICSA-25-226-07,Siemens Third-Party Components in SINEC OS,6.2,CVSS:3.1/AV:L/AC:L/PR:N/UI:N/S:U/C:N/I:N/A:H,none,no,partial
2025-08,CVE-2024-50045,ICSA-25-226-07,Siemens Third-Party Components in SINEC OS,5.5,CVSS:3.1/AV:L/AC:L/PR:L/UI:N/S:U/C:N/I:N/A:H,none,no,partial
2025-08,CVE-2024-50046,ICSA-25-226-07,Siemens Third-Party Components in SINEC OS,5.5,CVSS:3.1/AV:L/AC:L/PR:L/UI:N/S:U/C:N/I:N/A:H,none,no,partial
2025-08,CVE-2024-50051,ICSA-25-226-07,Siemens Third-Party Components in SINEC OS,5.5,CVSS:3.1/AV:L/AC:L/PR:L/UI:N/S:U/C:N/I:N/A:H/E:U/RL:O/RC:C,none,no,total
2025-08,CVE-2024-50059,ICSA-25-226-07,Siemens Third-Party Components in SINEC OS,7.1,CVSS:3.1/AV:L/AC:L/PR:L/UI:N/S:U/C:N/I:H/A:H/E:U/RL:O/RC:C,none,no,partial
2025-08,CVE-2024-50095,ICSA-25-226-07,Siemens Third-Party Components in SINEC OS,5.5,CVSS:3.1/AV:L/AC:L/PR:L/UI:N/S:U/C:N/I:N/A:H,none,no,partial
2025-08,CVE-2024-50179,ICSA-25-226-07,Siemens Third-Party Components in SINEC OS,5.5,CVSS:3.1/AV:L/AC:L/PR:L/UI:N/S:U/C:N/I:N/A:H/E:U/RL:O/RC:C,none,no,partial
2025-08,CVE-2024-50180,ICSA-25-226-07,Siemens Third-Party Components in SINEC OS,5.5,CVSS:3.1/AV:L/AC:L/PR:L/UI:N/S:U/C:N/I:N/A:H/E:U/RL:O/RC:C,none,no,total
2025-08,CVE-2024-50184,ICSA-25-226-07,Siemens Third-Party Components in SINEC OS,5.5,CVSS:3.1/AV:L/AC:L/PR:L/UI:N/S:U/C:N/I:N/A:H/E:U/RL:O/RC:C,none,no,partial
2025-08,CVE-2024-50185,ICSA-25-226-07,Siemens Third-Party Components in SINEC OS,5.5,CVSS:3.1/AV:L/AC:L/PR:L/UI:N/S:U/C:N/I:N/A:H/E:U/RL:O/RC:C,none,no,partial
2025-08,CVE-2024-50188,ICSA-25-226-07,Siemens Third-Party Components in SINEC OS,5.5,CVSS:3.1/AV:L/AC:L/PR:L/UI:N/S:U/C:N/I:N/A:H,none,no,partial
2025-08,CVE-2024-50195,ICSA-25-226-07,Siemens Third-Party Components in SINEC OS,5.5,CVSS:3.1/AV:L/AC:L/PR:L/UI:N/S:U/C:N/I:N/A:H/E:U/RL:O/RC:C,none,no,partial
2025-08,CVE-2024-50198,ICSA-25-226-07,Siemens Third-Party Components in SINEC OS,5.5,CVSS:3.1/AV:L/AC:L/PR:L/UI:N/S:U/C:N/I:N/A:H/E:U/RL:O/RC:C,none,no,partial
2025-08,CVE-2024-50201,ICSA-25-226-07,Siemens Third-Party Components in SINEC OS,5.5,CVSS:3.1/AV:L/AC:L/PR:L/UI:N/S:U/C:N/I:N/A:H/E:U/RL:O/RC:C,none,no,partial
2025-08,CVE-2024-50262,ICSA-25-226-07,Siemens Third-Party Components in SINEC OS,5.5,CVSS:3.1/AV:L/AC:L/PR:L/UI:N/S:U/C:N/I:N/A:H,none,no,total
2025-08,CVE-2024-50264,ICSA-25-226-07,Siemens Third-Party Components in SINEC OS,5.5,CVSS:3.1/AV:L/AC:L/PR:L/UI:N/S:U/C:N/I:N/A:H/E:U/RL:O/RC:C,none,no,total
2025-08,CVE-2024-50267,ICSA-25-226-07,Siemens Third-Party Components in SINEC OS,5.5,CVSS:3.1/AV:L/AC:L/PR:L/UI:N/S:U/C:N/I:N/A:H/E:U/RL:O/RC:C,none,no,total
2025-08,CVE-2024-50268,ICSA-25-226-07,Siemens Third-Party Components in SINEC OS,5.5,CVSS:3.1/AV:L/AC:L/PR:L/UI:N/S:U/C:N/I:N/A:H/E:U/RL:O/RC:C,none,no,partial
2025-08,CVE-2024-50269,ICSA-25-226-07,Siemens Third-Party Components in SINEC OS,5.5,CVSS:3.1/AV:L/AC:L/PR:L/UI:N/S:U/C:N/I:N/A:H/E:U/RL:O/RC:C,none,no,total
2025-08,CVE-2024-50278,ICSA-25-226-07,Siemens Third-Party Components in SINEC OS,7.1,CVSS:3.1/AV:L/AC:L/PR:L/UI:N/S:U/C:H/I:N/A:H/E:U/RL:O/RC:C,none,no,partial
2025-08,CVE-2024-50279,ICSA-25-226-07,Siemens Third-Party Components in SINEC OS,5.5,CVSS:3.1/AV:L/AC:L/PR:L/UI:N/S:U/C:N/I:N/A:H/E:U/RL:O/RC:C,none,no,partial
2025-08,CVE-2024-50287,ICSA-25-226-07,Siemens Third-Party Components in SINEC OS,5.5,CVSS:3.1/AV:L/AC:L/PR:L/UI:N/S:U/C:N/I:N/A:H/E:U/RL:O/RC:C,none,no,partial
2025-08,CVE-2024-50290,ICSA-25-226-07,Siemens Third-Party Components in SINEC OS,5.5,CVSS:3.1/AV:L/AC:L/PR:L/UI:N/S:U/C:N/I:N/A:H/E:U/RL:O/RC:C,none,no,partial
2025-08,CVE-2024-50292,ICSA-25-226-07,Siemens Third-Party Components in SINEC OS,5.5,CVSS:3.1/AV:L/AC:L/PR:L/UI:N/S:U/C:N/I:N/A:H/E:U/RL:O/RC:C,none,no,partial
2025-08,CVE-2024-50296,ICSA-25-226-07,Siemens Third-Party Components in SINEC OS,5.5,CVSS:3.1/AV:L/AC:L/PR:L/UI:N/S:U/C:N/I:N/A:H/E:U/RL:O/RC:C,none,no,partial
2025-08,CVE-2024-50299,ICSA-25-226-07,Siemens Third-Party Components in SINEC OS,5.5,CVSS:3.1/AV:L/AC:L/PR:L/UI:N/S:U/C:N/I:N/A:H,none,no,partial
2025-08,CVE-2024-50301,ICSA-25-226-07,Siemens Third-Party Components in SINEC OS,7.1,CVSS:3.1/AV:L/AC:L/PR:L/UI:N/S:U/C:H/I:N/A:H,none,no,partial
2025-08,CVE-2024-50602,ICSA-25-226-07,Siemens Third-Party Components in SINEC OS,5.5,CVSS:3.1/AV:L/AC:L/PR:N/UI:R/S:U/C:N/I:N/A:H,poc,no,partial
2025-08,CVE-2024-52504,ICSA-25-226-12,Siemens SIPROTEC 4 and SIPROTEC 4 Compact,7.5,CVSS:3.1/AV:N/AC:L/PR:N/UI:N/S:U/C:N/I:N/A:H,none,yes,partial
2025-08,CVE-2024-53052,ICSA-25-226-07,Siemens Third-Party Components in SINEC OS,5.5,CVSS:3.1/AV:L/AC:L/PR:L/UI:N/S:U/C:N/I:N/A:H/E:U/RL:O/RC:C,none,no,partial
2025-08,CVE-2024-53057,ICSA-25-226-07,Siemens Third-Party Components in SINEC OS,5.5,CVSS:3.1/AV:L/AC:L/PR:L/UI:N/S:U/C:N/I:N/A:H,none,no,total
2025-08,CVE-2024-53061,ICSA-25-226-07,Siemens Third-Party Components in SINEC OS,7.8,CVSS:3.1/AV:L/AC:L/PR:L/UI:N/S:U/C:H/I:H/A:H/E:U/RL:O/RC:C,none,no,total
2025-08,CVE-2024-53097,ICSA-25-226-07,Siemens Third-Party Components in SINEC OS,3.3,CVSS:3.1/AV:L/AC:L/PR:L/UI:N/S:U/C:N/I:N/A:L/E:U/RL:O/RC:C,none,no,partial
2025-08,CVE-2024-53101,ICSA-25-226-07,Siemens Third-Party Components in SINEC OS,5.5,CVSS:3.1/AV:L/AC:L/PR:L/UI:N/S:U/C:N/I:N/A:H,none,no,partial
2025-08,CVE-2024-53103,ICSA-25-226-07,Siemens Third-Party Components in SINEC OS,5.5,CVSS:3.1/AV:L/AC:L/PR:L/UI:N/S:U/C:N/I:N/A:H/E:U/RL:O/RC:C,none,no,total
2025-08,CVE-2024-53145,ICSA-25-226-07,Siemens Third-Party Components in SINEC OS,4.4,CVSS:3.1/AV:L/AC:L/PR:H/UI:N/S:U/C:N/I:N/A:H/E:U/RL:O/RC:C,none,no,partial
2025-08,CVE-2024-53157,ICSA-25-226-07,Siemens Third-Party Components in SINEC OS,5.5,CVSS:3.1/AV:L/AC:L/PR:L/UI:N/S:U/C:N/I:N/A:H/E:U/RL:O/RC:C,none,no,partial
2025-08,CVE-2024-53158,ICSA-25-226-07,Siemens Third-Party Components in SINEC OS,6.1,CVSS:3.1/AV:L/AC:L/PR:L/UI:N/S:U/C:L/I:N/A:H/E:U/RL:O/RC:C,none,no,partial
2025-08,CVE-2024-53161,ICSA-25-226-07,Siemens Third-Party Components in SINEC OS,6.1,CVSS:3.1/AV:L/AC:L/PR:L/UI:N/S:U/C:N/I:L/A:H/E:U/RL:O/RC:C,none,no,partial
2025-08,CVE-2024-53165,ICSA-25-226-07,Siemens Third-Party Components in SINEC OS,7.8,CVSS:3.1/AV:L/AC:L/PR:L/UI:N/S:U/C:H/I:H/A:H,none,no,total
2025-08,CVE-2024-53171,ICSA-25-226-07,Siemens Third-Party Components in SINEC OS,5.5,CVSS:3.1/AV:L/AC:L/PR:L/UI:N/S:U/C:N/I:N/A:H/E:U/RL:O/RC:C,none,no,total
2025-08,CVE-2024-53173,ICSA-25-226-07,Siemens Third-Party Components in SINEC OS,7.0,CVSS:3.1/AV:L/AC:H/PR:L/UI:N/S:U/C:H/I:H/A:H/E:U/RL:O/RC:C,none,no,total
2025-08,CVE-2024-53174,ICSA-25-226-07,Siemens Third-Party Components in SINEC OS,5.5,CVSS:3.1/AV:L/AC:L/PR:L/UI:N/S:U/C:N/I:N/A:H/E:U/RL:O/RC:C,none,no,total
2025-08,CVE-2024-53194,ICSA-25-226-07,Siemens Third-Party Components in SINEC OS,5.5,CVSS:3.1/AV:L/AC:L/PR:L/UI:N/S:U/C:N/I:N/A:H/E:U/RL:O/RC:C,none,no,total
2025-08,CVE-2024-53214,ICSA-25-226-07,Siemens Third-Party Components in SINEC OS,7.8,CVSS:3.1/AV:L/AC:L/PR:L/UI:N/S:U/C:H/I:H/A:H/E:U/RL:O/RC:C,none,no,total
2025-08,CVE-2024-53226,ICSA-25-226-07,Siemens Third-Party Components in SINEC OS,5.5,CVSS:3.1/AV:L/AC:L/PR:L/UI:N/S:U/C:N/I:N/A:H/E:U/RL:O/RC:C,none,no,partial
2025-08,CVE-2024-54678,ICSA-25-226-03,Siemens Engineering Platforms,8.2,CVSS:3.1/AV:L/AC:L/PR:L/UI:R/S:C/C:H/I:H/A:H,none,no,total
2025-08,CVE-2024-5535,ICSA-25-226-15,Siemens SINEC OS,5.9,CVSS:3.1/AV:N/AC:H/PR:N/UI:N/S:U/C:H/I:N/A:N,none,yes,partial
2025-08,CVE-2024-56548,ICSA-25-226-07,Siemens Third-Party Components in SINEC OS,5.5,CVSS:3.1/AV:L/AC:L/PR:L/UI:N/S:U/C:N/I:N/A:H/E:U/RL:O/RC:C,none,no,total
2025-08,CVE-2024-56567,ICSA-25-226-07,Siemens Third-Party Components in SINEC OS,5.5,CVSS:3.1/AV:L/AC:L/PR:L/UI:N/S:U/C:N/I:N/A:H/E:U/RL:O/RC:C,none,no,partial
2025-08,CVE-2024-56568,ICSA-25-226-07,Siemens Third-Party Components in SINEC OS,5.5,CVSS:3.1/AV:L/AC:L/PR:L/UI:N/S:U/C:N/I:N/A:H/E:U/RL:O/RC:C,none,no,partial
2025-08,CVE-2024-56569,ICSA-25-226-07,Siemens Third-Party Components in SINEC OS,4.4,CVSS:3.1/AV:L/AC:L/PR:H/UI:N/S:U/C:N/I:N/A:H,none,no,partial
2025-08,CVE-2024-56572,ICSA-25-226-07,Siemens Third-Party Components in SINEC OS,5.5,CVSS:3.1/AV:L/AC:L/PR:L/UI:N/S:U/C:N/I:N/A:H/E:U/RL:O/RC:C,none,no,partial
2025-08,CVE-2024-56574,ICSA-25-226-07,Siemens Third-Party Components in SINEC OS,5.5,CVSS:3.1/AV:L/AC:L/PR:L/UI:N/S:U/C:N/I:N/A:H/E:U/RL:O/RC:C,none,no,partial
2025-08,CVE-2024-56587,ICSA-25-226-07,Siemens Third-Party Components in SINEC OS,5.5,CVSS:3.1/AV:L/AC:L/PR:L/UI:N/S:U/C:N/I:N/A:H/E:U/RL:O/RC:C,none,no,partial
2025-08,CVE-2024-56600,ICSA-25-226-07,Siemens Third-Party Components in SINEC OS,7.8,CVSS:3.1/AV:L/AC:L/PR:L/UI:N/S:U/C:H/I:H/A:H,none,no,total
2025-08,CVE-2024-56601,ICSA-25-226-07,Siemens Third-Party Components in SINEC OS,7.8,CVSS:3.1/AV:L/AC:L/PR:L/UI:N/S:U/C:H/I:H/A:H,none,no,total
2025-08,CVE-2024-56602,ICSA-25-226-07,Siemens Third-Party Components in SINEC OS,5.5,CVSS:3.1/AV:L/AC:L/PR:L/UI:N/S:U/C:N/I:N/A:H/E:U/RL:O/RC:C,none,no,total
2025-08,CVE-2024-56603,ICSA-25-226-07,Siemens Third-Party Components in SINEC OS,5.5,CVSS:3.1/AV:L/AC:L/PR:L/UI:N/S:U/C:N/I:N/A:H/E:U/RL:O/RC:C,none,no,total
2025-08,CVE-2024-56606,ICSA-25-226-07,Siemens Third-Party Components in SINEC OS,7.8,CVSS:3.1/AV:L/AC:L/PR:L/UI:N/S:U/C:H/I:H/A:H,none,no,total
2025-08,CVE-2024-56615,ICSA-25-226-07,Siemens Third-Party Components in SINEC OS,5.5,CVSS:3.1/AV:L/AC:L/PR:L/UI:N/S:U/C:N/I:N/A:H/E:U/RL:O/RC:C,none,no,total
2025-08,CVE-2024-56634,ICSA-25-226-07,Siemens Third-Party Components in SINEC OS,5.5,CVSS:3.1/AV:L/AC:L/PR:L/UI:N/S:U/C:N/I:N/A:H/E:U/RL:O/RC:C,none,no,partial
2025-08,CVE-2024-56642,ICSA-25-226-07,Siemens Third-Party Components in SINEC OS,7.1,CVSS:3.1/AV:A/AC:H/PR:L/UI:N/S:U/C:H/I:H/A:H/E:U/RL:O/RC:C,none,no,total
2025-08,CVE-2024-56643,ICSA-25-226-07,Siemens Third-Party Components in SINEC OS,5.5,CVSS:3.1/AV:L/AC:L/PR:L/UI:N/S:U/C:N/I:N/A:H/E:U/RL:O/RC:C,none,no,partial
2025-08,CVE-2024-56648,ICSA-25-226-07,Siemens Third-Party Components in SINEC OS,5.5,CVSS:3.1/AV:L/AC:L/PR:L/UI:N/S:U/C:N/I:N/A:H/E:U/RL:O/RC:C,none,no,partial
2025-08,CVE-2024-56650,ICSA-25-226-07,Siemens Third-Party Components in SINEC OS,7.8,CVSS:3.1/AV:L/AC:L/PR:L/UI:N/S:U/C:H/I:H/A:H,none,no,partial
2025-08,CVE-2024-56659,ICSA-25-226-07,Siemens Third-Party Components in SINEC OS,5.5,CVSS:3.1/AV:L/AC:L/PR:L/UI:N/S:U/C:N/I:N/A:H/E:U/RL:O/RC:C,none,no,partial
2025-08,CVE-2024-56661,ICSA-25-226-07,Siemens Third-Party Components in SINEC OS,5.5,CVSS:3.1/AV:L/AC:L/PR:L/UI:N/S:U/C:N/I:N/A:H/E:U/RL:O/RC:C,none,no,partial
2025-08,CVE-2024-56662,ICSA-25-226-07,Siemens Third-Party Components in SINEC OS,7.1,CVSS:3.1/AV:L/AC:L/PR:L/UI:N/S:U/C:H/I:N/A:H/E:U/RL:O/RC:C,none,no,partial
2025-08,CVE-2024-56670,ICSA-25-226-07,Siemens Third-Party Components in SINEC OS,5.5,CVSS:3.1/AV:L/AC:L/PR:L/UI:N/S:U/C:N/I:N/A:H/E:U/RL:O/RC:C,none,no,partial
2025-08,CVE-2024-56688,ICSA-25-226-07,Siemens Third-Party Components in SINEC OS,5.5,CVSS:3.1/AV:L/AC:L/PR:L/UI:N/S:U/C:N/I:N/A:H/E:U/RL:O/RC:C,none,no,partial
2025-08,CVE-2024-56698,ICSA-25-226-07,Siemens Third-Party Components in SINEC OS,5.5,CVSS:3.1/AV:L/AC:L/PR:L/UI:N/S:U/C:N/I:N/A:H/E:U/RL:O/RC:C,none,no,partial
2025-08,CVE-2024-56720,ICSA-25-226-07,Siemens Third-Party Components in SINEC OS,5.5,CVSS:3.1/AV:L/AC:L/PR:L/UI:N/S:U/C:N/I:N/A:H/E:U/RL:O/RC:C,none,no,partial
2025-08,CVE-2024-56723,ICSA-25-226-07,Siemens Third-Party Components in SINEC OS,5.5,CVSS:3.1/AV:L/AC:L/PR:L/UI:N/S:U/C:N/I:N/A:H/E:U/RL:O/RC:C,none,no,partial
2025-08,CVE-2024-56724,ICSA-25-226-07,Siemens Third-Party Components in SINEC OS,5.5,CVSS:3.1/AV:L/AC:L/PR:L/UI:N/S:U/C:N/I:N/A:H/E:U/RL:O/RC:C,none,no,partial
2025-08,CVE-2024-56728,ICSA-25-226-07,Siemens Third-Party Components in SINEC OS,5.5,CVSS:3.1/AV:L/AC:L/PR:L/UI:N/S:U/C:N/I:N/A:H/E:U/RL:O/RC:C,none,no,partial
2025-08,CVE-2024-56739,ICSA-25-226-07,Siemens Third-Party Components in SINEC OS,5.5,CVSS:3.1/AV:L/AC:L/PR:L/UI:N/S:U/C:N/I:N/A:H/E:U/RL:O/RC:C,none,no,partial
2025-08,CVE-2024-56746,ICSA-25-226-07,Siemens Third-Party Components in SINEC OS,5.5,CVSS:3.1/AV:L/AC:L/PR:L/UI:N/S:U/C:N/I:N/A:H/E:U/RL:O/RC:C,none,no,partial
2025-08,CVE-2024-56754,ICSA-25-226-07,Siemens Third-Party Components in SINEC OS,5.5,CVSS:3.1/AV:L/AC:L/PR:L/UI:N/S:U/C:N/I:N/A:H/E:U/RL:O/RC:C,none,no,partial
2025-08,CVE-2024-56756,ICSA-25-226-07,Siemens Third-Party Components in SINEC OS,5.5,CVSS:3.1/AV:L/AC:L/PR:L/UI:N/S:U/C:N/I:N/A:H/E:U/RL:O/RC:C,none,no,partial
2025-08,CVE-2024-56770,ICSA-25-226-07,Siemens Third-Party Components in SINEC OS,5.5,CVSS:3.1/AV:L/AC:L/PR:L/UI:N/S:U/C:N/I:N/A:H,none,no,partial
2025-08,CVE-2024-56780,ICSA-25-226-07,Siemens Third-Party Components in SINEC OS,4.7,CVSS:3.1/AV:L/AC:H/PR:L/UI:N/S:U/C:N/I:N/A:H,none,no,partial
2025-08,CVE-2024-57951,ICSA-25-226-07,Siemens Third-Party Components in SINEC OS,7.8,CVSS:3.1/AV:L/AC:L/PR:L/UI:N/S:U/C:H/I:H/A:H,none,no,total
2025-08,CVE-2024-6119,ICSA-25-226-15,Siemens SINEC OS,7.5,CVSS:3.1/AV:N/AC:L/PR:N/UI:N/S:U/C:H/I:N/A:N,none,yes,partial
2025-08,CVE-2024-6197,ICSA-25-226-07,Siemens Third-Party Components in SINEC OS,7.5,CVSS:3.1/AV:N/AC:L/PR:N/UI:N/S:U/C:N/I:N/A:H,none,yes,partial
2025-08,CVE-2024-6232,ICSA-25-226-15,Siemens SINEC OS,7.5,CVSS:3.1/AV:N/AC:L/PR:N/UI:N/S:U/C:N/I:N/A:H,none,yes,partial
2025-08,CVE-2024-6874,ICSA-25-226-07,Siemens Third-Party Components in SINEC OS,3.1,CVSS:3.1/AV:N/AC:H/PR:L/UI:N/S:U/C:L/I:N/A:N,poc,no,partial
2025-08,CVE-2024-7264,ICSA-25-226-07,Siemens Third-Party Components in SINEC OS,3.7,CVSS:3.1/AV:N/AC:H/PR:N/UI:N/S:U/C:N/I:L/A:N,none,no,partial
2025-08,CVE-2024-8176,ICSA-25-226-07,Siemens Third-Party Components in SINEC OS,7.5,CVSS:3.1/AV:N/AC:L/PR:N/UI:N/S:U/C:N/I:N/A:H,poc,yes,partial
2025-08,CVE-2024-8894,ICSA-25-226-02,Siemens COMOS,8.2,CVSS:3.1/AV:L/AC:L/PR:N/UI:R/S:C/C:H/I:N/A:H,none,no,partial
2025-08,CVE-2024-9681,ICSA-25-226-07,Siemens Third-Party Components in SINEC OS,6.5,CVSS:3.1/AV:N/AC:H/PR:N/UI:N/S:U/C:N/I:H/A:L,none,no,partial
2025-08,CVE-2025-1501,ICSA-25-226-09,Siemens RUGGEDCOM APE1808,4.3,CVSS:3.1/AV:N/AC:L/PR:L/UI:N/S:U/C:L/I:N/A:N,none,no,partial
2025-08,CVE-2025-21689,ICSA-25-226-07,Siemens Third-Party Components in SINEC OS,5.5,CVSS:3.1/AV:L/AC:L/PR:L/UI:N/S:U/C:N/I:N/A:H,none,no,partial
2025-08,CVE-2025-21692,ICSA-25-226-07,Siemens Third-Party Components in SINEC OS,7.8,CVSS:3.1/AV:L/AC:L/PR:L/UI:N/S:U/C:H/I:H/A:H,none,no,total
2025-08,CVE-2025-21694,ICSA-25-226-07,Siemens Third-Party Components in SINEC OS,4.1,CVSS:3.1/AV:L/AC:H/PR:H/UI:N/S:U/C:N/I:N/A:H,none,no,partial
2025-08,CVE-2025-21699,ICSA-25-226-07,Siemens Third-Party Components in SINEC OS,5.5,CVSS:3.1/AV:L/AC:L/PR:L/UI:N/S:U/C:N/I:N/A:H,none,no,partial
2025-08,CVE-2025-23184,ICSA-25-261-04,Multiple Open-Source Software Vulnerabilities in Hitachi Energy Asset Suite Product,7.5,CVSS:3.1/AV:N/AC:L/PR:N/UI:N/S:U/C:N/I:N/A:H,none,no,partial
2025-08,CVE-2025-2521,ICSA-25-247-01,Honeywell OneWireless Wireless Device Manager (WDM),8.6,CVSS:3.1/AV:N/AC:L/PR:N/UI:N/S:U/C:L/I:L/A:H,none,no,partial
2025-08,CVE-2025-2522,ICSA-25-247-01,Honeywell OneWireless Wireless Device Manager (WDM),6.5,CVSS:3.1/AV:N/AC:L/PR:N/UI:N/S:U/C:L/I:L/A:N,none,no,partial
2025-08,CVE-2025-2523,ICSA-25-247-01,Honeywell OneWireless Wireless Device Manager (WDM),9.4,CVSS:3.1/AV:N/AC:L/PR:N/UI:N/S:U/C:L/I:H/A:H,none,no,partial
2025-08,CVE-2025-29087,ICSA-25-226-08,Siemens RUGGEDCOM CROSSBOW Station Access Controller,5.5,CVSS:3.1/AV:L/AC:L/PR:L/UI:N/S:U/C:N/I:N/A:H/E:U/RL:O/RC:C,none,yes,total
2025-08,CVE-2025-29088,ICSA-25-226-08,Siemens RUGGEDCOM CROSSBOW Station Access Controller,7.5,CVSS:3.1/AV:N/AC:L/PR:N/UI:N/S:U/C:N/I:N/A:H/E:U/RL:O/RC:C,none,yes,partial
2025-08,CVE-2025-30033,ICSA-25-226-22,Siemens Web Installer,7.8,CVSS:3.1/AV:L/AC:L/PR:N/UI:R/S:U/C:H/I:H/A:H,none,no,total
2025-08,CVE-2025-30034,ICSA-25-226-01,Siemens SIMATIC RTLS Locating Manager,6.2,CVSS:3.1/AV:L/AC:L/PR:N/UI:N/S:U/C:N/I:N/A:H,none,no,partial
2025-08,CVE-2025-3277,ICSA-25-226-08,Siemens RUGGEDCOM CROSSBOW Station Access Controller,8.3,CVSS:3.1/AV:N/AC:L/PR:N/UI:N/S:C/C:L/I:L/A:L,none,no,partial
2025-08,CVE-2025-33023,ICSA-25-226-14,Siemens RUGGEDCOM ROX II,4.1,CVSS:3.1/AV:N/AC:L/PR:H/UI:N/S:C/C:N/I:L/A:N,none,no,partial
2025-08,CVE-2025-3946,ICSA-25-247-01,Honeywell OneWireless Wireless Device Manager (WDM),8.2,CVSS:3.1/AV:N/AC:L/PR:N/UI:N/S:U/C:N/I:L/A:H,none,no,partial
2025-08,CVE-2025-40570,ICSA-25-226-10,Siemens SIPROTEC 5,2.4,CVSS:3.1/AV:P/AC:L/PR:N/UI:N/S:U/C:N/I:N/A:L,none,no,partial
2025-08,CVE-2025-40584,ICSA-25-226-18,"Siemens SIMOTION SCOUT, SIMOTION SCOUT TIA, and SINAMICS STARTER",5.5,CVSS:3.1/AV:L/AC:L/PR:N/UI:R/S:U/C:H/I:N/A:N,none,no,partial
2025-08,CVE-2025-40743,ICSA-25-226-19,Siemens SINUMERIK,8.3,CVSS:3.1/AV:A/AC:L/PR:N/UI:N/S:U/C:H/I:H/A:L,none,no,total
2025-08,CVE-2025-40746,ICSA-25-226-13,Siemens SIMATIC RTLS Locating Manager,9.1,CVSS:3.1/AV:N/AC:L/PR:H/UI:N/S:C/C:H/I:H/A:H,none,no,total
2025-08,CVE-2025-40751,ICSA-25-226-01,Siemens SIMATIC RTLS Locating Manager,6.3,CVSS:3.1/AV:L/AC:L/PR:L/UI:N/S:C/C:L/I:L/A:L,none,no,partial
2025-08,CVE-2025-40752,ICSA-25-226-16,Siemens SICAM Q100/Q200,6.2,CVSS:3.1/AV:L/AC:L/PR:N/UI:N/S:U/C:H/I:N/A:N,none,no,partial
2025-08,CVE-2025-40753,ICSA-25-226-16,Siemens SICAM Q100/Q200,6.2,CVSS:3.1/AV:L/AC:L/PR:N/UI:N/S:U/C:H/I:N/A:N,none,no,partial
2025-08,CVE-2025-40759,ICSA-25-226-11,Siemens SIMATIC S7-PLCSIM,7.8,CVSS:3.1/AV:L/AC:L/PR:N/UI:R/S:U/C:H/I:H/A:H,none,no,total
2025-08,CVE-2025-40761,ICSA-25-226-20,Siemens RUGGEDCOM ROX II,7.6,CVSS:3.1/AV:P/AC:L/PR:N/UI:N/S:C/C:H/I:H/A:H,none,no,total
2025-08,CVE-2025-40762,ICSA-25-226-04,Siemens Simcenter Femap,7.8,CVSS:3.1/AV:L/AC:L/PR:N/UI:R/S:U/C:H/I:H/A:H,none,no,total
2025-08,CVE-2025-40764,ICSA-25-226-04,Siemens Simcenter Femap,7.8,CVSS:3.1/AV:L/AC:L/PR:N/UI:R/S:U/C:H/I:H/A:H,none,no,total
2025-08,CVE-2025-40766,ICSA-25-226-17,Siemens SINEC Traffic Analyzer,5.5,CVSS:3.1/AV:L/AC:L/PR:L/UI:N/S:U/C:N/I:N/A:H,none,no,partial
2025-08,CVE-2025-40767,ICSA-25-226-17,Siemens SINEC Traffic Analyzer,7.8,CVSS:3.1/AV:L/AC:H/PR:L/UI:N/S:C/C:H/I:H/A:H,none,no,total
2025-08,CVE-2025-40768,ICSA-25-226-17,Siemens SINEC Traffic Analyzer,7.3,CVSS:3.1/AV:L/AC:L/PR:N/UI:N/S:U/C:L/I:L/A:H,none,no,partial
2025-08,CVE-2025-40769,ICSA-25-226-17,Siemens SINEC Traffic Analyzer,7.4,CVSS:3.1/AV:L/AC:H/PR:N/UI:N/S:U/C:H/I:H/A:H,none,no,total
2025-08,CVE-2025-40770,ICSA-25-226-17,Siemens SINEC Traffic Analyzer,7.4,CVSS:3.1/AV:L/AC:H/PR:N/UI:N/S:U/C:H/I:H/A:H,none,no,total
2025-08,CVE-2025-41392,ICSA-25-224-01,"Ashlar-Vellum Cobalt, Xenon, Argon, Lithium, Cobalt Share",7.8,CVSS:3.1/AV:L/AC:L/PR:N/UI:R/S:U/C:H/I:H/A:H,none,no,total
2025-08,CVE-2025-41415,ICSA-25-224-04,AVEVA PI Integrator,6.5,CVSS:3.1/AV:N/AC:L/PR:L/UI:N/S:U/C:H/I:N/A:N,none,no,partial
2025-08,CVE-2025-46269,ICSA-25-224-01,"Ashlar-Vellum Cobalt, Xenon, Argon, Lithium, Cobalt Share",7.8,CVSS:3.1/AV:L/AC:L/PR:N/UI:R/S:U/C:H/I:H/A:H,none,no,total
2025-08,CVE-2025-46414,ICSA-25-219-07,EG4 Electronics EG4 Inverters (Update B),8.1,CVSS:3.1/AV:N/AC:H/PR:N/UI:N/S:U/C:H/I:H/A:H,none,no,partial
2025-08,CVE-2025-47728,ICSA-25-240-04,Delta Electronics CNCSoft-G2,7.8,CVSS:3.1/AV:L/AC:L/PR:N/UI:R/S:U/C:H/I:H/A:H,none,no,total
2025-08,CVE-2025-47809,ICSA-25-226-05,Siemens IAM Client,8.2,CVSS:3.1/AV:L/AC:L/PR:H/UI:N/S:C/C:H/I:H/A:H,none,no,total
2025-08,CVE-2025-47872,ICSA-25-219-07,EG4 Electronics EG4 Inverters (Update B),5.8,CVSS:3.1/AV:N/AC:L/PR:N/UI:N/S:C/C:L/I:N/A:N,none,no,partial
2025-08,CVE-2025-5095,ICSA-25-219-03,Burk Technology ARC Solo,9.8,CVSS:3.1/AV:N/AC:L/PR:N/UI:N/S:U/C:H/I:H/A:H,none,yes,total
2025-08,CVE-2025-52584,ICSA-25-224-01,"Ashlar-Vellum Cobalt, Xenon, Argon, Lithium, Cobalt Share",7.8,CVSS:3.1/AV:L/AC:L/PR:N/UI:R/S:U/C:H/I:H/A:H,none,no,total
2025-08,CVE-2025-52586,ICSA-25-219-07,EG4 Electronics EG4 Inverters (Update B),6.9,CVSS:3.1/AV:L/AC:H/PR:N/UI:N/S:U/C:H/I:H/A:L,none,no,partial
2025-08,CVE-2025-52916,ICSA-25-219-08,Yealink IP Phones and RPS (Redirect and Provisioning Service),2.2,CVSS:3.1/AV:N/AC:H/PR:H/UI:N/S:U/C:L/I:N/A:N,none,no,partial
2025-08,CVE-2025-52917,ICSA-25-219-08,Yealink IP Phones and RPS (Redirect and Provisioning Service),4.3,CVSS:3.1/AV:N/AC:L/PR:L/UI:N/S:U/C:L/I:N/A:N,none,no,partial
2025-08,CVE-2025-52918,ICSA-25-219-08,Yealink IP Phones and RPS (Redirect and Provisioning Service),5.0,CVSS:3.1/AV:N/AC:L/PR:L/UI:N/S:C/C:L/I:N/A:N,none,no,partial
2025-08,CVE-2025-52919,ICSA-25-219-08,Yealink IP Phones and RPS (Redirect and Provisioning Service),4.3,CVSS:3.1/AV:N/AC:L/PR:L/UI:N/S:U/C:N/I:L/A:N,poc,no,partial
2025-08,CVE-2025-5296,ICSA-25-266-03,Schneider Electric SESU,7.3,CVSS:3.1/AV:L/AC:L/PR:L/UI:N/S:U/C:L/I:H/A:H,none,no,total
2025-08,CVE-2025-53417,ICSA-25-219-01,Delta Electronics DIAView,9.8,CVSS:3.1/AV:N/AC:L/PR:N/UI:N/S:U/C:H/I:H/A:H,none,yes,total
2025-08,CVE-2025-53418,ICSA-25-240-05,Delta Electronics COMMGR,8.6,CVSS:3.1/AV:N/AC:L/PR:N/UI:N/S:U/C:L/I:L/A:H,none,no,total
2025-08,CVE-2025-53419,ICSA-25-240-05,Delta Electronics COMMGR,7.8,CVSS:3.1/AV:L/AC:L/PR:N/UI:R/S:U/C:H/I:H/A:H,none,no,total
2025-08,CVE-2025-53520,ICSA-25-219-07,EG4 Electronics EG4 Inverters (Update B),8.8,CVSS:3.1/AV:N/AC:L/PR:N/UI:R/S:U/C:H/I:H/A:H,none,no,partial
2025-08,CVE-2025-53695,ICSA-25-224-02,"Johnson Controls iSTAR Ultra, iSTAR Ultra SE, iSTAR Ultra G2, iSTAR Ultra G2 SE, iSTAR Edge G2 (Update A)",8.8,CVSS:3.1/AV:N/AC:L/PR:L/UI:N/S:U/C:H/I:H/A:H,none,no,total
2025-08,CVE-2025-53696,ICSA-25-224-02,"Johnson Controls iSTAR Ultra, iSTAR Ultra SE, iSTAR Ultra G2, iSTAR Ultra G2 SE, iSTAR Edge G2 (Update A)",8.8,CVSS:3.1/AV:N/AC:L/PR:L/UI:N/S:U/C:H/I:H/A:H,none,no,total
2025-08,CVE-2025-53705,ICSA-25-224-01,"Ashlar-Vellum Cobalt, Xenon, Argon, Lithium, Cobalt Share",7.8,CVSS:3.1/AV:L/AC:L/PR:N/UI:R/S:U/C:H/I:H/A:H,none,no,total
2025-08,CVE-2025-54460,ICSA-25-224-04,AVEVA PI Integrator,7.6,CVSS:3.1/AV:N/AC:L/PR:L/UI:R/S:C/C:N/I:H/A:L,none,no,partial
2025-08,CVE-2025-54923,ICSA-25-224-03,Schneider Electric EcoStruxure Power Monitoring Expert,8.8,CVSS:3.1/AV:N/AC:L/PR:L/UI:N/S:U/C:H/I:H/A:H,none,yes,total
2025-08,CVE-2025-54924,ICSA-25-224-03,Schneider Electric EcoStruxure Power Monitoring Expert,7.5,CVSS:3.1/AV:N/AC:L/PR:N/UI:N/S:U/C:H/I:N/A:N,none,yes,partial
2025-08,CVE-2025-54925,ICSA-25-224-03,Schneider Electric EcoStruxure Power Monitoring Expert,7.5,CVSS:3.1/AV:N/AC:L/PR:N/UI:N/S:U/C:H/I:N/A:N,none,yes,partial
2025-08,CVE-2025-54926,ICSA-25-224-03,Schneider Electric EcoStruxure Power Monitoring Expert,7.2,CVSS:3.1/AV:N/AC:L/PR:H/UI:N/S:U/C:H/I:H/A:H,none,no,total
2025-08,CVE-2025-54927,ICSA-25-224-03,Schneider Electric EcoStruxure Power Monitoring Expert,4.9,CVSS:3.1/AV:N/AC:L/PR:H/UI:N/S:U/C:H/I:N/A:N,none,no,partial
2025-08,CVE-2025-5514,ICSA-25-233-01,Mitsubishi Electric Corporation MELSEC iQ-F Series CPU module (Update A),5.3,CVSS:3.1/AV:N/AC:L/PR:N/UI:N/S:U/C:N/I:N/A:L,none,yes,partial
2025-08,CVE-2025-6625,ICSA-25-238-03,Schneider Electric Modicon M340 Controller and Communication Modules (Update A),7.5,CVSS:3.1/AV:N/AC:L/PR:N/UI:N/S:U/C:N/I:N/A:H,none,yes,partial
2025-08,CVE-2025-7025,ICSA-25-219-04,Rockwell Automation Arena,7.8,CVSS:3.1/AV:L/AC:L/PR:N/UI:R/S:U/C:H/I:H/A:H,none,no,total
2025-08,CVE-2025-7032,ICSA-25-219-04,Rockwell Automation Arena,7.8,CVSS:3.1/AV:L/AC:L/PR:N/UI:R/S:U/C:H/I:H/A:H,none,no,total
2025-08,CVE-2025-7033,ICSA-25-219-04,Rockwell Automation Arena,7.8,CVSS:3.1/AV:L/AC:L/PR:N/UI:R/S:U/C:H/I:H/A:H,none,no,total
2025-08,CVE-2025-7223,ICSA-25-238-01,INVT VT-Designer and HMITool,7.8,CVSS:3.1/AV:L/AC:L/PR:N/UI:R/S:U/C:H/I:H/A:H,none,no,total
2025-08,CVE-2025-7224,ICSA-25-238-01,INVT VT-Designer and HMITool,7.8,CVSS:3.1/AV:L/AC:L/PR:N/UI:R/S:U/C:H/I:H/A:H,none,no,total
2025-08,CVE-2025-7225,ICSA-25-238-01,INVT VT-Designer and HMITool,7.8,CVSS:3.1/AV:L/AC:L/PR:N/UI:R/S:U/C:H/I:H/A:H,none,no,total
2025-08,CVE-2025-7226,ICSA-25-238-01,INVT VT-Designer and HMITool,7.8,CVSS:3.1/AV:L/AC:L/PR:N/UI:R/S:U/C:H/I:H/A:H,none,no,total
2025-08,CVE-2025-7227,ICSA-25-238-01,INVT VT-Designer and HMITool,7.8,CVSS:3.1/AV:L/AC:L/PR:N/UI:R/S:U/C:H/I:H/A:H,none,no,total
2025-08,CVE-2025-7228,ICSA-25-238-01,INVT VT-Designer and HMITool,7.8,CVSS:3.1/AV:L/AC:L/PR:N/UI:R/S:U/C:H/I:H/A:H,none,no,total
2025-08,CVE-2025-7229,ICSA-25-238-01,INVT VT-Designer and HMITool,7.8,CVSS:3.1/AV:L/AC:L/PR:N/UI:R/S:U/C:H/I:H/A:H,none,no,total
2025-08,CVE-2025-7230,ICSA-25-238-01,INVT VT-Designer and HMITool,7.8,CVSS:3.1/AV:L/AC:L/PR:N/UI:R/S:U/C:H/I:H/A:H,none,no,total
2025-08,CVE-2025-7231,ICSA-25-238-01,INVT VT-Designer and HMITool,7.8,CVSS:3.1/AV:L/AC:L/PR:N/UI:R/S:U/C:H/I:H/A:H,none,no,total
2025-08,CVE-2025-7353,ICSA-25-226-28,Rockwell Automation ControlLogix Ethernet Modules,9.8,CVSS:3.1/AV:N/AC:L/PR:N/UI:N/S:U/C:H/I:H/A:H,none,yes,total
2025-08,CVE-2025-7376,ICSA-25-217-01,Mitsubishi Electric Iconics Digital Solutions Multiple Products (Update B),5.9,CVSS:3.1/AV:L/AC:L/PR:L/UI:R/S:C/C:N/I:H/A:N,none,no,partial
2025-08,CVE-2025-7693,ICSA-25-226-25,Rockwell Automation Micro800,9.8,CVSS:3.1/AV:N/AC:L/PR:N/UI:N/S:U/C:H/I:H/A:H,none,yes,total
2025-08,CVE-2025-7768,ICSA-25-217-02,Tigo Energy Cloud Connect Advanced (Update A),9.8,CVSS:3.1/AV:N/AC:L/PR:N/UI:N/S:U/C:H/I:H/A:H,none,no,total
2025-08,CVE-2025-7769,ICSA-25-217-02,Tigo Energy Cloud Connect Advanced (Update A),8.8,CVSS:3.1/AV:N/AC:L/PR:L/UI:N/S:U/C:H/I:H/A:H,none,no,total
2025-08,CVE-2025-7770,ICSA-25-217-02,Tigo Energy Cloud Connect Advanced (Update A),8.8,CVSS:3.1/AV:N/AC:L/PR:L/UI:N/S:U/C:H/I:H/A:H,none,no,total
2025-08,CVE-2025-7773,ICSA-25-226-27,Rockwell Automation ArmorBlock 5000 I/O - Webserver,8.6,CVSS:3.1/AV:N/AC:L/PR:N/UI:N/S:U/C:L/I:L/A:H,none,yes,partial
2025-08,CVE-2025-7774,ICSA-25-226-27,Rockwell Automation ArmorBlock 5000 I/O - Webserver,8.6,CVSS:3.1/AV:N/AC:L/PR:N/UI:N/S:U/C:L/I:L/A:H,none,yes,partial
2025-08,CVE-2025-7971,ICSA-25-226-29,Rockwell Automation Studio 5000 Logix Designer,7.5,CVSS:3.1/AV:L/AC:H/PR:L/UI:R/S:C/C:H/I:H/A:H,none,no,total
2025-08,CVE-2025-7972,ICSA-25-226-24,Rockwell FactoryTalk Linx,9.0,CVSS:3.1/AV:L/AC:L/PR:N/UI:N/S:C/C:N/I:H/A:H,none,no,partial
2025-08,CVE-2025-7973,ICSA-25-226-23,Rockwell Automation FactoryTalk Viewpoint,7.8,CVSS:3.1/AV:L/AC:L/PR:L/UI:N/S:U/C:H/I:H/A:H,none,no,total
2025-08,CVE-2025-8284,ICSA-25-219-05,Packet Power EMX and EG,9.8,CVSS:3.1/AV:N/AC:L/PR:N/UI:N/S:U/C:H/I:H/A:H,none,no,partial
2025-08,CVE-2025-8393,ICSA-25-219-06,Dreame Technology iOS and Android Mobile Applications (Update A),7.3,CVSS:3.1/AV:A/AC:L/PR:N/UI:R/S:U/C:H/I:H/A:N,none,no,partial
2025-08,CVE-2025-8448,ICSA-25-254-08,Schneider Electric EcoStruxure,2.3,CVSS:3.1/AV:A/AC:H/PR:L/UI:R/S:U/C:L/I:N/A:N,none,no,partial
2025-08,CVE-2025-8449,ICSA-25-254-08,Schneider Electric EcoStruxure,4.5,CVSS:3.1/AV:A/AC:H/PR:L/UI:R/S:U/C:N/I:N/A:H,none,no,partial
2025-08,CVE-2025-8453,ICSA-25-240-03,Schneider Electric Saitel DR & Saitel DP Remote Terminal Unit,6.7,CVSS:3.1/AV:L/AC:L/PR:H/UI:N/S:U/C:H/I:H/A:H,none,no,total
2025-08,CVE-2025-8754,ICSA-26-146-03,ABB Ability Zenon Remote Transport Vulnerability (Update A),7.5,CVSS:3.1/AV:N/AC:L/PR:N/UI:N/S:U/C:N/I:N/A:H,none,yes,partial
2025-08,CVE-2025-9036,ICSA-25-226-30,Rockwell Automation FactoryTalk Action Manager,7.8,CVSS:3.1/AV:L/AC:L/PR:N/UI:R/S:U/C:H/I:H/A:H,none,no,total
2025-08,CVE-2025-9041,ICSA-25-226-26,Rockwell Automation FLEX 5000 I/O (Update A),7.5,CVSS:3.1/AV:N/AC:L/PR:N/UI:N/S:U/C:N/I:N/A:H,none,yes,partial
2025-08,CVE-2025-9042,ICSA-25-226-26,Rockwell Automation FLEX 5000 I/O (Update A),7.5,CVSS:3.1/AV:N/AC:L/PR:N/UI:N/S:U/C:N/I:N/A:H/E:U/RL:O/RC:C,none,yes,partial
2025-09,CVE-2019-9011,ICSA-25-273-04,"Festo Controller CECC-S,-LK,-D Family Firmware (Update A)",5.3,CVSS:3.1/AV:N/AC:L/PR:N/UI:N/S:U/C:L/I:N/A:N,none,yes,partial
2025-09,CVE-2020-12067,ICSA-25-273-04,"Festo Controller CECC-S,-LK,-D Family Firmware (Update A)",7.5,CVSS:3.1/AV:N/AC:L/PR:N/UI:N/S:U/C:N/I:H/A:N,none,yes,partial
2025-09,CVE-2020-12069,ICSA-25-273-04,"Festo Controller CECC-S,-LK,-D Family Firmware (Update A)",7.8,CVSS:3.1/AV:L/AC:L/PR:L/UI:N/S:U/C:H/I:H/A:H,none,no,total
2025-09,CVE-2021-29241,ICSA-25-273-04,"Festo Controller CECC-S,-LK,-D Family Firmware (Update A)",7.5,CVSS:3.1/AV:N/AC:L/PR:N/UI:N/S:U/C:N/I:N/A:H,none,yes,partial
2025-09,CVE-2021-33485,ICSA-25-273-04,"Festo Controller CECC-S,-LK,-D Family Firmware (Update A)",9.8,CVSS:3.1/AV:N/AC:L/PR:N/UI:N/S:U/C:H/I:H/A:H,none,yes,total
2025-09,CVE-2023-2953,ICSA-25-259-02,Hitachi Energy RTU500 series,7.5,CVSS:3.1/AV:N/AC:L/PR:N/UI:N/S:U/C:N/I:N/A:H,none,yes,partial
2025-09,CVE-2023-53155,ICSA-25-275-02,Hitachi Energy MSM,7.2,CVSS:3.1/AV:N/AC:L/PR:N/UI:N/S:C/C:L/I:L/A:N,none,yes,partial
2025-09,CVE-2024-28757,ICSA-25-259-02,Hitachi Energy RTU500 series,6.5,CVSS:3.1/AV:N/AC:L/PR:L/UI:N/S:U/C:N/I:N/A:H,none,no,partial
2025-09,CVE-2024-45490,ICSA-25-259-02,Hitachi Energy RTU500 series,6.5,CVSS:3.1/AV:N/AC:L/PR:L/UI:N/S:U/C:N/I:N/A:H,none,yes,total
2025-09,CVE-2024-45491,ICSA-25-259-02,Hitachi Energy RTU500 series,6.5,CVSS:3.1/AV:N/AC:L/PR:L/UI:N/S:U/C:N/I:N/A:H,none,yes,partial
2025-09,CVE-2024-45492,ICSA-25-259-02,Hitachi Energy RTU500 series,6.5,CVSS:3.1/AV:N/AC:L/PR:L/UI:N/S:U/C:N/I:N/A:H,none,yes,partial
2025-09,CVE-2024-53429,ICSA-25-275-02,Hitachi Energy MSM,7.5,CVSS:3.1/AV:N/AC:L/PR:N/UI:N/S:U/C:N/I:N/A:H,poc,yes,partial
2025-09,CVE-2025-10127,ICSA-25-254-10,Daikin Europe N.V Security Gateway,9.8,CVSS:3.1/AV:N/AC:L/PR:N/UI:N/S:U/C:H/I:H/A:H,none,yes,total
2025-09,CVE-2025-10504,ICSA-26-141-05,ABB Terra AC Wallbox,6.1,CVSS:3.1/AV:A/AC:L/PR:H/UI:N/S:U/C:N/I:H/A:H/E:P/RL:O/RC:C,none,no,total
2025-09,CVE-2025-10879,ICSA-25-268-01,Dingtian DT-R002,7.5,CVSS:3.1/AV:N/AC:L/PR:N/UI:N/S:U/C:H/I:N/A:N,none,yes,partial
2025-09,CVE-2025-10880,ICSA-25-268-01,Dingtian DT-R002,7.5,CVSS:3.1/AV:N/AC:L/PR:N/UI:N/S:U/C:H/I:N/A:N,none,yes,partial
2025-09,CVE-2025-30519,ICSA-25-261-07,Dover Fueling Solutions ProGauge MagLink LX4 Devices,9.8,CVSS:3.1/AV:N/AC:L/PR:N/UI:N/S:U/C:H/I:H/A:H,none,yes,total
2025-09,CVE-2025-39201,ICSA-25-289-11,Hitachi Energy MACH GWS,6.1,CVSS:3.1/AV:L/AC:L/PR:L/UI:N/S:U/C:N/I:L/A:H,none,no,partial
2025-09,CVE-2025-39203,ICSA-25-289-11,Hitachi Energy MACH GWS,6.5,CVSS:3.1/AV:N/AC:L/PR:L/UI:N/S:U/C:N/I:N/A:H,none,no,partial
2025-09,CVE-2025-39205,ICSA-25-289-11,Hitachi Energy MACH GWS,6.5,CVSS:3.1/AV:N/AC:L/PR:L/UI:N/S:U/C:H/I:N/A:N,none,no,partial
2025-09,CVE-2025-40594,ICSA-25-254-03,Siemens SINAMICS Drives,6.3,CVSS:3.1/AV:L/AC:H/PR:N/UI:R/S:C/C:N/I:H/A:L,none,no,partial
2025-09,CVE-2025-40757,ICSA-25-254-05,Siemens Apogee PXC and Talon TC Devices,5.3,CVSS:3.1/AV:N/AC:L/PR:N/UI:N/S:U/C:L/I:N/A:N,none,no,partial
2025-09,CVE-2025-40795,ICSA-25-254-07,Siemens User Management Component (UMC),9.8,CVSS:3.1/AV:N/AC:L/PR:N/UI:N/S:U/C:H/I:H/A:H,none,no,partial
2025-09,CVE-2025-40796,ICSA-25-254-07,Siemens User Management Component (UMC),7.5,CVSS:3.1/AV:N/AC:L/PR:N/UI:N/S:U/C:N/I:N/A:H,none,no,partial
2025-09,CVE-2025-40797,ICSA-25-254-07,Siemens User Management Component (UMC),7.5,CVSS:3.1/AV:N/AC:L/PR:N/UI:N/S:U/C:N/I:N/A:H,none,no,partial
2025-09,CVE-2025-40798,ICSA-25-254-07,Siemens User Management Component (UMC),7.5,CVSS:3.1/AV:N/AC:L/PR:N/UI:N/S:U/C:N/I:N/A:H,none,no,partial
2025-09,CVE-2025-40802,ICSA-25-254-04,Siemens SINEC OS,3.1,CVSS:3.1/AV:A/AC:H/PR:N/UI:N/S:U/C:N/I:N/A:L,none,no,partial
2025-09,CVE-2025-40803,ICSA-25-254-04,Siemens SINEC OS,3.1,CVSS:3.1/AV:A/AC:H/PR:N/UI:N/S:U/C:L/I:N/A:N,none,no,partial
2025-09,CVE-2025-40804,ICSA-25-254-02,Siemens SIMATIC Virtualization as a Service (SIVaaS),9.1,CVSS:3.1/AV:N/AC:L/PR:N/UI:N/S:U/C:H/I:H/A:N,none,no,partial
2025-09,CVE-2025-43715,ICSA-25-254-01,Siemens SIMOTION Tools,8.1,CVSS:3.1/AV:L/AC:H/PR:N/UI:N/S:C/C:H/I:H/A:H,none,no,total
2025-09,CVE-2025-46419,ICSA-25-261-02,Westermo Network Technologies WeOS 5,5.9,CVSS:3.1/AV:N/AC:H/PR:N/UI:N/S:U/C:N/I:N/A:H,none,no,partial
2025-09,CVE-2025-47698,ICSA-25-261-06,Cognex In-Sight Explorer and In-Sight Camera Firmware,8.0,CVSS:3.1/AV:A/AC:L/PR:N/UI:R/S:U/C:H/I:H/A:H,none,no,total
2025-09,CVE-2025-48976,ICSA-25-254-06,Siemens Industrial Edge Management,7.5,CVSS:3.1/AV:N/AC:L/PR:N/UI:N/S:U/C:N/I:N/A:H,none,yes,partial
2025-09,CVE-2025-52873,ICSA-25-261-06,Cognex In-Sight Explorer and In-Sight Camera Firmware,8.1,CVSS:3.1/AV:N/AC:L/PR:L/UI:N/S:U/C:N/I:H/A:H,none,no,total
2025-09,CVE-2025-53187,ICSA-25-252-02,ABB Cylon Aspect BMS/BAS,9.8,CVSS:3.1/AV:N/AC:L/PR:N/UI:N/S:U/C:H/I:H/A:H,none,no,total
2025-09,CVE-2025-53947,ICSA-25-261-06,Cognex In-Sight Explorer and In-Sight Camera Firmware,7.7,CVSS:3.1/AV:L/AC:L/PR:N/UI:N/S:U/C:N/I:H/A:H,none,no,total
2025-09,CVE-2025-53969,ICSA-25-261-06,Cognex In-Sight Explorer and In-Sight Camera Firmware,8.8,CVSS:3.1/AV:N/AC:L/PR:L/UI:N/S:U/C:H/I:H/A:H,none,no,total
2025-09,CVE-2025-54497,ICSA-25-261-06,Cognex In-Sight Explorer and In-Sight Camera Firmware,8.1,CVSS:3.1/AV:N/AC:L/PR:L/UI:N/S:U/C:N/I:H/A:H,none,no,total
2025-09,CVE-2025-54754,ICSA-25-261-06,Cognex In-Sight Explorer and In-Sight Camera Firmware,8.0,CVSS:3.1/AV:A/AC:L/PR:N/UI:R/S:U/C:H/I:H/A:H,none,no,total
2025-09,CVE-2025-54807,ICSA-25-261-07,Dover Fueling Solutions ProGauge MagLink LX4 Devices,9.8,CVSS:3.1/AV:N/AC:L/PR:N/UI:N/S:U/C:H/I:H/A:H,none,yes,total
2025-09,CVE-2025-54810,ICSA-25-261-06,Cognex In-Sight Explorer and In-Sight Camera Firmware,8.0,CVSS:3.1/AV:A/AC:L/PR:N/UI:R/S:U/C:H/I:H/A:H,none,no,total
2025-09,CVE-2025-54818,ICSA-25-261-06,Cognex In-Sight Explorer and In-Sight Camera Firmware,8.0,CVSS:3.1/AV:A/AC:L/PR:N/UI:R/S:U/C:H/I:H/A:H,none,no,total
2025-09,CVE-2025-54855,ICSA-25-266-01,AutomationDirect CLICK PLUS,4.2,CVSS:3.1/AV:L/AC:L/PR:H/UI:R/S:U/C:H/I:N/A:N,none,no,partial
2025-09,CVE-2025-54860,ICSA-25-261-06,Cognex In-Sight Explorer and In-Sight Camera Firmware,7.7,CVSS:3.1/AV:L/AC:L/PR:N/UI:N/S:U/C:N/I:H/A:H,none,no,total
2025-09,CVE-2025-55038,ICSA-25-266-01,AutomationDirect CLICK PLUS,6.8,CVSS:3.1/AV:N/AC:H/PR:L/UI:N/S:U/C:H/I:H/A:N,none,no,total
2025-09,CVE-2025-55068,ICSA-25-261-07,Dover Fueling Solutions ProGauge MagLink LX4 Devices,8.2,CVSS:3.1/AV:N/AC:L/PR:N/UI:N/S:U/C:N/I:L/A:H,none,yes,partial
2025-09,CVE-2025-55069,ICSA-25-266-01,AutomationDirect CLICK PLUS,8.3,CVSS:3.1/AV:N/AC:L/PR:N/UI:R/S:U/C:H/I:H/A:L,none,no,total
2025-09,CVE-2025-57704,ICSA-25-245-01,Delta Electronics EIP Builder,5.5,CVSS:3.1/AV:L/AC:L/PR:N/UI:R/S:U/C:H/I:N/A:N,none,no,partial
2025-09,CVE-2025-57882,ICSA-25-266-01,AutomationDirect CLICK PLUS,5.9,CVSS:3.1/AV:N/AC:H/PR:N/UI:N/S:U/C:N/I:N/A:H,none,no,partial
2025-09,CVE-2025-58069,ICSA-25-266-01,AutomationDirect CLICK PLUS,5.3,CVSS:3.1/AV:N/AC:L/PR:N/UI:N/S:U/C:L/I:N/A:N,none,yes,partial
2025-09,CVE-2025-58320,ICSA-25-259-07,Delta Electronics DIALink,7.3,CVSS:3.1/AV:N/AC:L/PR:N/UI:N/S:U/C:L/I:L/A:L,none,yes,partial
2025-09,CVE-2025-58321,ICSA-25-259-07,Delta Electronics DIALink,10.0,CVSS:3.1/AV:N/AC:L/PR:N/UI:N/S:C/C:H/I:H/A:H,none,yes,total
2025-09,CVE-2025-58473,ICSA-25-266-01,AutomationDirect CLICK PLUS,5.9,CVSS:3.1/AV:N/AC:H/PR:N/UI:N/S:U/C:N/I:N/A:H,none,no,partial
2025-09,CVE-2025-59484,ICSA-25-266-01,AutomationDirect CLICK PLUS,8.3,CVSS:3.1/AV:N/AC:L/PR:N/UI:R/S:U/C:H/I:H/A:L,none,no,total
2025-09,CVE-2025-6021,ICSA-25-259-02,Hitachi Energy RTU500 series,6.5,CVSS:3.1/AV:N/AC:L/PR:L/UI:N/S:U/C:N/I:N/A:H,poc,yes,partial
2025-09,CVE-2025-7350,ICSA-25-252-03,Rockwell Automation Stratix IOS,9.6,CVSS:3.1/AV:N/AC:L/PR:N/UI:R/S:C/C:H/I:H/A:H,none,yes,total
2025-09,CVE-2025-7677,ICSA-25-252-02,ABB Cylon Aspect BMS/BAS,5.9,CVSS:3.1/AV:N/AC:H/PR:N/UI:N/S:U/C:N/I:N/A:H,none,no,partial
2025-09,CVE-2025-7679,ICSA-25-252-02,ABB Cylon Aspect BMS/BAS,8.1,CVSS:3.1/AV:N/AC:H/PR:N/UI:N/S:U/C:H/I:H/A:H,none,no,total
2025-09,CVE-2025-7746,ICSA-25-259-01,"Schneider Electric Altivar Products, ATVdPAC Module, ILC992 InterLink Converter (Update B)",6.1,CVSS:3.1/AV:N/AC:L/PR:N/UI:R/S:C/C:L/I:L/A:N,none,no,partial
2025-09,CVE-2025-7970,ICSA-25-252-05,Rockwell Automation FactoryTalk Activation Manager,7.5,CVSS:3.1/AV:N/AC:L/PR:N/UI:N/S:U/C:H/I:N/A:N,none,yes,partial
2025-09,CVE-2025-8531,ICSA-25-266-02,Mitsubishi Electric MELSEC-Q Series CPU Module,6.8,CVSS:3.1/AV:N/AC:H/PR:N/UI:N/S:C/C:N/I:N/A:H,none,no,partial
2025-09,CVE-2025-9065,ICSA-25-252-01,Rockwell Automation ThinManager,7.2,CVSS:3.1/AV:N/AC:L/PR:H/UI:N/S:U/C:H/I:H/A:H,none,yes,total
2025-09,CVE-2025-9160,ICSA-25-252-06,Rockwell Automation CompactLogix® 5480,6.8,CVSS:3.1/AV:P/AC:L/PR:N/UI:N/S:U/C:H/I:H/A:H,none,no,total
2025-09,CVE-2025-9161,ICSA-25-252-04,Rockwell Automation FactoryTalk Optix,7.1,CVSS:3.1/AV:N/AC:H/PR:L/UI:R/S:U/C:H/I:H/A:H,none,no,total
2025-09,CVE-2025-9166,ICSA-25-252-07,Rockwell Automation ControlLogix 5580,7.5,CVSS:3.1/AV:N/AC:L/PR:N/UI:N/S:U/C:N/I:N/A:H,none,yes,partial
2025-09,CVE-2025-9364,ICSA-25-252-08,Rockwell Automation Analytics LogixAI,8.8,CVSS:3.1/AV:A/AC:L/PR:N/UI:N/S:U/C:H/I:H/A:H,none,no,total
2025-09,CVE-2025-9365,ICSA-25-245-02,Fuji Electric FRENIC-Loader 4,7.8,CVSS:3.1/AV:L/AC:L/PR:N/UI:R/S:U/C:H/I:H/A:H,none,no,total
2025-09,CVE-2025-9494,ICSA-25-266-04,Viessmann Vitogate 300,6.8,CVSS:3.1/AV:A/AC:L/PR:H/UI:N/S:U/C:H/I:H/A:H,none,no,total
2025-09,CVE-2025-9495,ICSA-25-266-04,Viessmann Vitogate 300,8.8,CVSS:3.1/AV:A/AC:L/PR:N/UI:N/S:U/C:H/I:H/A:H,none,no,total
2025-09,CVE-2025-9696,ICSA-25-245-03,SunPower PVS6,9.6,CVSS:3.1/AV:A/AC:L/PR:N/UI:N/S:C/C:H/I:H/A:H,none,no,total
2025-09,CVE-2025-9996,ICSA-25-261-03,Schneider Electric Saitel DR & Saitel DP Remote Terminal Unit,6.6,CVSS:3.1/AV:L/AC:L/PR:L/UI:N/S:U/C:H/I:L/A:L,none,yes,total
2025-09,CVE-2025-9997,ICSA-25-261-03,Schneider Electric Saitel DR & Saitel DP Remote Terminal Unit,6.6,CVSS:3.1/AV:L/AC:L/PR:L/UI:N/S:U/C:H/I:L/A:L,none,no,partial
2025-10,CVE-2021-22291,ICSA-26-148-03,ABB EIBPORT,8,CVSS:3.1/AV:N/AC:L/PR:L/UI:R/S:U/C:H/I:H/A:H,none,no,total
2025-10,CVE-2023-35002,ICSA-25-289-06,Siemens SiPass Integrated,8.8,CVSS:3.1/AV:A/AC:L/PR:N/UI:N/S:U/C:H/I:H/A:H,poc,yes,total
2025-10,CVE-2025-1036,ICSA-25-303-02,Hitachi Energy TropOS,8.8,CVSS:3.1/AV:N/AC:L/PR:L/UI:N/S:U/C:H/I:H/A:H,none,no,total
2025-10,CVE-2025-1037,ICSA-25-303-02,Hitachi Energy TropOS,8.0,CVSS:3.1/AV:A/AC:L/PR:L/UI:N/S:U/C:H/I:H/A:H,none,no,total
2025-10,CVE-2025-1038,ICSA-25-303-02,Hitachi Energy TropOS,7.2,CVSS:3.1/AV:N/AC:L/PR:H/UI:N/S:U/C:H/I:H/A:H,none,no,total
2025-10,CVE-2025-10653,ICSA-25-275-01,Raise3D Pro2 Series 3D Printers**,8.6,CVSS:3.1/AV:N/AC:L/PR:N/UI:N/S:U/C:H/I:L/A:L,none,yes,partial
2025-10,CVE-2025-11498,ICSA-26-141-04,ABB B&R Automation Runtime,6.1,CVSS:3.1/AV:N/AC:L/PR:N/UI:R/S:C/C:L/I:L/A:N/RL:O/RC:C,none,no,partial
2025-10,CVE-2025-11534,ICSA-25-294-06,Raisecomm RAX701-GC Series,9.8,CVSS:3.1/AV:N/AC:L/PR:N/UI:N/S:U/C:H/I:H/A:H,none,yes,total
2025-10,CVE-2025-11757,ICSA-25-294-05,CloudEdge Online Cameras and App,7.5,CVSS:3.1/AV:N/AC:L/PR:N/UI:N/S:U/C:H/I:N/A:N,none,yes,partial
2025-10,CVE-2025-20352,ICSA-25-282-02,Rockwell Automation Lifecycle Services with Cisco,7.7,CVSS:3.1/AV:N/AC:L/PR:L/UI:N/S:C/C:N/I:N/A:H,active,no,total
2025-10,CVE-2025-3448,ICSA-26-141-04,ABB B&R Automation Runtime,6.1,CVSS:3.1/AV:N/AC:L/PR:N/UI:R/S:C/C:L/I:L/A:N/E:F/RC:C,none,no,partial
2025-10,CVE-2025-3449,ICSA-26-141-04,ABB B&R Automation Runtime,4.2,CVSS:3.1/AV:N/AC:H/PR:N/UI:R/S:U/C:L/I:L/A:N/E:F/RL:O/RC:C,none,no,partial
2025-10,CVE-2025-3450,ICSA-26-146-04,ABB B&R Automation Runtime DoS Vulnerability in System Diagnostics Manager (SDM),10,CVSS:3.1/AV:N/AC:L/PR:N/UI:N/S:C/C:N/I:H/A:H/E:U/RL:O/RC:C,none,yes,partial
2025-10,CVE-2025-40755,ICSA-25-289-08,Siemens SINEC NMS,8.8,CVSS:3.1/AV:N/AC:L/PR:L/UI:N/S:U/C:H/I:H/A:H,none,no,total
2025-10,CVE-2025-40765,ICSA-25-289-09,Siemens TeleControl Server Basic,9.8,CVSS:3.1/AV:N/AC:L/PR:N/UI:N/S:U/C:H/I:H/A:H,none,no,partial
2025-10,CVE-2025-40771,ICSA-25-289-07,Siemens SIMATIC ET 200SP Communication Processors,9.8,CVSS:3.1/AV:N/AC:L/PR:N/UI:N/S:U/C:H/I:H/A:H,none,no,partial
2025-10,CVE-2025-40772,ICSA-25-289-06,Siemens SiPass Integrated,7.4,CVSS:3.1/AV:A/AC:L/PR:L/UI:R/S:U/C:H/I:H/A:H,none,no,partial
2025-10,CVE-2025-40773,ICSA-25-289-06,Siemens SiPass Integrated,3.5,CVSS:3.1/AV:A/AC:L/PR:L/UI:N/S:U/C:N/I:L/A:N,none,no,partial
2025-10,CVE-2025-40774,ICSA-25-289-06,Siemens SiPass Integrated,4.4,CVSS:3.1/AV:L/AC:L/PR:H/UI:N/S:U/C:H/I:N/A:N,none,no,partial
2025-10,CVE-2025-40809,ICSA-25-289-05,Siemens Solid Edge,7.8,CVSS:3.1/AV:L/AC:L/PR:N/UI:R/S:U/C:H/I:H/A:H,none,no,total
2025-10,CVE-2025-40810,ICSA-25-289-05,Siemens Solid Edge,7.8,CVSS:3.1/AV:L/AC:L/PR:N/UI:R/S:U/C:H/I:H/A:H,none,no,total
2025-10,CVE-2025-40811,ICSA-25-289-05,Siemens Solid Edge,7.8,CVSS:3.1/AV:L/AC:L/PR:N/UI:R/S:U/C:H/I:H/A:H,none,no,total
2025-10,CVE-2025-40812,ICSA-25-289-05,Siemens Solid Edge,7.8,CVSS:3.1/AV:L/AC:L/PR:N/UI:R/S:U/C:H/I:H/A:H,none,no,total
2025-10,CVE-2025-55067,ICSA-25-296-03,Veeder-Root TLS4B Automatic Tank Gauge System,7.1,CVSS:3.1/AV:N/AC:L/PR:L/UI:N/S:U/C:N/I:L/A:H,none,no,partial
2025-10,CVE-2025-5517,ICSA-26-146-01,ABB Terra AC,6.8,CVSS:3.1/AV:N/AC:H/PR:L/UI:N/S:U/C:N/I:H/A:H/E:P/RL:O/RC:C,none,no,partial
2025-10,CVE-2025-58078,ICSA-25-296-01,AutomationDirect Productivity Suite,7.5,CVSS:3.1/AV:N/AC:H/PR:N/UI:N/S:C/C:N/I:L/A:H,none,no,partial
2025-10,CVE-2025-58429,ICSA-25-296-01,AutomationDirect Productivity Suite,7.5,CVSS:3.1/AV:N/AC:H/PR:N/UI:N/S:C/C:N/I:L/A:H,none,no,partial
2025-10,CVE-2025-58456,ICSA-25-296-01,AutomationDirect Productivity Suite,6.8,CVSS:3.1/AV:N/AC:H/PR:N/UI:N/S:C/C:H/I:N/A:N,none,no,partial
2025-10,CVE-2025-59297,ICSA-25-280-01,Delta Electronics DIAScreen,6.6,CVSS:3.1/AV:L/AC:L/PR:N/UI:R/S:U/C:L/I:L/A:H,none,no,total
2025-10,CVE-2025-59298,ICSA-25-280-01,Delta Electronics DIAScreen,6.6,CVSS:3.1/AV:L/AC:L/PR:N/UI:R/S:U/C:L/I:L/A:H,none,no,total
2025-10,CVE-2025-59299,ICSA-25-280-01,Delta Electronics DIAScreen,6.6,CVSS:3.1/AV:L/AC:L/PR:N/UI:R/S:U/C:L/I:L/A:H,none,no,total
2025-10,CVE-2025-59300,ICSA-25-280-01,Delta Electronics DIAScreen,6.6,CVSS:3.1/AV:L/AC:L/PR:N/UI:R/S:U/C:L/I:L/A:H,none,no,total
2025-10,CVE-2025-59776,ICSA-25-296-01,AutomationDirect Productivity Suite,4.0,CVSS:3.1/AV:N/AC:H/PR:N/UI:N/S:C/C:N/I:L/A:N,none,no,partial
2025-10,CVE-2025-60023,ICSA-25-296-01,AutomationDirect Productivity Suite,4.0,CVSS:3.1/AV:N/AC:H/PR:N/UI:N/S:C/C:N/I:L/A:N,none,yes,partial
2025-10,CVE-2025-61934,ICSA-25-296-01,AutomationDirect Productivity Suite,10.0,CVSS:3.1/AV:N/AC:L/PR:N/UI:N/S:C/C:H/I:H/A:H,none,yes,total
2025-10,CVE-2025-61977,ICSA-25-296-01,AutomationDirect Productivity Suite,7.0,CVSS:3.1/AV:L/AC:H/PR:L/UI:N/S:U/C:H/I:H/A:H,none,no,total
2025-10,CVE-2025-62498,ICSA-25-296-01,AutomationDirect Productivity Suite,8.8,CVSS:3.1/AV:N/AC:L/PR:N/UI:R/S:U/C:H/I:H/A:H,none,no,total
2025-10,CVE-2025-62579,ICSA-25-296-04,Delta Electronics ASDA-Soft,7.8,CVSS:3.1/AV:L/AC:L/PR:N/UI:R/S:U/C:H/I:H/A:H,none,no,total
2025-10,CVE-2025-62580,ICSA-25-296-04,Delta Electronics ASDA-Soft,7.8,CVSS:3.1/AV:L/AC:L/PR:N/UI:R/S:U/C:H/I:H/A:H,none,no,total
2025-10,CVE-2025-62688,ICSA-25-296-01,AutomationDirect Productivity Suite,7.1,CVSS:3.1/AV:L/AC:L/PR:L/UI:N/S:U/C:N/I:H/A:H,none,no,total
2025-10,CVE-2025-6554,ICSA-25-289-10,Siemens HyperLynx and Industrial Edge App Publisher,8.1,CVSS:3.1/AV:N/AC:L/PR:N/UI:R/S:U/C:H/I:H/A:N,active,no,total
2025-10,CVE-2025-7328,ICSA-25-294-01,Rockwell Automation 1783-NATR,10.0,CVSS:3.1/AV:N/AC:L/PR:N/UI:N/S:C/C:H/I:H/A:H,none,yes,total
2025-10,CVE-2025-7329,ICSA-25-294-01,Rockwell Automation 1783-NATR,8.4,CVSS:3.1/AV:N/AC:L/PR:H/UI:R/S:C/C:H/I:H/A:H,none,no,total
2025-10,CVE-2025-7330,ICSA-25-294-01,Rockwell Automation 1783-NATR,8.0,CVSS:3.1/AV:N/AC:H/PR:N/UI:R/S:C/C:N/I:H/A:H,none,yes,partial
2025-10,CVE-2025-9063,ICSA-25-289-01,Rockwell Automation FactoryTalk View Machine Edition and PanelView Plus 7,7.3,CVSS:3.1/AV:L/AC:L/PR:L/UI:N/S:U/C:H/I:L/A:H,none,no,partial
2025-10,CVE-2025-9064,ICSA-25-289-01,Rockwell Automation FactoryTalk View Machine Edition and PanelView Plus 7,7.5,CVSS:3.1/AV:N/AC:L/PR:N/UI:N/S:U/C:N/I:N/A:H,none,no,partial
2025-10,CVE-2025-9066,ICSA-25-289-03,Rockwell Automation FactoryTalk ViewPoint,7.5,CVSS:3.1/AV:N/AC:L/PR:N/UI:N/S:U/C:N/I:N/A:H,none,no,partial
2025-10,CVE-2025-9067,ICSA-25-289-02,Rockwell Automation FactoryTalk Linx,7.8,CVSS:3.1/AV:L/AC:L/PR:L/UI:N/S:U/C:H/I:H/A:H,none,no,partial
2025-10,CVE-2025-9177,ICSA-25-287-01,Rockwell Automation 1715 EtherNet/IP Comms Module,7.5,CVSS:3.1/AV:N/AC:L/PR:N/UI:N/S:U/C:N/I:N/A:H,none,yes,partial
2025-10,CVE-2025-9178,ICSA-25-287-01,Rockwell Automation 1715 EtherNet/IP Comms Module,7.5,CVSS:3.1/AV:N/AC:L/PR:N/UI:N/S:U/C:N/I:N/A:H,none,yes,partial
2025-10,CVE-2025-9437,ICSA-25-289-04,Rockwell Automation ArmorStart AOP,7.5,CVSS:3.1/AV:N/AC:L/PR:N/UI:N/S:U/C:N/I:N/A:H,none,no,partial
2025-10,CVE-2025-9574,ICSA-25-296-02,ASKI Energy ALS-Mini-S8 and ALS-Mini-S4,10.0,CVSS:3.1/AV:N/AC:L/PR:N/UI:N/S:C/C:H/I:H/A:N,none,yes,partial
2025-10,CVE-2025-9970,ICSA-26-146-06,ABB LVS MConfig,7.4,CVSS:3.1/AV:L/AC:H/PR:L/UI:R/S:C/C:L/I:H/A:H/E:P/RL:O/RC:C/CR:L/IR:L/AR:L,none,no,partial
2025-11,CVE-2022-41325,ICSA-26-146-05,ABB Ability Camera Connect,7.8,CVSS:3.1/AV:L/AC:L/PR:N/UI:R/S:U/C:H/I:H/A:H,poc,no,total
2025-11,CVE-2023-30901,ICSA-25-317-11,Siemens SICAM P850 family and SICAM P855 family,4.3,CVSS:3.1/AV:N/AC:L/PR:N/UI:R/S:U/C:N/I:L/A:N,none,no,partial
2025-11,CVE-2023-31238,ICSA-25-317-11,Siemens SICAM P850 family and SICAM P855 family,5.5,CVSS:3.1/AV:N/AC:H/PR:L/UI:R/S:C/C:L/I:L/A:L,none,no,partial
2025-11,CVE-2023-45133,ICSA-25-317-15,Siemens COMOS,9.3,CVSS:3.1/AV:L/AC:L/PR:N/UI:N/S:C/C:H/I:H/A:H,none,no,total
2025-11,CVE-2023-46814,ICSA-26-146-05,ABB Ability Camera Connect,7.8,CVSS:3.1/AV:L/AC:L/PR:L/UI:N/S:U/C:H/I:H/A:H,none,no,total
2025-11,CVE-2023-47359,ICSA-26-146-05,ABB Ability Camera Connect,9.8,CVSS:3.1/AV:N/AC:L/PR:N/UI:N/S:U/C:H/I:H/A:H,poc,no,partial
2025-11,CVE-2023-47360,ICSA-26-146-05,ABB Ability Camera Connect,7.5,CVSS:3.1/AV:N/AC:L/PR:N/UI:N/S:U/C:N/I:N/A:H,poc,yes,partial
2025-11,CVE-2024-0056,ICSA-25-317-15,Siemens COMOS,8.7,CVSS:3.1/AV:N/AC:H/PR:N/UI:N/S:C/C:H/I:H/A:N,none,no,total
2025-11,CVE-2024-22019,ICSA-25-317-09,Rockwell Automation FactoryTalk Policy Manager,7.5,CVSS:3.1/AV:N/AC:L/PR:N/UI:N/S:U/C:N/I:N/A:H,none,yes,partial
2025-11,CVE-2024-32008,ICSA-25-317-12,Siemens Spectrum Power 4,7.8,CVSS:3.1/AV:L/AC:L/PR:L/UI:N/S:U/C:H/I:H/A:H,none,no,total
2025-11,CVE-2024-32009,ICSA-25-317-12,Siemens Spectrum Power 4,7.8,CVSS:3.1/AV:L/AC:L/PR:L/UI:N/S:U/C:H/I:H/A:H,none,no,total
2025-11,CVE-2024-32010,ICSA-25-317-12,Siemens Spectrum Power 4,7.8,CVSS:3.1/AV:L/AC:L/PR:L/UI:N/S:U/C:H/I:H/A:H,none,no,total
2025-11,CVE-2024-32011,ICSA-25-317-12,Siemens Spectrum Power 4,8.8,CVSS:3.1/AV:N/AC:L/PR:L/UI:N/S:U/C:H/I:H/A:H,none,no,total
2025-11,CVE-2024-32014,ICSA-25-317-12,Siemens Spectrum Power 4,4.7,CVSS:3.1/AV:L/AC:H/PR:N/UI:R/S:U/C:H/I:N/A:N,none,no,partial
2025-11,CVE-2024-3871,ICSA-25-324-06,Emerson Appleton UPSMON-PRO,9.8,CVSS:3.1/AV:N/AC:L/PR:N/UI:N/S:U/C:H/I:H/A:H,none,yes,total
2025-11,CVE-2024-46461,ICSA-26-146-05,ABB Ability Camera Connect,8,CVSS:3.1/AV:N/AC:L/PR:L/UI:R/S:U/C:H/I:H/A:H/E:F/RL:T/RC:C,none,no,total
2025-11,CVE-2024-48510,ICSA-25-317-10,*Rockwell Automation AADvance-Trusted SIS Workstation *,8.8,CVSS:3.1/AV:N/AC:L/PR:N/UI:R/S:U/C:H/I:H/A:H,none,yes,total
2025-11,CVE-2024-48842,ICSA-25-310-03,ABB FLXeon Controllers,7.0,CVSS:3.1/AV:P/AC:H/PR:L/UI:N/S:C/C:H/I:H/A:H,none,no,total
2025-11,CVE-2024-48851,ICSA-25-310-03,ABB FLXeon Controllers,7.2,CVSS:3.1/AV:N/AC:L/PR:H/UI:N/S:U/C:H/I:H/A:H,none,no,total
2025-11,CVE-2024-8527,ICSA-25-324-01,Automated Logic WebCTRL Premium Server,9.3,CVSS:3.1/AV:L/AC:L/PR:N/UI:N/S:C/C:H/I:H/A:H,none,no,total
2025-11,CVE-2024-8528,ICSA-25-324-01,Automated Logic WebCTRL Premium Server,7.5,CVSS:3.1/AV:L/AC:H/PR:L/UI:R/S:C/C:H/I:H/A:H,none,no,total
2025-11,CVE-2025-10205,ICSA-25-310-03,ABB FLXeon Controllers,8.8,CVSS:3.1/AV:A/AC:L/PR:N/UI:N/S:U/C:H/I:H/A:H,none,no,total
2025-11,CVE-2025-10207,ICSA-25-310-03,ABB FLXeon Controllers,7.2,CVSS:3.1/AV:N/AC:L/PR:H/UI:N/S:U/C:H/I:H/A:H,none,no,total
2025-11,CVE-2025-10259,ICSA-25-317-01,Mitsubishi Electric MELSEC iQ-F Series,5.3,CVSS:3.1/AV:N/AC:L/PR:N/UI:N/S:U/C:N/I:N/A:L,none,yes,partial
2025-11,CVE-2025-10571,ICSA-26-120-03,ABB Edgenius Management Portal,9.6,CVSS:3.1/AV:A/AC:L/PR:N/UI:N/S:C/C:H/I:H/A:H/E:F/RL:T/RC:C,none,no,total
2025-11,CVE-2025-11084,ICSA-25-317-07,Rockwell Automation FactoryTalk DataMosaix Private Cloud,6.8,CVSS:3.1/AV:A/AC:H/PR:N/UI:N/S:U/C:H/I:H/A:N,none,no,total
2025-11,CVE-2025-11085,ICSA-25-317-07,Rockwell Automation FactoryTalk DataMosaix Private Cloud,8.0,CVSS:3.1/AV:N/AC:L/PR:L/UI:R/S:U/C:H/I:H/A:H,none,no,total
2025-11,CVE-2025-11243,ICSA-25-322-02,Shelly Pro 4PM,7.4,CVSS:3.1/AV:A/AC:L/PR:N/UI:N/S:C/C:N/I:N/A:H,none,no,partial
2025-11,CVE-2025-11565,ICSA-25-322-04,Schneider Electric PowerChute Serial Shutdown,7,CVSS:3.1/AV:L/AC:H/PR:L/UI:N/S:U/C:H/I:H/A:H,none,no,total
2025-11,CVE-2025-11566,ICSA-25-322-04,Schneider Electric PowerChute Serial Shutdown,7.3,CVSS:3.1/AV:N/AC:L/PR:N/UI:N/S:U/C:L/I:L/A:L,none,yes,partial
2025-11,CVE-2025-11567,ICSA-25-322-04,Schneider Electric PowerChute Serial Shutdown,7.8,CVSS:3.1/AV:L/AC:L/PR:L/UI:N/S:U/C:H/I:H/A:H,none,no,total
2025-11,CVE-2025-11696,ICSA-25-317-06,Rockwell Automation Studio 5000 Simulation Interface,8.8,CVSS:3.1/AV:L/AC:L/PR:L/UI:N/S:C/C:H/I:H/A:H,none,no,total
2025-11,CVE-2025-11697,ICSA-25-317-06,Rockwell Automation Studio 5000 Simulation Interface,8.8,CVSS:3.1/AV:L/AC:L/PR:L/UI:N/S:C/C:H/I:H/A:H,none,no,total
2025-11,CVE-2025-11862,ICSA-25-317-05,Rockwell Automation Verve Asset Manager,9.9,CVSS:3.1/AV:N/AC:L/PR:L/UI:N/S:C/C:L/I:H/A:H,none,no,partial
2025-11,CVE-2025-11918,ICSA-25-329-02,Rockwell Automation Arena Simulation,7.0,CVSS:3.1/AV:L/AC:H/PR:N/UI:R/S:U/C:H/I:H/A:H,none,no,total
2025-11,CVE-2025-12056,ICSA-25-322-03,Shelly Pro 3EM,7.4,CVSS:3.1/AV:A/AC:L/PR:N/UI:N/S:C/C:N/I:N/A:H,none,no,partial
2025-11,CVE-2025-12108,ICSA-25-308-02,Survision License Plate Recognition Camera,9.8,CVSS:3.1/AV:N/AC:L/PR:N/UI:N/S:U/C:H/I:H/A:H,none,yes,total
2025-11,CVE-2025-12556,ICSA-25-308-05,IDIS ICM Viewer,8.8,CVSS:3.1/AV:N/AC:L/PR:L/UI:N/S:U/C:H/I:H/A:H,none,no,total
2025-11,CVE-2025-12636,ICSA-25-310-02,Ubia Ubox (Update A),6.5,CVSS:3.1/AV:N/AC:L/PR:L/UI:N/S:U/C:H/I:N/A:N,none,no,partial
2025-11,CVE-2025-13084,ICSA-25-329-04,Opto 22 groov View,7.6,CVSS:3.1/AV:N/AC:L/PR:L/UI:N/S:U/C:H/I:L/A:L,none,no,partial
2025-11,CVE-2025-13087,ICSA-25-324-03,Opto 22 GRV-EPIC and groov RIO,6.2,CVSS:3.1/AV:N/AC:H/PR:H/UI:N/S:U/C:H/I:H/A:L,none,no,total
2025-11,CVE-2025-13483,ICSA-25-329-06,SiRcom SMART Alert (SiSA),9.1,CVSS:3.1/AV:N/AC:L/PR:N/UI:N/S:U/C:N/I:H/A:H,none,no,partial
2025-11,CVE-2025-40744,ICSA-25-317-14,Siemens Solid Edge,7.5,CVSS:3.1/AV:N/AC:L/PR:N/UI:N/S:U/C:H/I:N/A:N,none,yes,partial
2025-11,CVE-2025-40760,ICSA-25-317-16,Siemens Altair Grid Engine,5.5,CVSS:3.1/AV:L/AC:L/PR:L/UI:N/S:U/C:H/I:N/A:N,none,no,partial
2025-11,CVE-2025-40763,ICSA-25-317-16,Siemens Altair Grid Engine,7.8,CVSS:3.1/AV:L/AC:L/PR:L/UI:N/S:U/C:H/I:H/A:H,none,no,total
2025-11,CVE-2025-40815,ICSA-25-317-13,Siemens LOGO! 8 BM Devices,7.2,CVSS:3.1/AV:N/AC:L/PR:H/UI:N/S:U/C:H/I:H/A:H,none,no,total
2025-11,CVE-2025-40816,ICSA-25-317-13,Siemens LOGO! 8 BM Devices,7.6,CVSS:3.1/AV:A/AC:L/PR:N/UI:N/S:U/C:L/I:L/A:H,none,no,partial
2025-11,CVE-2025-40817,ICSA-25-317-13,Siemens LOGO! 8 BM Devices,6.5,CVSS:3.1/AV:A/AC:L/PR:N/UI:N/S:U/C:N/I:H/A:N,none,no,partial
2025-11,CVE-2025-40827,ICSA-25-317-17,Siemens Software Center and Solid Edge,7.8,CVSS:3.1/AV:L/AC:L/PR:N/UI:R/S:U/C:H/I:H/A:H,none,no,total
2025-11,CVE-2025-41733,ICSA-25-322-05,METZ CONNECT EWIO2,9.8,CVSS:3.1/AV:N/AC:L/PR:N/UI:N/S:U/C:H/I:H/A:H,none,no,total
2025-11,CVE-2025-41734,ICSA-25-322-05,METZ CONNECT EWIO2,9.8,CVSS:3.1/AV:N/AC:L/PR:N/UI:N/S:U/C:H/I:H/A:H,none,yes,total
2025-11,CVE-2025-41735,ICSA-25-322-05,METZ CONNECT EWIO2,8.8,CVSS:3.1/AV:N/AC:L/PR:L/UI:N/S:U/C:H/I:H/A:H,none,no,total
2025-11,CVE-2025-41736,ICSA-25-322-05,METZ CONNECT EWIO2,8.8,CVSS:3.1/AV:N/AC:L/PR:L/UI:N/S:U/C:H/I:H/A:H,none,no,total
2025-11,CVE-2025-41737,ICSA-25-322-05,METZ CONNECT EWIO2,7.5,CVSS:3.1/AV:N/AC:L/PR:N/UI:N/S:U/C:H/I:N/A:N,none,yes,partial
2025-11,CVE-2025-54496,ICSA-25-308-01,Fuji Electric Monitouch V-SFT-6 (Update A),7.8,CVSS:3.1/AV:L/AC:L/PR:N/UI:R/S:U/C:H/I:H/A:H,none,no,total
2025-11,CVE-2025-54526,ICSA-25-308-01,Fuji Electric Monitouch V-SFT-6 (Update A),7.8,CVSS:3.1/AV:L/AC:L/PR:N/UI:R/S:U/C:H/I:H/A:H,none,no,total
2025-11,CVE-2025-54863,ICSA-25-308-04,Radiometrics VizAir,10.0,CVSS:3.1/AV:N/AC:L/PR:N/UI:N/S:C/C:H/I:H/A:H,none,yes,total
2025-11,CVE-2025-55034,ICSA-25-317-08,General Industrial Controls Lynx+ Gateway,8.2,CVSS:3.1/AV:N/AC:L/PR:N/UI:N/S:U/C:H/I:L/A:N,none,yes,partial
2025-11,CVE-2025-58083,ICSA-25-317-08,General Industrial Controls Lynx+ Gateway,10.0,CVSS:3.1/AV:N/AC:L/PR:N/UI:N/S:C/C:N/I:H/A:H,none,yes,total
2025-11,CVE-2025-58317,ICSA-25-308-03,Delta Electronics CNCSoft-G2,7.8,CVSS:3.1/AV:L/AC:L/PR:N/UI:R/S:U/C:H/I:H/A:H,none,no,total
2025-11,CVE-2025-58423,ICSA-25-310-01,Advantech DeviceOn/iEdge,8.8,CVSS:3.1/AV:N/AC:L/PR:L/UI:N/S:U/C:H/I:H/A:H,none,no,total
2025-11,CVE-2025-59171,ICSA-25-310-01,Advantech DeviceOn/iEdge,7.5,CVSS:3.1/AV:N/AC:L/PR:N/UI:N/S:U/C:H/I:N/A:N,none,yes,partial
2025-11,CVE-2025-59780,ICSA-25-317-08,General Industrial Controls Lynx+ Gateway,7.5,CVSS:3.1/AV:N/AC:L/PR:N/UI:N/S:U/C:H/I:N/A:N,none,yes,partial
2025-11,CVE-2025-61945,ICSA-25-308-04,Radiometrics VizAir,10.0,CVSS:3.1/AV:N/AC:L/PR:N/UI:N/S:C/C:H/I:H/A:H,none,yes,total
2025-11,CVE-2025-61956,ICSA-25-308-04,Radiometrics VizAir,10.0,CVSS:3.1/AV:N/AC:L/PR:N/UI:N/S:C/C:H/I:H/A:H,none,yes,total
2025-11,CVE-2025-62630,ICSA-25-310-01,Advantech DeviceOn/iEdge,8.8,CVSS:3.1/AV:N/AC:L/PR:L/UI:N/S:U/C:H/I:H/A:H,none,no,total
2025-11,CVE-2025-62674,ICSA-25-324-02,ICAM365 CCTV Camera Multiple Models,6.8,CVSS:3.1/AV:A/AC:L/PR:L/UI:N/S:U/C:H/I:L/A:L,none,no,partial
2025-11,CVE-2025-62765,ICSA-25-317-08,General Industrial Controls Lynx+ Gateway,7.5,CVSS:3.1/AV:N/AC:L/PR:N/UI:N/S:U/C:H/I:N/A:N,none,yes,partial
2025-11,CVE-2025-64126,ICSA-25-329-03,Zenitel TCIV-3+,9.8,CVSS:3.1/AV:N/AC:L/PR:N/UI:N/S:U/C:H/I:H/A:H,none,yes,total
2025-11,CVE-2025-64127,ICSA-25-329-03,Zenitel TCIV-3+,9.8,CVSS:3.1/AV:N/AC:L/PR:N/UI:N/S:U/C:H/I:H/A:H,none,yes,total
2025-11,CVE-2025-64128,ICSA-25-329-03,Zenitel TCIV-3+,9.8,CVSS:3.1/AV:N/AC:L/PR:N/UI:N/S:U/C:H/I:H/A:H,none,yes,total
2025-11,CVE-2025-64129,ICSA-25-329-03,Zenitel TCIV-3+,7.6,CVSS:3.1/AV:N/AC:L/PR:N/UI:R/S:U/C:L/I:L/A:H,none,no,partial
2025-11,CVE-2025-64130,ICSA-25-329-03,Zenitel TCIV-3+,9.8,CVSS:3.1/AV:N/AC:L/PR:N/UI:N/S:U/C:H/I:H/A:H,none,yes,total
2025-11,CVE-2025-64302,ICSA-25-310-01,Advantech DeviceOn/iEdge,6.4,CVSS:3.1/AV:N/AC:L/PR:L/UI:N/S:C/C:L/I:L/A:N,none,no,partial
2025-11,CVE-2025-64307,ICSA-25-317-04,Brightpick Mission Control / Internal Logic Control (Update A),6.5,CVSS:3.1/AV:A/AC:L/PR:N/UI:N/S:U/C:N/I:H/A:N,none,no,partial
2025-11,CVE-2025-64308,ICSA-25-317-04,Brightpick Mission Control / Internal Logic Control (Update A),6.5,CVSS:3.1/AV:A/AC:L/PR:N/UI:N/S:U/C:H/I:N/A:N,none,yes,partial
2025-11,CVE-2025-64309,ICSA-25-317-04,Brightpick Mission Control / Internal Logic Control (Update A),7.4,CVSS:3.1/AV:A/AC:L/PR:N/UI:N/S:C/C:H/I:N/A:N,none,yes,partial
2025-11,CVE-2025-64770,ICSA-25-324-02,ICAM365 CCTV Camera Multiple Models,6.8,CVSS:3.1/AV:A/AC:L/PR:L/UI:N/S:U/C:H/I:L/A:L,none,no,partial
2025-11,CVE-2025-65084,ICSA-25-329-01,"Ashlar-Vellum Cobalt, Xenon, Argon, Lithium, Cobalt Share (Update A)",7.8,CVSS:3.1/AV:L/AC:L/PR:N/UI:R/S:U/C:H/I:H/A:H,none,no,total
2025-11,CVE-2025-65085,ICSA-25-329-01,"Ashlar-Vellum Cobalt, Xenon, Argon, Lithium, Cobalt Share (Update A)",7.8,CVSS:3.1/AV:L/AC:L/PR:N/UI:R/S:U/C:H/I:H/A:H,none,no,total
2025-11,CVE-2025-8386,ICSA-25-317-02,AVEVA Application Server IDE,6.9,CVSS:3.1/AV:L/AC:L/PR:H/UI:R/S:C/C:H/I:L/A:L,none,no,partial
2025-11,CVE-2025-9317,ICSA-25-317-03,AVEVA Edge,8.4,CVSS:3.1/AV:L/AC:L/PR:L/UI:N/S:C/C:H/I:H/A:N,none,no,partial
2025-12,CVE-2018-12130,ICSA-26-020-01,Schneider Electric EcoStruxure Foxboro DCS (Update A),6.5,CVSS:3.0/AV:L/AC:L/PR:L/UI:N/S:C/C:H/I:N/A:N,none,no,partial
2025-12,CVE-2022-31807,ICSA-25-345-07,Siemens Building X - Security Manager Edge Controller,6.2,CVSS:3.1/AV:L/AC:L/PR:N/UI:N/S:U/C:N/I:H/A:N,none,no,partial
2025-12,CVE-2024-11053,ICSA-26-043-03,Siemens COMOS,3.7,CVSS:3.1/AV:N/AC:H/PR:N/UI:N/S:U/C:L/I:N/A:N,poc,no,partial
2025-12,CVE-2024-3596,ICSA-25-350-03,"Hitachi Energy AFS, AFR and AFF Series",9.0,CVSS:3.1/AV:N/AC:H/PR:N/UI:N/S:C/C:H/I:H/A:H,none,no,total
2025-12,CVE-2024-47875,ICSA-26-043-03,Siemens COMOS,10.0,CVSS:3.1/AV:N/AC:L/PR:N/UI:N/S:C/C:L/I:H/A:H,none,no,partial
2025-12,CVE-2024-56835,ICSA-26-015-11,Siemens RUGGEDCOM ROX II,8.8,CVSS:3.1/AV:N/AC:L/PR:L/UI:N/S:U/C:H/I:H/A:H/E:P/RL:O/RC:C,none,no,total
2025-12,CVE-2024-56836,ICSA-26-015-11,Siemens RUGGEDCOM ROX II,7.5,CVSS:3.1/AV:N/AC:H/PR:L/UI:N/S:U/C:H/I:H/A:H/E:P/RL:O/RC:C,none,no,total
2025-12,CVE-2024-56837,ICSA-26-015-11,Siemens RUGGEDCOM ROX II,7.2,CVSS:3.1/AV:N/AC:L/PR:H/UI:N/S:U/C:H/I:H/A:H/E:P/RL:O/RC:C,none,no,total
2025-12,CVE-2024-56838,ICSA-26-015-11,Siemens RUGGEDCOM ROX II,7.2,CVSS:3.1/AV:N/AC:L/PR:H/UI:N/S:U/C:H/I:H/A:H/E:P/RL:O/RC:C,none,no,total
2025-12,CVE-2024-56839,ICSA-26-015-11,Siemens RUGGEDCOM ROX II,7.2,CVSS:3.1/AV:N/AC:L/PR:H/UI:N/S:U/C:H/I:H/A:H/E:P/RL:O/RC:C,none,no,total
2025-12,CVE-2024-56840,ICSA-26-015-11,Siemens RUGGEDCOM ROX II,7.2,CVSS:3.1/AV:N/AC:L/PR:H/UI:N/S:U/C:H/I:H/A:H/E:P/RL:O/RC:C,none,no,total
2025-12,CVE-2025-10148,ICSA-26-043-03,Siemens COMOS,5.3,CVSS:3.1/AV:N/AC:L/PR:N/UI:N/S:U/C:L/I:N/A:N,none,no,partial
2025-12,CVE-2025-10492,ICSA-26-008-01,Hitachi Energy Asset Suite,9.8,CVSS:3.1/AV:N/AC:L/PR:N/UI:N/S:U/C:H/I:H/A:H,none,no,total
2025-12,CVE-2025-11009,ICSA-25-350-04,Mitsubishi Electric GT Designer3,5.1,CVSS:3.1/AV:L/AC:H/PR:N/UI:N/S:U/C:H/I:N/A:N,none,no,partial
2025-12,CVE-2025-11774,ICSA-25-352-04,Mitsubishi Electric Iconics Digital Solutions and Mitsubishi Electrics Products,8.2,CVSS:3.1/AV:L/AC:L/PR:L/UI:R/S:C/C:H/I:H/A:H,none,no,total
2025-12,CVE-2025-13373,ICSA-25-338-07,Advantech iView,7.5,CVSS:3.1/AV:N/AC:L/PR:N/UI:N/S:U/C:H/I:N/A:N,none,yes,partial
2025-12,CVE-2025-13510,ICSA-25-336-02,Iskra iHUB and iHUB Lite,9.1,CVSS:3.1/AV:N/AC:L/PR:N/UI:N/S:U/C:H/I:H/A:N,none,no,partial
2025-12,CVE-2025-13607,ICSA-25-343-03,Multiple India-based CCTV Cameras (Update A)**,9.4,CVSS:3.1/AV:N/AC:L/PR:N/UI:N/S:U/C:H/I:H/A:L,none,yes,total
2025-12,CVE-2025-13658,ICSA-25-336-01,Industrial Video & Control Longwatch,9.8,CVSS:3.1/AV:N/AC:L/PR:N/UI:N/S:U/C:H/I:H/A:H,none,yes,total
2025-12,CVE-2025-13823,ICSA-25-352-07,"Rockwell Automation Micro820, Micro850, Micro870",6.5,CVSS:3.1/AV:A/AC:L/PR:N/UI:N/S:U/C:N/I:N/A:H,none,no,partial
2025-12,CVE-2025-13824,ICSA-25-352-07,"Rockwell Automation Micro820, Micro850, Micro870",7.5,CVSS:3.1/AV:N/AC:L/PR:N/UI:N/S:U/C:N/I:N/A:H,none,yes,partial
2025-12,CVE-2025-13911,ICSA-25-352-01,Inductive Automation Ignition (Update A),6.4,CVSS:3.1/AV:A/AC:H/PR:H/UI:N/S:U/C:H/I:H/A:H,none,no,total
2025-12,CVE-2025-13932,ICSA-25-338-06,SolisCloud Monitoring Platform,7.7,CVSS:3.1/AV:N/AC:L/PR:L/UI:N/S:C/C:H/I:N/A:N,none,yes,partial
2025-12,CVE-2025-13970,ICSA-25-345-10,OpenPLC_V3 (Update A),8.0,CVSS:3.1/AV:N/AC:H/PR:N/UI:R/S:C/C:N/I:H/A:H,none,no,partial
2025-12,CVE-2025-14466,ICSA-25-350-01,"Güralp Systems Fortimus Series, Minimus Series, and Certimus Series",5.3,CVSS:3.1/AV:N/AC:L/PR:N/UI:N/S:U/C:N/I:N/A:L,none,yes,partial
2025-12,CVE-2025-14848,ICSA-25-352-06,Advantech WebAccess/SCADA,4.3,CVSS:3.1/AV:N/AC:L/PR:L/UI:N/S:U/C:L/I:N/A:N,none,no,partial
2025-12,CVE-2025-14849,ICSA-25-352-06,Advantech WebAccess/SCADA,8.8,CVSS:3.1/AV:N/AC:L/PR:L/UI:N/S:U/C:H/I:H/A:H,none,no,total
2025-12,CVE-2025-14850,ICSA-25-352-06,Advantech WebAccess/SCADA,8.1,CVSS:3.1/AV:N/AC:L/PR:L/UI:N/S:U/C:N/I:H/A:H,none,no,partial
2025-12,CVE-2025-24857,ICSA-25-343-01,Universal Boot Loader (U-Boot) (Update A),8.4,CVSS:3.1/AV:L/AC:L/PR:N/UI:N/S:U/C:H/I:H/A:H,none,no,total
2025-12,CVE-2025-26379,ICSA-25-350-02,"Johnson Controls PowerG, IQPanel and IQHub (Update A)",7.6,CVSS:3.1/AV:A/AC:L/PR:N/UI:N/S:U/C:L/I:H/A:L,none,no,partial
2025-12,CVE-2025-26381,ICSA-25-338-03,Johnson Controls OpenBlue Mobile Web Application for OpenBlue Workplace,9.3,CVSS:3.1/AV:N/AC:L/PR:N/UI:N/S:C/C:H/I:L/A:N,none,yes,partial
2025-12,CVE-2025-2783,ICSA-26-043-03,Siemens COMOS,8.3,CVSS:3.1/AV:N/AC:H/PR:N/UI:R/S:C/C:H/I:H/A:H,active,no,total
2025-12,CVE-2025-30023,ICSA-25-352-08,"Axis Communications Camera Station Pro, Camera Station, and Device Manager (Update B)",9.0,CVSS:3.1/AV:A/AC:L/PR:L/UI:N/S:C/C:H/I:H/A:H,none,no,total
2025-12,CVE-2025-30024,ICSA-25-352-08,"Axis Communications Camera Station Pro, Camera Station, and Device Manager (Update B)",6.8,CVSS:3.1/AV:N/AC:H/PR:N/UI:R/S:U/C:H/I:H/A:N,none,no,total
2025-12,CVE-2025-30025,ICSA-25-352-08,"Axis Communications Camera Station Pro, Camera Station, and Device Manager (Update B)",5.2,CVSS:3.1/AV:L/AC:L/PR:L/UI:N/S:C/C:N/I:L/A:L,none,no,partial
2025-12,CVE-2025-30026,ICSA-25-352-08,"Axis Communications Camera Station Pro, Camera Station, and Device Manager (Update B)",6.1,CVSS:3.1/AV:A/AC:L/PR:N/UI:N/S:C/C:N/I:L/A:L,none,no,partial
2025-12,CVE-2025-3784,ICSA-25-338-01,Mitsubishi Electric GX Works2,5.5,CVSS:3.1/AV:L/AC:L/PR:L/UI:N/S:U/C:H/I:N/A:N,none,no,partial
2025-12,CVE-2025-40800,ICSA-25-345-04,Siemens IAM Client,7.4,CVSS:3.1/AV:N/AC:H/PR:N/UI:N/S:U/C:H/I:H/A:N,none,no,total
2025-12,CVE-2025-40801,ICSA-25-345-05,Siemens Advanced Licensing (SALT) Toolkit,8.1,CVSS:3.1/AV:N/AC:H/PR:N/UI:N/S:U/C:H/I:H/A:H,none,no,total
2025-12,CVE-2025-40806,ICSA-25-345-09,Siemens Gridscale X Prepay,5.3,CVSS:3.1/AV:N/AC:L/PR:N/UI:N/S:U/C:L/I:N/A:N,none,yes,partial
2025-12,CVE-2025-40807,ICSA-25-345-09,Siemens Gridscale X Prepay,6.3,CVSS:3.1/AV:N/AC:L/PR:L/UI:N/S:U/C:L/I:L/A:L,none,no,partial
2025-12,CVE-2025-40818,ICSA-25-345-06,Siemens SINEMA Remote Connect Server,3.3,CVSS:3.1/AV:L/AC:L/PR:L/UI:N/S:U/C:L/I:N/A:N,none,no,partial
2025-12,CVE-2025-40819,ICSA-25-345-06,Siemens SINEMA Remote Connect Server,4.3,CVSS:3.1/AV:N/AC:L/PR:L/UI:N/S:U/C:N/I:L/A:N,none,no,partial
2025-12,CVE-2025-40820,ICSA-25-352-05,Siemens Interniche IP-Stack,7.5,CVSS:3.1/AV:N/AC:L/PR:N/UI:N/S:U/C:N/I:N/A:H,none,yes,partial
2025-12,CVE-2025-40830,ICSA-26-015-06,Siemens SINEC Security Monitor,6.7,CVSS:3.1/AV:L/AC:L/PR:H/UI:N/S:U/C:H/I:H/A:H,none,no,total
2025-12,CVE-2025-40831,ICSA-26-015-06,Siemens SINEC Security Monitor,6.5,CVSS:3.1/AV:N/AC:L/PR:L/UI:N/S:U/C:N/I:N/A:H,none,no,partial
2025-12,CVE-2025-40935,ICSA-26-015-05,Siemens RUGGEDCOM ROS,4.3,CVSS:3.1/AV:N/AC:L/PR:L/UI:N/S:U/C:N/I:N/A:L,none,no,partial
2025-12,CVE-2025-40937,ICSA-26-015-12,Siemens SIMATIC CN 4100,8.3,CVSS:3.1/AV:N/AC:L/PR:L/UI:N/S:U/C:H/I:H/A:L,none,no,total
2025-12,CVE-2025-40938,ICSA-26-015-12,Siemens SIMATIC CN 4100,8.1,CVSS:3.1/AV:N/AC:H/PR:N/UI:N/S:U/C:H/I:H/A:H,none,no,total
2025-12,CVE-2025-40939,ICSA-26-015-12,Siemens SIMATIC CN 4100,4.6,CVSS:3.1/AV:P/AC:L/PR:N/UI:N/S:U/C:N/I:N/A:H,none,no,partial
2025-12,CVE-2025-40940,ICSA-26-015-12,Siemens SIMATIC CN 4100,4.9,CVSS:3.1/AV:N/AC:L/PR:H/UI:N/S:U/C:H/I:N/A:N,none,no,partial
2025-12,CVE-2025-40941,ICSA-26-015-12,Siemens SIMATIC CN 4100,4.3,CVSS:3.1/AV:N/AC:L/PR:L/UI:N/S:U/C:L/I:N/A:N,none,no,partial
2025-12,CVE-2025-43873,ICSA-25-345-02,Johnson Controls iSTAR Ultra,8.8,CVSS:3.1/AV:N/AC:L/PR:L/UI:N/S:U/C:H/I:H/A:H,none,yes,total
2025-12,CVE-2025-43875,ICSA-25-345-01,Johnson Controls iSTAR,8.8,CVSS:3.1/AV:N/AC:L/PR:L/UI:N/S:U/C:H/I:H/A:H,none,yes,total
2025-12,CVE-2025-43876,ICSA-25-345-01,Johnson Controls iSTAR,8.8,CVSS:3.1/AV:N/AC:L/PR:L/UI:N/S:U/C:H/I:H/A:H,none,yes,total
2025-12,CVE-2025-46268,ICSA-25-352-06,Advantech WebAccess/SCADA,6.3,CVSS:3.1/AV:N/AC:L/PR:L/UI:N/S:U/C:L/I:L/A:L,none,no,partial
2025-12,CVE-2025-53704,ICSA-25-338-02,MAXHUB Pivot,7.5,CVSS:3.1/AV:N/AC:L/PR:N/UI:N/S:U/C:N/I:H/A:N,none,no,partial
2025-12,CVE-2025-59287,ICSA-25-352-02,Schneider Electric EcoStruxure Foxboro DCS Advisor,9.8,CVSS:3.1/AV:N/AC:L/PR:N/UI:N/S:U/C:H/I:H/A:H,active,yes,total
2025-12,CVE-2025-59392,ICSA-25-345-08,Siemens Energy Services,6.8,CVSS:3.1/AV:P/AC:L/PR:N/UI:N/S:U/C:H/I:H/A:H,none,no,total
2025-12,CVE-2025-61738,ICSA-25-350-02,"Johnson Controls PowerG, IQPanel and IQHub (Update A)",5.3,CVSS:3.1/AV:N/AC:H/PR:N/UI:R/S:U/C:H/I:N/A:N,none,no,partial
2025-12,CVE-2025-61739,ICSA-25-350-02,"Johnson Controls PowerG, IQPanel and IQHub (Update A)",7.6,CVSS:3.1/AV:A/AC:L/PR:N/UI:N/S:U/C:L/I:H/A:L,none,no,partial
2025-12,CVE-2025-61740,ICSA-25-350-02,"Johnson Controls PowerG, IQPanel and IQHub (Update A)",7.6,CVSS:3.1/AV:A/AC:L/PR:N/UI:N/S:U/C:L/I:H/A:L,none,no,partial
2025-12,CVE-2025-64461,ICSA-25-352-03,National Instruments LabView,7.8,CVSS:3.1/AV:L/AC:L/PR:N/UI:R/S:U/C:H/I:H/A:H,none,no,total
2025-12,CVE-2025-64462,ICSA-25-352-03,National Instruments LabView,7.8,CVSS:3.1/AV:L/AC:L/PR:N/UI:R/S:U/C:H/I:H/A:H,none,no,total
2025-12,CVE-2025-64463,ICSA-25-352-03,National Instruments LabView,7.8,CVSS:3.1/AV:L/AC:L/PR:N/UI:R/S:U/C:H/I:H/A:H,none,no,total
2025-12,CVE-2025-64464,ICSA-25-352-03,National Instruments LabView,7.8,CVSS:3.1/AV:L/AC:L/PR:N/UI:R/S:U/C:H/I:H/A:H,none,no,total
2025-12,CVE-2025-64465,ICSA-25-352-03,National Instruments LabView,7.8,CVSS:3.1/AV:L/AC:L/PR:N/UI:R/S:U/C:H/I:H/A:H,none,no,total
2025-12,CVE-2025-64466,ICSA-25-352-03,National Instruments LabView,7.8,CVSS:3.1/AV:L/AC:L/PR:N/UI:R/S:U/C:H/I:H/A:H,none,no,total
2025-12,CVE-2025-64467,ICSA-25-352-03,National Instruments LabView,7.8,CVSS:3.1/AV:L/AC:L/PR:N/UI:R/S:U/C:H/I:H/A:H,none,no,total
2025-12,CVE-2025-64468,ICSA-25-352-03,National Instruments LabView,7.8,CVSS:3.1/AV:L/AC:L/PR:N/UI:R/S:U/C:H/I:H/A:H,none,no,total
2025-12,CVE-2025-64469,ICSA-25-352-03,National Instruments LabView,7.8,CVSS:3.1/AV:L/AC:L/PR:N/UI:R/S:U/C:H/I:H/A:H,none,no,total
2025-12,CVE-2025-66237,ICSA-25-338-05,Sunbird DCIM dcTrack and Power IQ,6.7,CVSS:3.1/AV:L/AC:L/PR:H/UI:N/S:U/C:H/I:H/A:H,none,no,total
2025-12,CVE-2025-66238,ICSA-25-338-05,Sunbird DCIM dcTrack and Power IQ,6.5,CVSS:3.1/AV:N/AC:L/PR:H/UI:N/S:U/C:H/I:H/A:N,none,no,total
2025-12,CVE-2025-66585,ICSA-25-345-03,AzeoTech DAQFactory (Update A),7.8,CVSS:3.1/AV:L/AC:L/PR:N/UI:R/S:U/C:H/I:H/A:H,none,no,total
2025-12,CVE-2025-66586,ICSA-25-345-03,AzeoTech DAQFactory (Update A),7.8,CVSS:3.1/AV:L/AC:L/PR:N/UI:R/S:U/C:H/I:H/A:H,none,no,total
2025-12,CVE-2025-66588,ICSA-25-345-03,AzeoTech DAQFactory (Update A),7.8,CVSS:3.1/AV:L/AC:L/PR:N/UI:R/S:U/C:H/I:H/A:H,none,no,total
2025-12,CVE-2025-66589,ICSA-25-345-03,AzeoTech DAQFactory (Update A),7.8,CVSS:3.1/AV:L/AC:L/PR:N/UI:R/S:U/C:H/I:H/A:H,none,no,total
2025-12,CVE-2025-66590,ICSA-25-345-03,AzeoTech DAQFactory (Update A),7.8,CVSS:3.1/AV:L/AC:L/PR:N/UI:R/S:U/C:H/I:H/A:H,none,yes,total
2025-12,CVE-2025-67653,ICSA-25-352-06,Advantech WebAccess/SCADA,4.3,CVSS:3.1/AV:N/AC:L/PR:L/UI:N/S:U/C:L/I:N/A:N,none,no,partial
2026-01,CVE-2022-48174,ICSA-26-043-06,Siemens SINEC OS,7.8,CVSS:3.1/AV:L/AC:L/PR:N/UI:R/S:U/C:H/I:H/A:H,none,yes,total
2026-01,CVE-2023-39810,ICSA-26-043-06,Siemens SINEC OS,6.1,CVSS:3.1/AV:L/AC:L/PR:N/UI:R/S:U/C:N/I:H/A:L,none,no,total
2026-01,CVE-2023-42364,ICSA-26-043-06,Siemens SINEC OS,5.5,CVSS:3.1/AV:L/AC:L/PR:N/UI:R/S:U/C:N/I:N/A:H,poc,no,partial
2026-01,CVE-2023-45229,ICSA-26-141-02,ABB B&R PCs,6.5,CVSS:3.1/AV:A/AC:L/PR:N/UI:N/S:U/C:H/I:N/A:N/E:P/RL:O/RC:C,none,no,partial
2026-01,CVE-2023-45230,ICSA-26-141-02,ABB B&R PCs,8.3,CVSS:3.1/AV:A/AC:L/PR:N/UI:N/S:U/C:H/I:L/A:H/E:P/RL:O/RC:C,poc,no,partial
2026-01,CVE-2023-45231,ICSA-26-141-02,ABB B&R PCs,6.5,CVSS:3.1/AV:A/AC:L/PR:N/UI:N/S:U/C:H/I:N/A:N/E:P/RL:O/RC:C,poc,no,partial
2026-01,CVE-2023-45232,ICSA-26-141-02,ABB B&R PCs,7.5,CVSS:3.1/AV:N/AC:L/PR:N/UI:N/S:U/C:N/I:N/A:H/E:P/RL:O/RC:C,none,yes,partial
2026-01,CVE-2023-45233,ICSA-26-141-02,ABB B&R PCs,7.5,CVSS:3.1/AV:N/AC:L/PR:N/UI:N/S:U/C:N/I:N/A:H/E:P/RL:O/RC:C,poc,yes,total
2026-01,CVE-2023-45234,ICSA-26-141-02,ABB B&R PCs,8.3,CVSS:3.1/AV:A/AC:L/PR:N/UI:N/S:U/C:H/I:L/A:H/E:P/RL:O/RC:C,none,no,partial
2026-01,CVE-2023-45235,ICSA-26-141-02,ABB B&R PCs,8.3,CVSS:3.1/AV:A/AC:L/PR:N/UI:N/S:U/C:H/I:L/A:H/E:P/RL:O/RC:C,poc,yes,total
2026-01,CVE-2023-45236,ICSA-26-141-02,ABB B&R PCs,5.8,CVSS:3.1/AV:N/AC:L/PR:N/UI:N/S:C/C:L/I:N/A:N/E:P/RL:O/RC:C,none,yes,partial
2026-01,CVE-2023-45237,ICSA-26-141-02,ABB B&R PCs,5.3,CVSS:3.1/AV:N/AC:L/PR:N/UI:N/S:U/C:L/I:N/A:N/E:P/RL:O/RC:C,none,yes,partial
2026-01,CVE-2023-7256,ICSA-26-043-06,Siemens SINEC OS,4.4,CVSS:3.1/AV:L/AC:L/PR:H/UI:N/S:U/C:N/I:N/A:H,none,no,partial
2026-01,CVE-2024-10106,ICSA-26-027-03,Schneider Electric Zigbee Products,3.7,CVSS:3.1/AV:N/AC:H/PR:N/UI:N/S:U/C:N/I:N/A:L,none,no,partial
2026-01,CVE-2024-11053,ICSA-26-043-06,Siemens SINEC OS,3.7,CVSS:3.1/AV:N/AC:H/PR:N/UI:N/S:U/C:L/I:N/A:N,poc,no,partial
2026-01,CVE-2024-12718,ICSA-26-043-06,Siemens SINEC OS,5.3,CVSS:3.1/AV:N/AC:L/PR:N/UI:N/S:U/C:N/I:L/A:N,poc,yes,partial
2026-01,CVE-2024-3596,ICSA-26-036-05,Hitachi Energy XMC20,9,CVSS:3.1/AV:N/AC:H/PR:N/UI:N/S:C/C:H/I:H/A:H,none,no,total
2026-01,CVE-2024-41996,ICSA-26-043-06,Siemens SINEC OS,7.5,CVSS:3.1/AV:N/AC:L/PR:N/UI:N/S:U/C:N/I:N/A:H,none,yes,partial
2026-01,CVE-2024-47619,ICSA-26-043-06,Siemens SINEC OS,7.5,CVSS:3.1/AV:N/AC:L/PR:N/UI:N/S:U/C:N/I:H/A:N,poc,yes,partial
2026-01,CVE-2024-52533,ICSA-26-043-06,Siemens SINEC OS,9.8,CVSS:3.1/AV:N/AC:L/PR:N/UI:N/S:U/C:H/I:H/A:H,none,yes,total
2026-01,CVE-2024-6197,ICSA-26-043-06,Siemens SINEC OS,7.5,CVSS:3.1/AV:N/AC:L/PR:N/UI:N/S:U/C:N/I:N/A:H,none,yes,partial
2026-01,CVE-2024-6350,ICSA-26-027-03,Schneider Electric Zigbee Products,6.5,CVSS:3.1/AV:A/AC:L/PR:N/UI:N/S:U/C:N/I:N/A:H,none,no,partial
2026-01,CVE-2024-6351,ICSA-26-027-03,Schneider Electric Zigbee Products,4.3,CVSS:3.1/AV:A/AC:L/PR:N/UI:N/S:U/C:N/I:N/A:L,none,no,partial
2026-01,CVE-2024-6352,ICSA-26-027-03,Schneider Electric Zigbee Products,4.3,CVSS:3.1/AV:A/AC:L/PR:N/UI:N/S:U/C:N/I:N/A:L,none,no,partial
2026-01,CVE-2024-6874,ICSA-26-043-06,Siemens SINEC OS,3.1,CVSS:3.1/AV:N/AC:H/PR:L/UI:N/S:U/C:L/I:N/A:N,poc,no,partial
2026-01,CVE-2024-7264,ICSA-26-043-06,Siemens SINEC OS,3.7,CVSS:3.1/AV:N/AC:H/PR:N/UI:N/S:U/C:N/I:L/A:N,none,no,partial
2026-01,CVE-2024-7322,ICSA-26-027-03,Schneider Electric Zigbee Products,5.8,CVSS:3.1/AV:N/AC:H/PR:H/UI:N/S:C/C:N/I:N/A:H,none,no,partial
2026-01,CVE-2024-8006,ICSA-26-043-06,Siemens SINEC OS,4.4,CVSS:3.1/AV:L/AC:L/PR:H/UI:N/S:U/C:N/I:N/A:H,none,no,partial
2026-01,CVE-2024-8096,ICSA-26-043-06,Siemens SINEC OS,6.5,CVSS:3.1/AV:N/AC:L/PR:N/UI:N/S:U/C:L/I:L/A:N,none,yes,partial
2026-01,CVE-2024-9681,ICSA-26-043-06,Siemens SINEC OS,6.5,CVSS:3.1/AV:N/AC:H/PR:N/UI:N/S:U/C:N/I:H/A:L,none,no,partial
2026-01,CVE-2025-0167,ICSA-26-043-06,Siemens SINEC OS,3.4,CVSS:3.1/AV:N/AC:H/PR:N/UI:R/S:C/C:L/I:N/A:N,poc,no,partial
2026-01,CVE-2025-0665,ICSA-26-043-06,Siemens SINEC OS,7.3,CVSS:3.1/AV:N/AC:L/PR:N/UI:N/S:U/C:L/I:L/A:L,none,no,partial
2026-01,CVE-2025-0725,ICSA-26-043-06,Siemens SINEC OS,7.3,CVSS:3.1/AV:N/AC:L/PR:N/UI:N/S:U/C:L/I:L/A:L,poc,yes,partial
2026-01,CVE-2025-10148,ICSA-26-043-06,Siemens SINEC OS,5.3,CVSS:3.1/AV:N/AC:L/PR:N/UI:N/S:U/C:L/I:N/A:N,none,no,partial
2026-01,CVE-2025-11043,ICSA-26-125-04,ABB B&R Automation Studio,7.4,CVSS:3.1/AV:N/AC:H/PR:N/UI:N/S:U/C:H/I:H/A:N/RL:O/RC:C,none,no,partial
2026-01,CVE-2025-11044,ICSA-26-125-03,ABB B&R Automation Runtime,6.8,CVSS:3.1/AV:N/AC:H/PR:N/UI:N/S:C/C:N/I:N/A:H/RL:O/RC:C,none,no,partial
2026-01,CVE-2025-11743,ICSA-26-022-03,Rockwell Automation CompactLogix 5370,6.5,CVSS:3.1/AV:A/AC:L/PR:N/UI:N/S:U/C:N/I:N/A:H,none,no,partial
2026-01,CVE-2025-12807,ICSA-26-013-02,Rockwell Automation FactoryTalk DataMosaix Private Cloud,8.8,CVSS:3.1/AV:N/AC:L/PR:L/UI:N/S:U/C:H/I:H/A:H,none,no,total
2026-01,CVE-2025-13844,ICSA-26-015-10,Schneider Electric EcoStruxure Power Build Rapsody (Update A),5.3,CVSS:3.1/AV:L/AC:L/PR:N/UI:R/S:U/C:L/I:L/A:L,none,no,total
2026-01,CVE-2025-13845,ICSA-26-015-10,Schneider Electric EcoStruxure Power Build Rapsody (Update A),7.8,CVSS:3.1/AV:L/AC:L/PR:N/UI:R/S:U/C:H/I:H/A:H,none,no,total
2026-01,CVE-2025-1390,ICSA-26-043-06,Siemens SINEC OS,6.1,CVSS:3.1/AV:L/AC:L/PR:L/UI:N/S:U/C:L/I:H/A:N,none,no,partial
2026-01,CVE-2025-13905,ICSA-26-022-01,Schneider Electric EcoStruxure Process Expert (Update A),7.3,CVSS:3.1/AV:L/AC:L/PR:L/UI:R/S:U/C:H/I:H/A:H,none,no,total
2026-01,CVE-2025-14027,ICSA-26-029-03,Rockwell Automation ControlLogix,7.5,CVSS:3.1/AV:N/AC:L/PR:N/UI:N/S:U/C:N/I:N/A:H,none,yes,partial
2026-01,CVE-2025-14376,ICSA-26-020-03,Rockwell Automation Verve Asset Manager,7.2,CVSS:3.1/AV:L/AC:H/PR:H/UI:N/S:C/C:H/I:H/A:N,none,no,total
2026-01,CVE-2025-14377,ICSA-26-020-03,Rockwell Automation Verve Asset Manager,7.9,CVSS:3.1/AV:N/AC:H/PR:H/UI:N/S:C/C:H/I:H/A:L,none,no,total
2026-01,CVE-2025-14510,ICSA-26-120-04,ABB Ability OPTIMAX,8.1,CVSS:3.1/AV:N/AC:H/PR:N/UI:N/S:U/C:H/I:H/A:H/E:U/RL:O/RC:U,none,no,total
2026-01,CVE-2025-14750,ICSA-26-022-05,Weintek cMT X Series HMI EasyWeb Service,8.3,CVSS:3.1/AV:N/AC:L/PR:L/UI:N/S:U/C:H/I:H/A:L,none,no,total
2026-01,CVE-2025-14751,ICSA-26-022-05,Weintek cMT X Series HMI EasyWeb Service,8.3,CVSS:3.1/AV:N/AC:L/PR:L/UI:N/S:U/C:H/I:H/A:L,none,yes,total
2026-01,CVE-2025-14988,ICSA-26-027-01,iba Systems ibaPDA,9.8,CVSS:3.1/AV:N/AC:L/PR:N/UI:N/S:U/C:H/I:H/A:H,none,yes,total
2026-01,CVE-2025-25051,ICSA-26-022-02,AutomationDirect CLICK Programmable Logic Controller,6.1,CVSS:3.1/AV:L/AC:L/PR:L/UI:N/S:U/C:H/I:L/A:N,none,no,partial
2026-01,CVE-2025-26385,ICSA-26-027-04,Johnson Controls Metasys Products,10.0,CVSS:3.1/AV:N/AC:L/PR:N/UI:N/S:C/C:H/I:H/A:H,none,yes,total
2026-01,CVE-2025-26386,ICSA-26-022-04,Johnson Controls Inc. iSTAR Configuration Utility (ICU) tool,7.1,CVSS:3.1/AV:N/AC:L/PR:N/UI:R/S:U/C:N/I:L/A:H,none,no,partial
2026-01,CVE-2025-27587,ICSA-26-043-06,Siemens SINEC OS,5.3,CVSS:3.1/AV:N/AC:H/PR:L/UI:N/S:U/C:H/I:N/A:N,none,no,partial
2026-01,CVE-2025-32433,ICSA-26-043-06,Siemens SINEC OS,10.0,CVSS:3.1/AV:N/AC:L/PR:N/UI:N/S:C/C:H/I:H/A:H,active,yes,total
2026-01,CVE-2025-3360,ICSA-26-043-06,Siemens SINEC OS,3.7,CVSS:3.1/AV:N/AC:H/PR:N/UI:N/S:U/C:N/I:N/A:L,poc,no,partial
2026-01,CVE-2025-38085,ICSA-26-043-06,Siemens SINEC OS,5.5,CVSS:3.1/AV:L/AC:L/PR:L/UI:N/S:U/C:N/I:N/A:H,none,no,partial
2026-01,CVE-2025-38350,ICSA-26-043-06,Siemens SINEC OS,7.1,CVSS:3.1/AV:L/AC:L/PR:L/UI:N/S:U/C:N/I:H/A:H,none,no,total
2026-01,CVE-2025-38498,ICSA-26-043-06,Siemens SINEC OS,7.3,CVSS:3.1/AV:L/AC:L/PR:L/UI:N/S:C/C:N/I:L/A:H,none,no,partial
2026-01,CVE-2025-39841,ICSA-26-043-06,Siemens SINEC OS,7.8,CVSS:3.1/AV:L/AC:L/PR:L/UI:N/S:U/C:H/I:H/A:H,none,no,total
2026-01,CVE-2025-39864,ICSA-26-043-06,Siemens SINEC OS,7.8,CVSS:3.1/AV:L/AC:L/PR:L/UI:N/S:U/C:H/I:H/A:H,none,no,total
2026-01,CVE-2025-40805,ICSA-26-015-08,Siemens Industrial Edge Devices,10.0,CVSS:3.1/AV:N/AC:L/PR:N/UI:N/S:C/C:H/I:H/A:H,none,yes,total
2026-01,CVE-2025-40891,ICSA-26-015-07,Siemens RUGGEDCOM APE1808 Devices,4.7,CVSS:3.1/AV:N/AC:H/PR:N/UI:R/S:C/C:L/I:L/A:N,none,no,partial
2026-01,CVE-2025-40892,ICSA-26-015-07,Siemens RUGGEDCOM APE1808 Devices,8.9,CVSS:3.1/AV:N/AC:L/PR:L/UI:R/S:C/C:L/I:H/A:H,none,no,total
2026-01,CVE-2025-40893,ICSA-26-015-07,Siemens RUGGEDCOM APE1808 Devices,6.1,CVSS:3.1/AV:N/AC:L/PR:N/UI:R/S:C/C:L/I:L/A:N,none,no,partial
2026-01,CVE-2025-40898,ICSA-26-015-07,Siemens RUGGEDCOM APE1808 Devices,8.1,CVSS:3.1/AV:N/AC:L/PR:L/UI:N/S:U/C:N/I:H/A:H,none,no,total
2026-01,CVE-2025-40942,ICSA-26-015-03,Siemens TeleControl Server Basic,8.8,CVSS:3.1/AV:L/AC:L/PR:L/UI:N/S:C/C:H/I:H/A:H,none,no,total
2026-01,CVE-2025-40944,ICSA-26-015-04,Siemens SIMATIC and SIPLUS products,7.5,CVSS:3.1/AV:N/AC:L/PR:N/UI:N/S:U/C:N/I:N/A:H,none,yes,partial
2026-01,CVE-2025-4138,ICSA-26-043-06,Siemens SINEC OS,7.5,CVSS:3.1/AV:N/AC:L/PR:N/UI:N/S:U/C:H/I:N/A:N,none,yes,partial
2026-01,CVE-2025-4330,ICSA-26-043-06,Siemens SINEC OS,7.5,CVSS:3.1/AV:N/AC:L/PR:N/UI:N/S:U/C:N/I:H/A:N,none,yes,partial
2026-01,CVE-2025-4373,ICSA-26-043-06,Siemens SINEC OS,4.8,CVSS:3.1/AV:N/AC:H/PR:N/UI:N/S:U/C:N/I:L/A:L,none,no,partial
2026-01,CVE-2025-4435,ICSA-26-043-06,Siemens SINEC OS,7.5,CVSS:3.1/AV:N/AC:L/PR:N/UI:N/S:U/C:N/I:H/A:N,none,yes,partial
2026-01,CVE-2025-4516,ICSA-26-043-06,Siemens SINEC OS,5.1,CVSS:3.1/AV:L/AC:H/PR:N/UI:N/S:U/C:N/I:N/A:H,none,no,partial
2026-01,CVE-2025-4517,ICSA-26-043-06,Siemens SINEC OS,9.4,CVSS:3.1/AV:N/AC:L/PR:N/UI:N/S:U/C:H/I:H/A:L,none,yes,total
2026-01,CVE-2025-4675,ICSA-26-132-06,ABB WebPro SNMP Card PowerValue Multiple Vulnerabilities,6.5,CVSS:3.1/AV:A/AC:L/PR:N/UI:N/S:U/C:N/I:N/A:H/E:F/RL:O/RC:U,none,no,partial
2026-01,CVE-2025-4676,ICSA-26-132-06,ABB WebPro SNMP Card PowerValue Multiple Vulnerabilities,8.8,CVSS:3.1/AV:A/AC:L/PR:N/UI:R/S:C/C:H/I:H/A:H/E:F/RL:O/RC:U,none,no,total
2026-01,CVE-2025-4677,ICSA-26-132-06,ABB WebPro SNMP Card PowerValue Multiple Vulnerabilities,6.5,CVSS:3.1/AV:A/AC:L/PR:N/UI:N/S:U/C:N/I:N/A:H/E:F/RL:O/RC:U,none,no,partial
2026-01,CVE-2025-46817,ICSA-26-083-03,"""Schneider Electric Plant iT/Brewmaxx""",7,CVSS:3.1/AV:L/AC:H/PR:L/UI:N/S:U/C:H/I:H/A:H,none,no,total
2026-01,CVE-2025-46818,ICSA-26-083-03,"""Schneider Electric Plant iT/Brewmaxx""",6,CVSS:3.1/AV:L/AC:H/PR:L/UI:R/S:U/C:H/I:H/A:N,none,no,total
2026-01,CVE-2025-46819,ICSA-26-083-03,"""Schneider Electric Plant iT/Brewmaxx""",6.3,CVSS:3.1/AV:L/AC:H/PR:L/UI:N/S:U/C:H/I:N/A:H,none,no,partial
2026-01,CVE-2025-49844,ICSA-26-083-03,"""Schneider Electric Plant iT/Brewmaxx""",10,CVSS:3.1/AV:N/AC:L/PR:N/UI:N/S:C/C:H/I:H/A:H,poc,no,total
2026-01,CVE-2025-53968,ICSA-26-022-08,EVMAPA,7.5,CVSS:3.1/AV:N/AC:L/PR:N/UI:N/S:U/C:N/I:N/A:H,none,yes,partial
2026-01,CVE-2025-54816,ICSA-26-022-08,EVMAPA,9.4,CVSS:3.1/AV:N/AC:L/PR:N/UI:N/S:U/C:H/I:H/A:L,none,yes,total
2026-01,CVE-2025-55705,ICSA-26-022-08,EVMAPA,7.3,CVSS:3.1/AV:N/AC:L/PR:N/UI:N/S:U/C:L/I:L/A:L,none,yes,partial
2026-01,CVE-2025-59375,ICSA-26-043-06,Siemens SINEC OS,7.5,CVSS:3.1/AV:N/AC:L/PR:N/UI:N/S:U/C:N/I:N/A:H,none,no,partial
2026-01,CVE-2025-59448,ICSA-26-013-03,YoSmart YoLink Smart Hub,4.7,CVSS:3.1/AV:A/AC:H/PR:N/UI:N/S:C/C:L/I:L/A:N,none,no,partial
2026-01,CVE-2025-59449,ICSA-26-013-03,YoSmart YoLink Smart Hub,4.9,CVSS:3.1/AV:N/AC:H/PR:L/UI:N/S:C/C:L/I:L/A:N,none,no,partial
2026-01,CVE-2025-59451,ICSA-26-013-03,YoSmart YoLink Smart Hub,3.5,CVSS:3.1/AV:N/AC:H/PR:L/UI:N/S:C/C:N/I:L/A:N,none,no,partial
2026-01,CVE-2025-59452,ICSA-26-013-03,YoSmart YoLink Smart Hub,5.8,CVSS:3.1/AV:N/AC:L/PR:N/UI:N/S:C/C:L/I:N/A:N,none,no,partial
2026-01,CVE-2025-6141,ICSA-26-043-06,Siemens SINEC OS,3.3,CVSS:3.1/AV:L/AC:L/PR:L/UI:N/S:U/C:N/I:N/A:L,none,no,partial
2026-01,CVE-2025-61937,ICSA-26-015-01,AVEVA Process Optimization,10.0,CVSS:3.1/AV:N/AC:L/PR:N/UI:N/S:C/C:H/I:H/A:H,none,yes,total
2026-01,CVE-2025-61939,ICSA-26-006-01,Columbia Weather Systems MicroServer,8.8,CVSS:3.1/AV:N/AC:L/PR:L/UI:N/S:U/C:H/I:H/A:H,none,no,total
2026-01,CVE-2025-61943,ICSA-26-015-01,AVEVA Process Optimization,8.4,CVSS:3.1/AV:L/AC:L/PR:L/UI:N/S:C/C:H/I:H/A:N,none,no,partial
2026-01,CVE-2025-64305,ICSA-26-006-01,Columbia Weather Systems MicroServer,6.5,CVSS:3.1/AV:A/AC:L/PR:N/UI:N/S:U/C:H/I:N/A:N,none,no,partial
2026-01,CVE-2025-64691,ICSA-26-015-01,AVEVA Process Optimization,8.8,CVSS:3.1/AV:L/AC:L/PR:L/UI:N/S:C/C:H/I:H/A:H,none,no,total
2026-01,CVE-2025-64729,ICSA-26-015-01,AVEVA Process Optimization,8.1,CVSS:3.1/AV:L/AC:L/PR:L/UI:R/S:C/C:H/I:H/A:L,none,no,total
2026-01,CVE-2025-64769,ICSA-26-015-01,AVEVA Process Optimization,7.1,CVSS:3.1/AV:A/AC:H/PR:N/UI:N/S:U/C:H/I:H/A:L,none,no,total
2026-01,CVE-2025-65117,ICSA-26-015-01,AVEVA Process Optimization,7.4,CVSS:3.1/AV:L/AC:L/PR:H/UI:R/S:C/C:H/I:H/A:N,none,no,total
2026-01,CVE-2025-65118,ICSA-26-015-01,AVEVA Process Optimization,8.8,CVSS:3.1/AV:L/AC:L/PR:L/UI:N/S:C/C:H/I:H/A:H,none,no,total
2026-01,CVE-2025-66620,ICSA-26-006-01,Columbia Weather Systems MicroServer,8.0,CVSS:3.1/AV:A/AC:L/PR:L/UI:N/S:U/C:H/I:H/A:H,none,no,total
2026-01,CVE-2025-67652,ICSA-26-022-02,AutomationDirect CLICK Programmable Logic Controller,6.1,CVSS:3.1/AV:L/AC:L/PR:L/UI:N/S:U/C:H/I:L/A:N,none,no,partial
2026-01,CVE-2025-7740,ICSA-26-043-09,Hitachi Energy SuprOS,8.8,CVSS:3.1/AV:L/AC:L/PR:L/UI:N/S:C/C:H/I:H/A:H,none,no,total
2026-01,CVE-2025-9086,ICSA-26-043-06,Siemens SINEC OS,7.5,CVSS:3.1/AV:N/AC:L/PR:N/UI:N/S:U/C:N/I:N/A:H,none,no,partial
2026-01,CVE-2025-9230,ICSA-26-043-06,Siemens SINEC OS,5.6,CVSS:3.1/AV:N/AC:H/PR:N/UI:N/S:U/C:L/I:L/A:L,none,no,partial
2026-01,CVE-2025-9231,ICSA-26-043-06,Siemens SINEC OS,6.5,CVSS:3.1/AV:N/AC:L/PR:N/UI:N/S:U/C:L/I:N/A:L,none,no,partial
2026-01,CVE-2025-9232,ICSA-26-043-06,Siemens SINEC OS,5.9,CVSS:3.1/AV:N/AC:H/PR:N/UI:N/S:U/C:N/I:N/A:H,none,no,partial
2026-01,CVE-2025-9278,ICSA-26-029-02,Rockwell Automation ArmorStart LT,7.5,CVSS:3.1/AV:N/AC:L/PR:N/UI:N/S:U/C:N/I:N/A:H,none,yes,partial
2026-01,CVE-2025-9279,ICSA-26-029-02,Rockwell Automation ArmorStart LT,7.5,CVSS:3.1/AV:N/AC:L/PR:N/UI:N/S:U/C:N/I:N/A:H,none,yes,partial
2026-01,CVE-2025-9280,ICSA-26-029-02,Rockwell Automation ArmorStart LT,7.5,CVSS:3.1/AV:N/AC:L/PR:N/UI:N/S:U/C:N/I:N/A:H,none,yes,partial
2026-01,CVE-2025-9281,ICSA-26-029-02,Rockwell Automation ArmorStart LT,7.5,CVSS:3.1/AV:N/AC:L/PR:N/UI:N/S:U/C:N/I:N/A:H,none,yes,partial
2026-01,CVE-2025-9282,ICSA-26-029-02,Rockwell Automation ArmorStart LT,7.5,CVSS:3.1/AV:N/AC:L/PR:N/UI:N/S:U/C:N/I:N/A:H,none,yes,partial
2026-01,CVE-2025-9283,ICSA-26-029-02,Rockwell Automation ArmorStart LT,7.5,CVSS:3.1/AV:N/AC:L/PR:N/UI:N/S:U/C:N/I:N/A:H,none,yes,partial
2026-01,CVE-2025-9368,ICSA-26-013-01,Rockwell Automation 432ES-IG3 Series A,7.5,CVSS:3.1/AV:N/AC:L/PR:N/UI:N/S:U/C:N/I:N/A:H,none,yes,partial
2026-01,CVE-2025-9464,ICSA-26-029-02,Rockwell Automation ArmorStart LT,7.5,CVSS:3.1/AV:N/AC:L/PR:N/UI:N/S:U/C:N/I:N/A:H,none,yes,partial
2026-01,CVE-2025-9465,ICSA-26-029-02,Rockwell Automation ArmorStart LT,7.5,CVSS:3.1/AV:N/AC:L/PR:N/UI:N/S:U/C:N/I:N/A:H,none,yes,partial
2026-01,CVE-2025-9466,ICSA-26-029-02,Rockwell Automation ArmorStart LT,7.5,CVSS:3.1/AV:N/AC:L/PR:N/UI:N/S:U/C:N/I:N/A:H,none,yes,partial
2026-01,CVE-2026-0936,ICSA-26-125-02,ABB B&R PVI,5,CVSS:3.1/AV:L/AC:L/PR:L/UI:R/S:U/C:H/I:N/A:N/E:U/RL:O/RC:C,none,no,partial
2026-01,CVE-2026-0975,ICSA-26-022-07,Delta Electronics DIAView,7.8,CVSS:3.1/AV:L/AC:L/PR:N/UI:R/S:U/C:H/I:H/A:H,none,no,total
2026-01,CVE-2026-1201,ICSA-26-022-06,Hubitat Elevation Hubs,9.1,CVSS:3.1/AV:N/AC:L/PR:H/UI:N/S:C/C:H/I:H/A:H,none,yes,total
2026-01,CVE-2026-1453,ICSA-26-029-01,KiloView Encoder Series (Update A),9.8,CVSS:3.1/AV:N/AC:L/PR:N/UI:N/S:U/C:H/I:H/A:H,none,yes,total
2026-02,CVE-2019-9011,ICSA-26-076-01,CODESYS in Festo Automation Suite,5.3,CVSS:3.1/AV:N/AC:L/PR:N/UI:N/S:U/C:L/I:N/A:N,none,yes,partial
2026-02,CVE-2020-11023,ICSA-26-076-01,CODESYS in Festo Automation Suite,6.9,CVSS:3.1/AV:N/AC:H/PR:N/UI:R/S:C/C:H/I:L/A:N,active,no,partial
2026-02,CVE-2020-12067,ICSA-26-076-01,CODESYS in Festo Automation Suite,7.5,CVSS:3.1/AV:N/AC:L/PR:N/UI:N/S:U/C:N/I:H/A:N,none,yes,partial
2026-02,CVE-2020-12069,ICSA-26-076-01,CODESYS in Festo Automation Suite,7.8,CVSS:3.1/AV:L/AC:L/PR:L/UI:N/S:U/C:H/I:H/A:H,none,no,total
2026-02,CVE-2021-29241,ICSA-26-076-01,CODESYS in Festo Automation Suite,7.5,CVSS:3.1/AV:N/AC:L/PR:N/UI:N/S:U/C:N/I:N/A:H,none,yes,partial
2026-02,CVE-2021-33485,ICSA-26-076-01,CODESYS in Festo Automation Suite,9.8,CVSS:3.1/AV:N/AC:L/PR:N/UI:N/S:U/C:H/I:H/A:H,none,yes,total
2026-02,CVE-2022-22508,ICSA-26-076-01,CODESYS in Festo Automation Suite,4.3,CVSS:3.1/AV:N/AC:L/PR:L/UI:N/S:U/C:N/I:N/A:L,none,no,partial
2026-02,CVE-2022-35737,ICSA-26-141-03,ABB B&R Automation Studio,7.5,CVSS:3.1/AV:N/AC:L/PR:N/UI:N/S:U/C:N/I:N/A:H/E:P/RL:O/RC:C,poc,yes,partial
2026-02,CVE-2022-4046,ICSA-26-076-01,CODESYS in Festo Automation Suite,8.8,CVSS:3.0/AV:N/AC:L/PR:L/UI:N/S:U/C:H/I:H/A:H,none,no,total
2026-02,CVE-2022-4048,ICSA-26-076-01,CODESYS in Festo Automation Suite,7.7,CVSS:3.1/AV:L/AC:L/PR:N/UI:N/S:U/C:H/I:H/A:N,none,no,total
2026-02,CVE-2022-4224,ICSA-26-076-01,CODESYS in Festo Automation Suite,8.8,CVSS:3.1/AV:N/AC:L/PR:L/UI:N/S:U/C:H/I:H/A:H,none,no,total
2026-02,CVE-2022-47378,ICSA-26-076-01,CODESYS in Festo Automation Suite,6.5,CVSS:3.1/AV:N/AC:L/PR:L/UI:N/S:U/C:N/I:N/A:H,none,no,partial
2026-02,CVE-2022-47379,ICSA-26-076-01,CODESYS in Festo Automation Suite,8.8,CVSS:3.1/AV:N/AC:L/PR:L/UI:N/S:U/C:H/I:H/A:H,none,no,total
2026-02,CVE-2022-47380,ICSA-26-076-01,CODESYS in Festo Automation Suite,8.8,CVSS:3.1/AV:N/AC:L/PR:L/UI:N/S:U/C:H/I:H/A:H,none,no,total
2026-02,CVE-2022-47381,ICSA-26-076-01,CODESYS in Festo Automation Suite,8.8,CVSS:3.1/AV:N/AC:L/PR:L/UI:N/S:U/C:H/I:H/A:H,none,no,total
2026-02,CVE-2022-47382,ICSA-26-076-01,CODESYS in Festo Automation Suite,8.8,CVSS:3.1/AV:N/AC:L/PR:L/UI:N/S:U/C:H/I:H/A:H,none,no,total
2026-02,CVE-2022-47383,ICSA-26-076-01,CODESYS in Festo Automation Suite,8.8,CVSS:3.1/AV:N/AC:L/PR:L/UI:N/S:U/C:H/I:H/A:H,none,no,total
2026-02,CVE-2022-47384,ICSA-26-076-01,CODESYS in Festo Automation Suite,8.8,CVSS:3.1/AV:N/AC:L/PR:L/UI:N/S:U/C:H/I:H/A:H,none,no,total
2026-02,CVE-2022-47385,ICSA-26-076-01,CODESYS in Festo Automation Suite,8.8,CVSS:3.1/AV:N/AC:L/PR:L/UI:N/S:U/C:H/I:H/A:H,none,no,total
2026-02,CVE-2022-47386,ICSA-26-076-01,CODESYS in Festo Automation Suite,8.8,CVSS:3.1/AV:N/AC:L/PR:L/UI:N/S:U/C:H/I:H/A:H,none,no,total
2026-02,CVE-2022-47387,ICSA-26-076-01,CODESYS in Festo Automation Suite,8.8,CVSS:3.1/AV:N/AC:L/PR:L/UI:N/S:U/C:H/I:H/A:H,none,no,total
2026-02,CVE-2022-47388,ICSA-26-076-01,CODESYS in Festo Automation Suite,8.8,CVSS:3.1/AV:N/AC:L/PR:L/UI:N/S:U/C:H/I:H/A:H,none,no,total
2026-02,CVE-2022-47391,ICSA-26-076-01,CODESYS in Festo Automation Suite,7.5,CVSS:3.1/AV:N/AC:L/PR:N/UI:N/S:U/C:N/I:N/A:H,none,yes,partial
2026-02,CVE-2022-47392,ICSA-26-076-01,CODESYS in Festo Automation Suite,6.5,CVSS:3.1/AV:N/AC:L/PR:L/UI:N/S:U/C:N/I:N/A:H,none,no,partial
2026-02,CVE-2022-47393,ICSA-26-076-01,CODESYS in Festo Automation Suite,6.5,CVSS:3.1/AV:N/AC:L/PR:L/UI:N/S:U/C:N/I:N/A:H,none,no,partial
2026-02,CVE-2023-3662,ICSA-26-076-01,CODESYS in Festo Automation Suite,7.3,CVSS:3.1/AV:L/AC:L/PR:L/UI:R/S:U/C:H/I:H/A:H,none,no,total
2026-02,CVE-2023-3663,ICSA-26-076-01,CODESYS in Festo Automation Suite,8.8,CVSS:3.1/AV:N/AC:L/PR:N/UI:R/S:U/C:H/I:H/A:H,none,no,total
2026-02,CVE-2023-3669,ICSA-26-076-01,CODESYS in Festo Automation Suite,3.3,CVSS:3.1/AV:L/AC:L/PR:L/UI:N/S:U/C:L/I:N/A:N,none,no,partial
2026-02,CVE-2023-3670,ICSA-26-076-01,CODESYS in Festo Automation Suite,7.3,CVSS:3.1/AV:L/AC:L/PR:L/UI:R/S:U/C:H/I:H/A:H,none,no,partial
2026-02,CVE-2023-37545,ICSA-26-076-01,CODESYS in Festo Automation Suite,6.5,CVSS:3.1/AV:N/AC:L/PR:L/UI:N/S:U/C:N/I:N/A:H,none,no,partial
2026-02,CVE-2023-37546,ICSA-26-076-01,CODESYS in Festo Automation Suite,6.5,CVSS:3.1/AV:N/AC:L/PR:L/UI:N/S:U/C:N/I:N/A:H,none,no,partial
2026-02,CVE-2023-37547,ICSA-26-076-01,CODESYS in Festo Automation Suite,6.5,CVSS:3.1/AV:N/AC:L/PR:L/UI:N/S:U/C:N/I:N/A:H,none,no,partial
2026-02,CVE-2023-37548,ICSA-26-076-01,CODESYS in Festo Automation Suite,6.5,CVSS:3.1/AV:N/AC:L/PR:L/UI:N/S:U/C:N/I:N/A:H,none,no,partial
2026-02,CVE-2023-37549,ICSA-26-076-01,CODESYS in Festo Automation Suite,6.5,CVSS:3.1/AV:N/AC:L/PR:L/UI:N/S:U/C:N/I:N/A:H,none,no,partial
2026-02,CVE-2023-37550,ICSA-26-076-01,CODESYS in Festo Automation Suite,6.5,CVSS:3.1/AV:N/AC:L/PR:L/UI:N/S:U/C:N/I:N/A:H,none,no,partial
2026-02,CVE-2023-37551,ICSA-26-076-01,CODESYS in Festo Automation Suite,6.5,CVSS:3.1/AV:N/AC:L/PR:L/UI:N/S:U/C:N/I:H/A:N,none,no,partial
2026-02,CVE-2023-37552,ICSA-26-076-01,CODESYS in Festo Automation Suite,6.5,CVSS:3.1/AV:N/AC:L/PR:L/UI:N/S:U/C:N/I:N/A:H,none,no,partial
2026-02,CVE-2023-37553,ICSA-26-076-01,CODESYS in Festo Automation Suite,6.5,CVSS:3.1/AV:N/AC:L/PR:L/UI:N/S:U/C:N/I:N/A:H,none,no,partial
2026-02,CVE-2023-37554,ICSA-26-076-01,CODESYS in Festo Automation Suite,6.5,CVSS:3.1/AV:N/AC:L/PR:L/UI:N/S:U/C:N/I:N/A:H,none,no,partial
2026-02,CVE-2023-37555,ICSA-26-076-01,CODESYS in Festo Automation Suite,6.5,CVSS:3.1/AV:N/AC:L/PR:L/UI:N/S:U/C:N/I:N/A:H,none,no,partial
2026-02,CVE-2023-37556,ICSA-26-076-01,CODESYS in Festo Automation Suite,6.5,CVSS:3.1/AV:N/AC:L/PR:L/UI:N/S:U/C:N/I:N/A:H,none,no,partial
2026-02,CVE-2023-37557,ICSA-26-076-01,CODESYS in Festo Automation Suite,6.5,CVSS:3.1/AV:N/AC:L/PR:L/UI:N/S:U/C:N/I:N/A:H,none,no,partial
2026-02,CVE-2023-37558,ICSA-26-076-01,CODESYS in Festo Automation Suite,6.5,CVSS:3.1/AV:N/AC:L/PR:L/UI:N/S:U/C:N/I:N/A:H,none,no,partial
2026-02,CVE-2023-37559,ICSA-26-076-01,CODESYS in Festo Automation Suite,6.5,CVSS:3.1/AV:N/AC:L/PR:L/UI:N/S:U/C:N/I:N/A:H,none,no,partial
2026-02,CVE-2023-38545,ICSA-26-043-04,Siemens Desigo CC Product Family and SENTRON Powermanager,8.8,CVSS:3.1/AV:N/AC:L/PR:N/UI:R/S:U/C:H/I:H/A:H,poc,no,total
2026-02,CVE-2023-3935,ICSA-26-076-01,CODESYS in Festo Automation Suite,9.8,CVSS:3.1/AV:N/AC:L/PR:N/UI:N/S:U/C:H/I:H/A:H,none,yes,total
2026-02,CVE-2023-49675,ICSA-26-076-01,CODESYS in Festo Automation Suite,7.8,CVSS:3.1/AV:L/AC:L/PR:N/UI:R/S:U/C:H/I:H/A:H,none,no,total
2026-02,CVE-2023-49676,ICSA-26-076-01,CODESYS in Festo Automation Suite,5.5,CVSS:3.1/AV:L/AC:L/PR:N/UI:R/S:U/C:N/I:N/A:H,none,no,partial
2026-02,CVE-2023-7104,ICSA-26-141-03,ABB B&R Automation Studio,7.3,CVSS:3.1/AV:N/AC:L/PR:N/UI:N/S:U/C:L/I:L/A:L/E:P/RL:O/RC:C,poc,no,partial
2026-02,CVE-2024-41975,ICSA-26-132-04,ABB Automation Builder Gateway for Windows,5.3,CVSS:3.1/AV:N/AC:L/PR:N/UI:N/S:U/C:L/I:N/A:N/E:F/RL:O/RC:C,none,yes,partial
2026-02,CVE-2024-5000,ICSA-26-076-01,CODESYS in Festo Automation Suite,7.5,CVSS:3.1/AV:N/AC:L/PR:N/UI:N/S:U/C:N/I:N/A:H,none,yes,partial
2026-02,CVE-2024-8175,ICSA-26-076-01,CODESYS in Festo Automation Suite,7.5,CVSS:3.1/AV:N/AC:L/PR:N/UI:N/S:U/C:N/I:N/A:H,none,yes,partial
2026-02,CVE-2024-8176,ICSA-26-062-03,Hitachi Energy RTU500 Product,7.5,CVSS:3.1/AV:N/AC:L/PR:N/UI:N/S:U/C:N/I:N/A:H,poc,yes,partial
2026-02,CVE-2025-0694,ICSA-26-076-01,CODESYS in Festo Automation Suite,6.6,CVSS:3.1/AV:P/AC:L/PR:L/UI:N/S:U/C:H/I:H/A:H,none,no,total
2026-02,CVE-2025-0836,ICSA-26-043-07,Siemens Siveillance Video Management Servers,6.3,CVSS:3.1/AV:N/AC:L/PR:L/UI:N/S:U/C:L/I:L/A:L,none,no,partial
2026-02,CVE-2025-10314,ICSA-26-034-01,Mitsubishi Electric FREQSHIP-mini for Windows,8.8,CVSS:3.1/AV:L/AC:L/PR:L/UI:N/S:C/C:H/I:H/A:H,none,no,total
2026-02,CVE-2025-10492,ICSA-26-092-03,Hitachi Energy Ellipse,9.8,CVSS:3.1/AV:N/AC:L/PR:N/UI:N/S:U/C:H/I:H/A:H,none,no,total
2026-02,CVE-2025-1242,ICSA-26-055-03,Gardyn Home Kit (Update B),9.1,CVSS:3.1/AV:N/AC:L/PR:N/UI:N/S:U/C:H/I:H/A:N,none,yes,total
2026-02,CVE-2025-1468,ICSA-26-076-01,CODESYS in Festo Automation Suite,7.5,CVSS:3.1/AV:N/AC:L/PR:N/UI:N/S:U/C:H/I:N/A:N,none,yes,partial
2026-02,CVE-2025-15080,ICSA-26-036-02,Mitsubishi Electric MELSEC iQ-R Series,9.4,CVSS:3.1/AV:N/AC:L/PR:N/UI:N/S:U/C:L/I:H/A:H,none,yes,total
2026-02,CVE-2025-15577,ICSA-26-050-02,Valmet DNA Engineering Web Tools,8.6,CVSS:3.1/AV:N/AC:L/PR:N/UI:N/S:C/C:H/I:N/A:N,none,yes,partial
2026-02,CVE-2025-1924,ICSA-26-057-09,"Yokogawa CENTUM VP R6, R7",6.9,CVSS:3.1/AV:A/AC:H/PR:N/UI:N/S:C/C:N/I:L/A:H,none,no,partial
2026-02,CVE-2025-2595,ICSA-26-076-01,CODESYS in Festo Automation Suite,5.3,CVSS:3.1/AV:N/AC:L/PR:N/UI:N/S:U/C:L/I:N/A:N,none,yes,partial
2026-02,CVE-2025-29628,ICSA-26-055-03,Gardyn Home Kit (Update B),8.3,CVSS:3.1/AV:N/AC:L/PR:L/UI:N/S:U/C:H/I:H/A:L,poc,yes,total
2026-02,CVE-2025-29629,ICSA-26-055-03,Gardyn Home Kit (Update B),8.3,CVSS:3.1/AV:N/AC:L/PR:L/UI:N/S:U/C:H/I:H/A:L,poc,no,total
2026-02,CVE-2025-29631,ICSA-26-055-03,Gardyn Home Kit (Update B),9.1,CVSS:3.1/AV:N/AC:L/PR:N/UI:N/S:U/C:H/I:H/A:N,poc,yes,total
2026-02,CVE-2025-3277,ICSA-26-141-03,ABB B&R Automation Studio,9.8,CVSS:3.1/AV:N/AC:L/PR:N/UI:N/S:U/C:H/I:H/A:H/E:P/RL:O/RC:C,none,no,partial
2026-02,CVE-2025-34183,ICSA-26-036-04,Ilevia EVE X1 Server,9.8,CVSS:3.1/AV:N/AC:L/PR:N/UI:N/S:U/C:H/I:H/A:H,poc,yes,total
2026-02,CVE-2025-34184,ICSA-26-036-04,Ilevia EVE X1 Server,9.8,CVSS:3.1/AV:N/AC:L/PR:N/UI:N/S:U/C:H/I:H/A:H,poc,yes,total
2026-02,CVE-2025-34185,ICSA-26-036-04,Ilevia EVE X1 Server,7.5,CVSS:3.1/AV:N/AC:L/PR:N/UI:N/S:U/C:H/I:N/A:N,poc,yes,partial
2026-02,CVE-2025-34186,ICSA-26-036-04,Ilevia EVE X1 Server,9.8,CVSS:3.1/AV:N/AC:L/PR:N/UI:N/S:U/C:H/I:H/A:H,poc,yes,total
2026-02,CVE-2025-34187,ICSA-26-036-04,Ilevia EVE X1 Server,9.8,CVSS:3.1/AV:N/AC:L/PR:N/UI:N/S:U/C:H/I:H/A:H,poc,yes,total
2026-02,CVE-2025-34512,ICSA-26-036-04,Ilevia EVE X1 Server,5.4,CVSS:3.1/AV:N/AC:L/PR:N/UI:R/S:U/C:L/I:L/A:N,none,yes,partial
2026-02,CVE-2025-34513,ICSA-26-036-04,Ilevia EVE X1 Server,9.8,CVSS:3.1/AV:N/AC:L/PR:N/UI:N/S:U/C:H/I:H/A:H,poc,yes,total
2026-02,CVE-2025-34517,ICSA-26-036-04,Ilevia EVE X1 Server,7.5,CVSS:3.1/AV:N/AC:L/PR:N/UI:N/S:U/C:H/I:N/A:N,poc,yes,partial
2026-02,CVE-2025-34518,ICSA-26-036-04,Ilevia EVE X1 Server,7.5,CVSS:3.1/AV:N/AC:L/PR:N/UI:N/S:U/C:H/I:N/A:N,none,yes,partial
2026-02,CVE-2025-40587,ICSA-26-043-02,Siemens Polarion,7.6,CVSS:3.1/AV:N/AC:L/PR:L/UI:R/S:C/C:H/I:L/A:N,none,no,partial
2026-02,CVE-2025-40936,ICSA-26-043-05,Siemens Solid Edge,7.8,CVSS:3.1/AV:L/AC:L/PR:N/UI:R/S:U/C:H/I:H/A:H,none,no,total
2026-02,CVE-2025-41658,ICSA-26-076-01,CODESYS in Festo Automation Suite,5.5,CVSS:3.1/AV:L/AC:L/PR:L/UI:N/S:U/C:H/I:N/A:N,none,no,partial
2026-02,CVE-2025-41659,ICSA-26-076-01,CODESYS in Festo Automation Suite,8.3,CVSS:3.1/AV:N/AC:L/PR:L/UI:N/S:U/C:H/I:H/A:L,none,no,total
2026-02,CVE-2025-41691,ICSA-26-132-03,ABB AC500 V3 Multiple Vulnerabilities,7.5,CVSS:3.1/AV:N/AC:L/PR:N/UI:N/S:U/C:N/I:N/A:H/E:F/RL:O/RC:C,none,yes,partial
2026-02,CVE-2025-48019,ICSA-26-057-09,"Yokogawa CENTUM VP R6, R7",5.3,CVSS:3.1/AV:A/AC:H/PR:N/UI:N/S:U/C:N/I:N/A:H,none,no,partial
2026-02,CVE-2025-48020,ICSA-26-057-09,"Yokogawa CENTUM VP R6, R7",5.3,CVSS:3.1/AV:A/AC:H/PR:N/UI:N/S:U/C:N/I:N/A:H,none,no,partial
2026-02,CVE-2025-48021,ICSA-26-057-09,"Yokogawa CENTUM VP R6, R7",5.3,CVSS:3.1/AV:A/AC:H/PR:N/UI:N/S:U/C:N/I:N/A:H,none,no,partial
2026-02,CVE-2025-48022,ICSA-26-057-09,"Yokogawa CENTUM VP R6, R7",5.3,CVSS:3.1/AV:A/AC:H/PR:N/UI:N/S:U/C:N/I:N/A:H,none,no,partial
2026-02,CVE-2025-48023,ICSA-26-057-09,"Yokogawa CENTUM VP R6, R7",5.3,CVSS:3.1/AV:A/AC:H/PR:N/UI:N/S:U/C:N/I:N/A:H,none,no,partial
2026-02,CVE-2025-59375,ICSA-26-062-03,Hitachi Energy RTU500 Product,7.5,CVSS:3.1/AV:N/AC:L/PR:N/UI:N/S:U/C:N/I:N/A:H,none,no,partial
2026-02,CVE-2025-66594,ICSA-26-041-01,Yokogawa FAST/TOOLS,5.3,CVSS:3.1/AV:N/AC:L/PR:N/UI:N/S:U/C:L/I:N/A:N,none,yes,partial
2026-02,CVE-2025-66595,ICSA-26-041-01,Yokogawa FAST/TOOLS,5.3,CVSS:3.1/AV:N/AC:L/PR:N/UI:N/S:U/C:N/I:L/A:N,none,no,partial
2026-02,CVE-2025-66597,ICSA-26-041-01,Yokogawa FAST/TOOLS,8.2,CVSS:3.1/AV:N/AC:L/PR:N/UI:N/S:U/C:H/I:L/A:N,none,yes,partial
2026-02,CVE-2025-66598,ICSA-26-041-01,Yokogawa FAST/TOOLS,7.1,CVSS:3.1/AV:N/AC:L/PR:L/UI:N/S:U/C:H/I:L/A:N,none,no,partial
2026-02,CVE-2025-66599,ICSA-26-041-01,Yokogawa FAST/TOOLS,5.3,CVSS:3.1/AV:N/AC:L/PR:N/UI:N/S:U/C:L/I:N/A:N,none,yes,partial
2026-02,CVE-2025-66600,ICSA-26-041-01,Yokogawa FAST/TOOLS,8.2,CVSS:3.1/AV:N/AC:L/PR:N/UI:N/S:U/C:H/I:L/A:N,none,yes,partial
2026-02,CVE-2025-66601,ICSA-26-041-01,Yokogawa FAST/TOOLS,6.5,CVSS:3.1/AV:N/AC:L/PR:N/UI:N/S:U/C:L/I:L/A:N,none,no,partial
2026-02,CVE-2025-66602,ICSA-26-041-01,Yokogawa FAST/TOOLS,5.3,CVSS:3.1/AV:N/AC:L/PR:N/UI:N/S:U/C:L/I:N/A:N,none,yes,partial
2026-02,CVE-2025-66603,ICSA-26-041-01,Yokogawa FAST/TOOLS,3.1,CVSS:3.1/AV:N/AC:H/PR:N/UI:R/S:U/C:L/I:N/A:N,none,no,partial
2026-02,CVE-2025-66604,ICSA-26-041-01,Yokogawa FAST/TOOLS,3.1,CVSS:3.1/AV:N/AC:H/PR:N/UI:R/S:U/C:L/I:N/A:N,none,no,partial
2026-02,CVE-2025-66605,ICSA-26-041-01,Yokogawa FAST/TOOLS,3.1,CVSS:3.1/AV:N/AC:H/PR:N/UI:R/S:U/C:L/I:N/A:N,none,no,partial
2026-02,CVE-2025-66606,ICSA-26-041-01,Yokogawa FAST/TOOLS,3.4,CVSS:3.1/AV:N/AC:H/PR:N/UI:R/S:C/C:L/I:N/A:N,none,no,partial
2026-02,CVE-2025-66607,ICSA-26-041-01,Yokogawa FAST/TOOLS,3.7,CVSS:3.1/AV:N/AC:H/PR:N/UI:N/S:U/C:N/I:L/A:N,none,no,partial
2026-02,CVE-2025-66608,ICSA-26-041-01,Yokogawa FAST/TOOLS,7.5,CVSS:3.1/AV:N/AC:L/PR:N/UI:N/S:U/C:H/I:N/A:N,none,yes,partial
2026-02,CVE-2025-6965,ICSA-26-141-03,ABB B&R Automation Studio,9.8,CVSS:3.1/AV:N/AC:L/PR:N/UI:N/S:U/C:H/I:H/A:H/E:P/RL:O/RC:C,none,no,partial
2026-02,CVE-2026-0629,ICSA-26-036-01,TP-Link Systems Inc. VIGI Series IP Camera,8.8,CVSS:3.1/AV:A/AC:L/PR:N/UI:N/S:U/C:H/I:H/A:H,none,no,total
2026-02,CVE-2026-1226,ICSA-26-055-02,Schneider Electric EcoStruxure Building Operation Workstation,7.3,CVSS:3.1/AV:L/AC:L/PR:L/UI:R/S:U/C:H/I:H/A:H,none,no,total
2026-02,CVE-2026-1227,ICSA-26-055-02,Schneider Electric EcoStruxure Building Operation Workstation,7.3,CVSS:3.1/AV:L/AC:L/PR:L/UI:R/S:U/C:H/I:H/A:H,none,no,total
2026-02,CVE-2026-1241,ICSA-26-057-02,"Pelco, Inc. Sarix Pro 3 Series IP Cameras",7.5,CVSS:3.1/AV:N/AC:L/PR:N/UI:N/S:U/C:H/I:N/A:N,none,yes,partial
2026-02,CVE-2026-1301,ICSA-26-036-03,o6 Automation GmbH Open62541,5.7,CVSS:3.1/AV:N/AC:L/PR:L/UI:R/S:U/C:N/I:N/A:H,none,no,partial
2026-02,CVE-2026-1341,ICSA-26-034-02,*Avation Light Engine Pro *,9.8,CVSS:3.1/AV:N/AC:L/PR:N/UI:N/S:U/C:H/I:H/A:H,none,yes,total
2026-02,CVE-2026-1358,ICSA-26-043-10,Airleader Master,9.8,CVSS:3.1/AV:N/AC:L/PR:N/UI:N/S:U/C:H/I:H/A:H,none,yes,total
2026-02,CVE-2026-1361,ICSA-26-048-02,Delta Electronics ASDA-Soft,7.8,CVSS:3.1/AV:L/AC:L/PR:N/UI:R/S:U/C:H/I:H/A:H,none,no,total
2026-02,CVE-2026-1495,ICSA-26-041-04,AVEVA PI to CONNECT Agent,6.5,CVSS:3.1/AV:L/AC:L/PR:L/UI:N/S:C/C:H/I:N/A:N,none,no,partial
2026-02,CVE-2026-1507,ICSA-26-041-03,AVEVA PI Data Archive,7.5,CVSS:3.1/AV:N/AC:L/PR:N/UI:N/S:U/C:N/I:N/A:H,none,yes,partial
2026-02,CVE-2026-1632,ICSA-26-034-03,RISS SRL MOMA Seismic Station,9.1,CVSS:3.1/AV:N/AC:L/PR:N/UI:N/S:U/C:H/I:H/A:N,none,yes,total
2026-02,CVE-2026-1633,ICSA-26-034-04,Synectix LAN 232 TRIO,10.0,CVSS:3.1/AV:N/AC:L/PR:N/UI:N/S:C/C:H/I:H/A:H,none,yes,total
2026-02,CVE-2026-1670,ICSA-26-048-04,Honeywell HIB2PI CCTV Camera (Update B),9.8,CVSS:3.1/AV:N/AC:L/PR:N/UI:N/S:U/C:H/I:H/A:H,none,yes,total
2026-02,CVE-2026-1762,ICSA-26-048-03,GE Vernova Enervista UR Setup,7.8,CVSS:3.1/AV:L/AC:L/PR:L/UI:N/S:U/C:H/I:H/A:H,none,no,partial
2026-02,CVE-2026-1763,ICSA-26-048-03,GE Vernova Enervista UR Setup,3.3,CVSS:3.1/AV:L/AC:L/PR:L/UI:N/S:U/C:N/I:L/A:N,none,no,partial
2026-02,CVE-2026-1772,ICSA-26-062-03,Hitachi Energy RTU500 Product,4.3,CVSS:3.1/AV:N/AC:L/PR:L/UI:N/S:U/C:L/I:N/A:N,none,no,partial
2026-02,CVE-2026-1773,ICSA-26-062-03,Hitachi Energy RTU500 Product,7.5,CVSS:3.1/AV:N/AC:L/PR:N/UI:N/S:U/C:N/I:N/A:H,none,yes,partial
2026-02,CVE-2026-20733,ICSA-26-057-03,CloudCharge cloudcharge.se,6.5,CVSS:3.1/AV:N/AC:L/PR:N/UI:N/S:U/C:L/I:L/A:N,none,yes,partial
2026-02,CVE-2026-20742,ICSA-26-057-10,Copeland XWEB and XWEB Pro,8.0,CVSS:3.1/AV:N/AC:H/PR:H/UI:N/S:C/C:H/I:H/A:H,none,no,total
2026-02,CVE-2026-20761,ICSA-26-050-01,EnOcean SmartServer IoT,8.1,CVSS:3.1/AV:N/AC:H/PR:N/UI:N/S:U/C:H/I:H/A:H,none,no,total
2026-02,CVE-2026-20764,ICSA-26-057-10,Copeland XWEB and XWEB Pro,8.0,CVSS:3.1/AV:N/AC:H/PR:H/UI:N/S:C/C:H/I:H/A:H,none,no,total
2026-02,CVE-2026-20781,ICSA-26-057-03,CloudCharge cloudcharge.se,9.4,CVSS:3.1/AV:N/AC:L/PR:N/UI:N/S:U/C:H/I:H/A:L,none,yes,total
2026-02,CVE-2026-20791,ICSA-26-057-05,Chargemap chargemap.com,6.5,CVSS:3.1/AV:N/AC:L/PR:N/UI:N/S:U/C:L/I:L/A:N,none,yes,partial
2026-02,CVE-2026-20792,ICSA-26-057-05,Chargemap chargemap.com,7.5,CVSS:3.1/AV:N/AC:L/PR:N/UI:N/S:U/C:N/I:N/A:H,none,yes,partial
2026-02,CVE-2026-20797,ICSA-26-057-10,Copeland XWEB and XWEB Pro,4.3,CVSS:3.1/AV:A/AC:L/PR:N/UI:N/S:U/C:N/I:N/A:L,none,no,partial
2026-02,CVE-2026-20895,ICSA-26-057-04,EV2GO ev2go.io,7.3,CVSS:3.1/AV:N/AC:L/PR:N/UI:N/S:U/C:L/I:L/A:L,none,yes,partial
2026-02,CVE-2026-20902,ICSA-26-057-10,Copeland XWEB and XWEB Pro,8.0,CVSS:3.1/AV:N/AC:H/PR:H/UI:N/S:C/C:H/I:H/A:H,none,no,total
2026-02,CVE-2026-20910,ICSA-26-057-10,Copeland XWEB and XWEB Pro,8.0,CVSS:3.1/AV:N/AC:H/PR:H/UI:N/S:C/C:H/I:H/A:H,none,no,total
2026-02,CVE-2026-21389,ICSA-26-057-10,Copeland XWEB and XWEB Pro,8.0,CVSS:3.1/AV:N/AC:H/PR:H/UI:N/S:C/C:H/I:H/A:H,none,no,total
2026-02,CVE-2026-21410,ICSA-26-055-01,InSAT MasterSCADA BUK-TS,9.8,CVSS:3.1/AV:N/AC:L/PR:N/UI:N/S:U/C:H/I:H/A:H,none,yes,total
2026-02,CVE-2026-21654,ICSA-26-057-01,"Johnson Controls, Inc. Frick Controls Quantum HD",9.1,CVSS:3.1/AV:N/AC:L/PR:N/UI:N/S:U/C:N/I:H/A:H,none,yes,total
2026-02,CVE-2026-21656,ICSA-26-057-01,"Johnson Controls, Inc. Frick Controls Quantum HD",9.1,CVSS:3.1/AV:N/AC:L/PR:N/UI:N/S:U/C:N/I:H/A:H,none,yes,total
2026-02,CVE-2026-21657,ICSA-26-057-01,"Johnson Controls, Inc. Frick Controls Quantum HD",9.1,CVSS:3.1/AV:N/AC:L/PR:N/UI:N/S:U/C:N/I:H/A:H,none,yes,total
2026-02,CVE-2026-21658,ICSA-26-057-01,"Johnson Controls, Inc. Frick Controls Quantum HD",9.1,CVSS:3.1/AV:N/AC:L/PR:N/UI:N/S:U/C:N/I:H/A:H,none,yes,total
2026-02,CVE-2026-21659,ICSA-26-057-01,"Johnson Controls, Inc. Frick Controls Quantum HD",7.5,CVSS:3.1/AV:N/AC:L/PR:N/UI:N/S:U/C:H/I:N/A:N,none,yes,total
2026-02,CVE-2026-21660,ICSA-26-057-01,"Johnson Controls, Inc. Frick Controls Quantum HD",6.2,CVSS:3.1/AV:L/AC:L/PR:N/UI:N/S:U/C:H/I:N/A:N,none,no,partial
2026-02,CVE-2026-21718,ICSA-26-057-10,Copeland XWEB and XWEB Pro,10.0,CVSS:3.1/AV:N/AC:L/PR:N/UI:N/S:C/C:H/I:H/A:H,none,yes,total
2026-02,CVE-2026-22877,ICSA-26-057-10,Copeland XWEB and XWEB Pro,3.7,CVSS:3.1/AV:N/AC:H/PR:N/UI:N/S:U/C:L/I:N/A:N,none,no,partial
2026-02,CVE-2026-22878,ICSA-26-057-08,Mobility46 mobility46.se,6.5,CVSS:3.1/AV:N/AC:L/PR:N/UI:N/S:U/C:L/I:L/A:N,none,yes,partial
2026-02,CVE-2026-22885,ICSA-26-050-01,EnOcean SmartServer IoT,3.7,CVSS:3.1/AV:N/AC:H/PR:N/UI:N/S:U/C:L/I:N/A:N,none,no,partial
2026-02,CVE-2026-22890,ICSA-26-057-04,EV2GO ev2go.io,6.5,CVSS:3.1/AV:N/AC:L/PR:N/UI:N/S:U/C:L/I:L/A:N,none,yes,partial
2026-02,CVE-2026-22923,ICSA-26-043-08,Siemens NX,7.8,CVSS:3.1/AV:L/AC:L/PR:N/UI:R/S:U/C:H/I:H/A:H,none,no,total
2026-02,CVE-2026-23702,ICSA-26-057-10,Copeland XWEB and XWEB Pro,8.0,CVSS:3.1/AV:N/AC:H/PR:H/UI:N/S:C/C:H/I:H/A:H,none,no,total
2026-02,CVE-2026-23715,ICSA-26-048-01,Siemens Simcenter Femap and Nastran,7.8,CVSS:3.1/AV:L/AC:L/PR:N/UI:R/S:U/C:H/I:H/A:H,none,no,total
2026-02,CVE-2026-23716,ICSA-26-048-01,Siemens Simcenter Femap and Nastran,7.8,CVSS:3.1/AV:L/AC:L/PR:N/UI:R/S:U/C:H/I:H/A:H,none,no,total
2026-02,CVE-2026-23717,ICSA-26-048-01,Siemens Simcenter Femap and Nastran,7.8,CVSS:3.1/AV:L/AC:L/PR:N/UI:R/S:U/C:H/I:H/A:H,none,no,total
2026-02,CVE-2026-23718,ICSA-26-048-01,Siemens Simcenter Femap and Nastran,7.8,CVSS:3.1/AV:L/AC:L/PR:N/UI:R/S:U/C:H/I:H/A:H,none,no,total
2026-02,CVE-2026-23719,ICSA-26-048-01,Siemens Simcenter Femap and Nastran,7.8,CVSS:3.1/AV:L/AC:L/PR:N/UI:R/S:U/C:H/I:H/A:H,none,no,total
2026-02,CVE-2026-23720,ICSA-26-048-01,Siemens Simcenter Femap and Nastran,7.8,CVSS:3.1/AV:L/AC:L/PR:N/UI:R/S:U/C:H/I:H/A:H,none,no,total
2026-02,CVE-2026-24445,ICSA-26-057-07,EV Energy ev.energy,7.5,CVSS:3.1/AV:N/AC:L/PR:N/UI:N/S:U/C:N/I:N/A:H,none,yes,partial
2026-02,CVE-2026-24452,ICSA-26-057-10,Copeland XWEB and XWEB Pro,8.0,CVSS:3.1/AV:N/AC:H/PR:H/UI:N/S:C/C:H/I:H/A:H,none,no,total
2026-02,CVE-2026-24455,ICSA-26-050-03,Jinan USR IOT Technology Limited (PUSR) USR-W610,7.5,CVSS:3.1/AV:N/AC:L/PR:N/UI:N/S:U/C:H/I:N/A:N,none,yes,partial
2026-02,CVE-2026-24517,ICSA-26-057-10,Copeland XWEB and XWEB Pro,8.0,CVSS:3.1/AV:N/AC:H/PR:H/UI:N/S:C/C:H/I:H/A:H,none,no,total
2026-02,CVE-2026-2459,ICSA-26-062-02,Hitachi Energy Relion REB500 Product,6.5,CVSS:3.1/AV:N/AC:L/PR:H/UI:N/S:U/C:H/I:H/A:N,none,no,total
2026-02,CVE-2026-2460,ICSA-26-062-02,Hitachi Energy Relion REB500 Product,6.8,CVSS:3.1/AV:N/AC:H/PR:L/UI:N/S:U/C:H/I:H/A:N,none,no,total
2026-02,CVE-2026-24663,ICSA-26-057-10,Copeland XWEB and XWEB Pro,9.0,CVSS:3.1/AV:N/AC:H/PR:N/UI:N/S:C/C:H/I:H/A:H,none,no,total
2026-02,CVE-2026-24689,ICSA-26-057-10,Copeland XWEB and XWEB Pro,8.0,CVSS:3.1/AV:N/AC:H/PR:H/UI:N/S:C/C:H/I:H/A:H,none,no,total
2026-02,CVE-2026-24695,ICSA-26-057-10,Copeland XWEB and XWEB Pro,8.0,CVSS:3.1/AV:N/AC:H/PR:H/UI:N/S:C/C:H/I:H/A:H,none,no,total
2026-02,CVE-2026-24731,ICSA-26-057-04,EV2GO ev2go.io,9.4,CVSS:3.1/AV:N/AC:L/PR:N/UI:N/S:U/C:H/I:H/A:L,none,yes,total
2026-02,CVE-2026-24789,ICSA-26-041-02,ZLAN Information Technology Co. ZLAN5143D,9.8,CVSS:3.1/AV:N/AC:L/PR:N/UI:N/S:U/C:H/I:H/A:H,none,yes,total
2026-02,CVE-2026-24790,ICSA-26-050-04,Welker OdorEyes EcoSystem Pulse Bypass System with XL4 Controller,8.2,CVSS:3.1/AV:N/AC:L/PR:N/UI:N/S:U/C:N/I:H/A:L,none,yes,partial
2026-02,CVE-2026-25037,ICSA-26-057-10,Copeland XWEB and XWEB Pro,8.0,CVSS:3.1/AV:N/AC:H/PR:H/UI:N/S:C/C:H/I:H/A:H,none,no,total
2026-02,CVE-2026-25084,ICSA-26-041-02,ZLAN Information Technology Co. ZLAN5143D,9.8,CVSS:3.1/AV:N/AC:L/PR:N/UI:N/S:U/C:H/I:H/A:H,none,yes,total
2026-02,CVE-2026-25085,ICSA-26-057-10,Copeland XWEB and XWEB Pro,8.6,CVSS:3.1/AV:N/AC:L/PR:N/UI:N/S:U/C:H/I:L/A:L,none,yes,partial
2026-02,CVE-2026-25105,ICSA-26-057-10,Copeland XWEB and XWEB Pro,8.0,CVSS:3.1/AV:N/AC:H/PR:H/UI:N/S:C/C:H/I:H/A:H,none,no,total
2026-02,CVE-2026-25109,ICSA-26-057-10,Copeland XWEB and XWEB Pro,8.0,CVSS:3.1/AV:N/AC:H/PR:H/UI:N/S:C/C:H/I:H/A:H,none,no,total
2026-02,CVE-2026-25111,ICSA-26-057-10,Copeland XWEB and XWEB Pro,8.0,CVSS:3.1/AV:N/AC:H/PR:H/UI:N/S:C/C:H/I:H/A:H,none,no,total
2026-02,CVE-2026-25113,ICSA-26-057-06,SWTCH EV swtchenergy.com (Update A),7.5,CVSS:3.1/AV:N/AC:L/PR:N/UI:N/S:U/C:N/I:N/A:H,none,yes,partial
2026-02,CVE-2026-25114,ICSA-26-057-03,CloudCharge cloudcharge.se,7.5,CVSS:3.1/AV:N/AC:L/PR:N/UI:N/S:U/C:N/I:N/A:H,none,yes,partial
2026-02,CVE-2026-25195,ICSA-26-057-10,Copeland XWEB and XWEB Pro,8.0,CVSS:3.1/AV:N/AC:H/PR:H/UI:N/S:C/C:H/I:H/A:H,none,no,total
2026-02,CVE-2026-25196,ICSA-26-057-10,Copeland XWEB and XWEB Pro,8.0,CVSS:3.1/AV:N/AC:H/PR:H/UI:N/S:C/C:H/I:H/A:H,none,no,total
2026-02,CVE-2026-25655,ICSA-26-043-01,Siemens SINEC NMS,7.8,CVSS:3.1/AV:L/AC:L/PR:L/UI:N/S:U/C:H/I:H/A:H,none,no,total
2026-02,CVE-2026-25656,ICSA-26-043-01,Siemens SINEC NMS,7.8,CVSS:3.1/AV:L/AC:L/PR:L/UI:N/S:U/C:H/I:H/A:H,none,no,total
2026-02,CVE-2026-25711,ICSA-26-057-05,Chargemap chargemap.com,7.3,CVSS:3.1/AV:N/AC:L/PR:N/UI:N/S:U/C:L/I:L/A:L,none,yes,partial
2026-02,CVE-2026-25715,ICSA-26-050-03,Jinan USR IOT Technology Limited (PUSR) USR-W610,9.8,CVSS:3.1/AV:N/AC:L/PR:N/UI:N/S:U/C:H/I:H/A:H,none,yes,total
2026-02,CVE-2026-25721,ICSA-26-057-10,Copeland XWEB and XWEB Pro,8.0,CVSS:3.1/AV:N/AC:H/PR:H/UI:N/S:C/C:H/I:H/A:H,none,no,total
2026-02,CVE-2026-25774,ICSA-26-057-07,EV Energy ev.energy,6.5,CVSS:3.1/AV:N/AC:L/PR:N/UI:N/S:U/C:L/I:L/A:N,none,yes,partial
2026-02,CVE-2026-25778,ICSA-26-057-06,SWTCH EV swtchenergy.com (Update A),7.3,CVSS:3.1/AV:N/AC:L/PR:N/UI:N/S:U/C:L/I:L/A:L,none,yes,partial
2026-02,CVE-2026-25851,ICSA-26-057-05,Chargemap chargemap.com,9.4,CVSS:3.1/AV:N/AC:L/PR:N/UI:N/S:U/C:H/I:H/A:L,none,yes,total
2026-02,CVE-2026-25945,ICSA-26-057-04,EV2GO ev2go.io,7.5,CVSS:3.1/AV:N/AC:L/PR:N/UI:N/S:U/C:N/I:N/A:H,none,yes,partial
2026-02,CVE-2026-26048,ICSA-26-050-03,Jinan USR IOT Technology Limited (PUSR) USR-W610,7.5,CVSS:3.1/AV:N/AC:L/PR:N/UI:N/S:U/C:N/I:N/A:H,none,yes,partial
2026-02,CVE-2026-26049,ICSA-26-050-03,Jinan USR IOT Technology Limited (PUSR) USR-W610,5.7,CVSS:3.1/AV:N/AC:L/PR:L/UI:R/S:U/C:H/I:N/A:N,none,no,partial
2026-02,CVE-2026-26290,ICSA-26-057-07,EV Energy ev.energy,7.3,CVSS:3.1/AV:N/AC:L/PR:N/UI:N/S:U/C:L/I:L/A:L,none,yes,partial
2026-02,CVE-2026-26305,ICSA-26-057-08,Mobility46 mobility46.se,7.5,CVSS:3.1/AV:N/AC:L/PR:N/UI:N/S:U/C:N/I:N/A:H,none,yes,partial
2026-02,CVE-2026-27028,ICSA-26-057-08,Mobility46 mobility46.se,9.4,CVSS:3.1/AV:N/AC:L/PR:N/UI:N/S:U/C:H/I:H/A:L,none,yes,total
2026-02,CVE-2026-27647,ICSA-26-057-08,Mobility46 mobility46.se,7.3,CVSS:3.1/AV:N/AC:L/PR:N/UI:N/S:U/C:L/I:L/A:L,none,yes,partial
2026-02,CVE-2026-27652,ICSA-26-057-03,CloudCharge cloudcharge.se,7.3,CVSS:3.1/AV:N/AC:L/PR:N/UI:N/S:U/C:L/I:L/A:L,none,yes,partial
2026-02,CVE-2026-27767,ICSA-26-057-06,SWTCH EV swtchenergy.com (Update A),9.4,CVSS:3.1/AV:N/AC:L/PR:N/UI:N/S:U/C:H/I:H/A:L,none,yes,total
2026-02,CVE-2026-27772,ICSA-26-057-07,EV Energy ev.energy,9.4,CVSS:3.1/AV:N/AC:L/PR:N/UI:N/S:U/C:H/I:H/A:L,none,yes,total
2026-02,CVE-2026-27773,ICSA-26-057-06,SWTCH EV swtchenergy.com (Update A),6.5,CVSS:3.1/AV:N/AC:L/PR:N/UI:N/S:U/C:L/I:L/A:N,none,yes,partial
2026-02,CVE-2026-3037,ICSA-26-057-10,Copeland XWEB and XWEB Pro,8.0,CVSS:3.1/AV:N/AC:H/PR:H/UI:N/S:C/C:H/I:H/A:H,none,no,total
2026-03,CVE-2024-29857,ICSA-26-071-03,Siemens SIDIS Prime,7.5,CVSS:3.1/AV:N/AC:L/PR:N/UI:N/S:U/C:N/I:N/A:H,none,no,partial
2026-03,CVE-2024-30171,ICSA-26-071-03,Siemens SIDIS Prime,5.9,CVSS:3.1/AV:N/AC:H/PR:N/UI:N/S:U/C:H/I:N/A:N,none,no,partial
2026-03,CVE-2024-30172,ICSA-26-071-03,Siemens SIDIS Prime,7.5,CVSS:3.1/AV:N/AC:L/PR:N/UI:N/S:U/C:N/I:N/A:H,none,no,partial
2026-03,CVE-2024-41996,ICSA-26-071-03,Siemens SIDIS Prime,7.5,CVSS:3.1/AV:N/AC:L/PR:N/UI:N/S:U/C:N/I:N/A:H,none,yes,partial
2026-03,CVE-2025-11126,ICSA-26-069-01,Apeman Cameras,9.8,CVSS:3.1/AV:N/AC:L/PR:N/UI:N/S:U/C:H/I:H/A:H,none,yes,total
2026-03,CVE-2025-11739,ICSA-26-078-04,Schneider Electric EcoStruxure PME and EPO,7.8,CVSS:3.1/AV:L/AC:L/PR:L/UI:N/S:U/C:H/I:H/A:H,none,no,total
2026-03,CVE-2025-11851,ICSA-26-069-01,Apeman Cameras,3.5,CVSS:3.1/AV:N/AC:L/PR:L/UI:R/S:U/C:L/I:N/A:N,none,no,partial
2026-03,CVE-2025-11852,ICSA-26-069-01,Apeman Cameras,5.3,CVSS:3.1/AV:N/AC:L/PR:N/UI:N/S:U/C:L/I:N/A:N,poc,yes,partial
2026-03,CVE-2025-12816,ICSA-26-071-03,Siemens SIDIS Prime,8.6,CVSS:3.1/AV:N/AC:L/PR:N/UI:N/S:C/C:N/I:H/A:N,none,yes,partial
2026-03,CVE-2025-13777,ICSA-26-120-05,ABB AWIN Gateways,8.3,CVSS:3.1/AV:A/AC:L/PR:N/UI:N/S:U/C:H/I:L/A:H/E:F/RL:U/RC:C,none,no,total
2026-03,CVE-2025-13778,ICSA-26-120-05,ABB AWIN Gateways,6.5,CVSS:3.1/AV:A/AC:L/PR:N/UI:N/S:U/C:N/I:N/A:H/E:F/RL:U/RC:C,none,no,partial
2026-03,CVE-2025-13779,ICSA-26-120-05,ABB AWIN Gateways,8.3,CVSS:3.1/AV:A/AC:L/PR:N/UI:N/S:U/C:H/I:L/A:H/E:F/RL:U/RC:C,none,no,partial
2026-03,CVE-2025-13901,ICSA-26-078-01,"Schneider Electric Modicon M241, M251, and M262",5.3,CVSS:3.1/AV:N/AC:L/PR:N/UI:N/S:U/C:N/I:N/A:L,none,yes,partial
2026-03,CVE-2025-13902,ICSA-26-078-02,"Schneider Electric Modicon Controllers M241, M251, M258, and LMC058",5.4,CVSS:3.1/AV:N/AC:L/PR:L/UI:R/S:C/C:L/I:L/A:N,none,no,partial
2026-03,CVE-2025-13913,ICSA-26-071-06,Inductive Automation Ignition Software,6.3,CVSS:3.1/AV:A/AC:H/PR:H/UI:R/S:U/C:H/I:H/A:H,none,no,total
2026-03,CVE-2025-13957,ICSA-26-076-03,Schneider Electric EcoStruxure Data Center Expert,7.2,CVSS:3.1/AV:N/AC:L/PR:H/UI:N/S:U/C:H/I:H/A:H,none,no,total
2026-03,CVE-2025-15284,ICSA-26-071-03,Siemens SIDIS Prime,7.5,CVSS:3.1/AV:N/AC:L/PR:N/UI:N/S:U/C:N/I:N/A:H,none,yes,partial
2026-03,CVE-2025-15467,ICSA-26-132-05,ABB AC500 V3 Stack Buffer Overflow in Cryptographic Message Syntax,9.8,CVSS:3.1/AV:N/AC:L/PR:N/UI:N/S:U/C:H/I:H/A:H/E:U/RL:O/RC:C,poc,yes,total
2026-03,CVE-2025-2399,ICSA-26-078-05,Mitsubishi Electric CNC Series (Update A),5.9,CVSS:3.1/AV:N/AC:H/PR:N/UI:N/S:U/C:N/I:N/A:H,none,no,partial
2026-03,CVE-2025-27769,ICSA-26-071-05,Siemens Heliox EV Chargers,2.6,CVSS:3.1/AV:P/AC:L/PR:N/UI:N/S:C/C:L/I:N/A:N,none,no,partial
2026-03,CVE-2025-40943,ICSA-26-071-04,Siemens SIMATIC,9.6,CVSS:3.1/AV:N/AC:L/PR:N/UI:R/S:C/C:H/I:H/A:H,none,no,total
2026-03,CVE-2025-55018,ICSA-26-071-02,Siemens RUGGEDCOM APE1808 Devices,5.8,CVSS:3.1/AV:N/AC:L/PR:N/UI:N/S:C/C:N/I:L/A:N,none,yes,partial
2026-03,CVE-2025-57176,ICSA-26-069-04,Ceragon Siklu MultiHaul and EtherHaul Series,5.3,CVSS:3.1/AV:N/AC:L/PR:N/UI:N/S:U/C:L/I:N/A:N,none,no,partial
2026-03,CVE-2025-58751,ICSA-26-071-03,Siemens SIDIS Prime,4.3,CVSS:3.1/AV:N/AC:L/PR:N/UI:R/S:U/C:L/I:N/A:N,poc,no,partial
2026-03,CVE-2025-58752,ICSA-26-071-03,Siemens SIDIS Prime,4.3,CVSS:3.1/AV:N/AC:L/PR:N/UI:R/S:U/C:L/I:N/A:N,poc,no,partial
2026-03,CVE-2025-58754,ICSA-26-071-03,Siemens SIDIS Prime,7.5,CVSS:3.1/AV:N/AC:L/PR:N/UI:N/S:U/C:N/I:N/A:H,poc,yes,partial
2026-03,CVE-2025-62439,ICSA-26-071-02,Siemens RUGGEDCOM APE1808 Devices,4.2,CVSS:3.1/AV:L/AC:H/PR:L/UI:N/S:C/C:L/I:L/A:N,none,no,partial
2026-03,CVE-2025-62522,ICSA-26-071-03,Siemens SIDIS Prime,6.5,CVSS:3.1/AV:N/AC:L/PR:N/UI:R/S:U/C:H/I:N/A:N,poc,no,partial
2026-03,CVE-2025-64157,ICSA-26-071-02,Siemens RUGGEDCOM APE1808 Devices,6.7,CVSS:3.1/AV:L/AC:L/PR:H/UI:N/S:U/C:H/I:H/A:H,none,no,total
2026-03,CVE-2025-64718,ICSA-26-071-03,Siemens SIDIS Prime,5.3,CVSS:3.1/AV:N/AC:L/PR:N/UI:N/S:U/C:N/I:L/A:N,none,yes,partial
2026-03,CVE-2025-64756,ICSA-26-071-03,Siemens SIDIS Prime,7.5,CVSS:3.1/AV:N/AC:H/PR:L/UI:N/S:U/C:H/I:H/A:H,none,no,total
2026-03,CVE-2025-66030,ICSA-26-071-03,Siemens SIDIS Prime,5.3,CVSS:3.1/AV:N/AC:L/PR:N/UI:N/S:U/C:N/I:L/A:N,none,yes,partial
2026-03,CVE-2025-66031,ICSA-26-071-03,Siemens SIDIS Prime,7.5,CVSS:3.1/AV:N/AC:L/PR:N/UI:N/S:U/C:N/I:N/A:H,none,yes,partial
2026-03,CVE-2025-66035,ICSA-26-071-03,Siemens SIDIS Prime,8.6,CVSS:3.1/AV:N/AC:L/PR:N/UI:N/S:C/C:H/I:N/A:N,none,yes,partial
2026-03,CVE-2025-66412,ICSA-26-071-03,Siemens SIDIS Prime,8.0,CVSS:3.1/AV:N/AC:L/PR:L/UI:R/S:U/C:H/I:H/A:H,none,no,partial
2026-03,CVE-2025-67034,ICSA-26-069-02,Lantronix EDS3000PS and EDS5000 (Update A),7.2,CVSS:3.1/AV:N/AC:L/PR:H/UI:N/S:U/C:H/I:H/A:H,none,no,total
2026-03,CVE-2025-67035,ICSA-26-069-02,Lantronix EDS3000PS and EDS5000 (Update A),7.2,CVSS:3.1/AV:N/AC:L/PR:H/UI:N/S:U/C:H/I:H/A:H,none,yes,total
2026-03,CVE-2025-67036,ICSA-26-069-02,Lantronix EDS3000PS and EDS5000 (Update A),7.2,CVSS:3.1/AV:N/AC:L/PR:H/UI:N/S:U/C:H/I:H/A:H,none,no,total
2026-03,CVE-2025-67037,ICSA-26-069-02,Lantronix EDS3000PS and EDS5000 (Update A),7.2,CVSS:3.1/AV:N/AC:L/PR:H/UI:N/S:U/C:H/I:H/A:H,none,no,total
2026-03,CVE-2025-67038,ICSA-26-069-02,Lantronix EDS3000PS and EDS5000 (Update A),9.8,CVSS:3.1/AV:N/AC:L/PR:N/UI:N/S:U/C:H/I:H/A:H,active,yes,total
2026-03,CVE-2025-67039,ICSA-26-069-02,Lantronix EDS3000PS and EDS5000 (Update A),9.8,CVSS:3.1/AV:N/AC:L/PR:N/UI:N/S:U/C:H/I:H/A:H,none,yes,total
2026-03,CVE-2025-67041,ICSA-26-069-02,Lantronix EDS3000PS and EDS5000 (Update A),7.2,CVSS:3.1/AV:N/AC:L/PR:H/UI:N/S:U/C:H/I:H/A:H,none,yes,total
2026-03,CVE-2025-69277,ICSA-26-071-03,Siemens SIDIS Prime,4.5,CVSS:3.1/AV:L/AC:H/PR:N/UI:N/S:C/C:L/I:L/A:N,none,no,partial
2026-03,CVE-2025-6965,ICSA-26-071-03,Siemens SIDIS Prime,7.7,CVSS:3.1/AV:N/AC:H/PR:L/UI:N/S:C/C:L/I:H/A:L,none,no,partial
2026-03,CVE-2025-70082,ICSA-26-069-02,Lantronix EDS3000PS and EDS5000 (Update A),2.7,CVSS:3.1/AV:N/AC:L/PR:H/UI:N/S:U/C:N/I:L/A:N,none,yes,total
2026-03,CVE-2025-70614,ICSA-26-085-02,OC Messaging and Custom Messaging Gateway,8.1,CVSS:3.1/AV:N/AC:L/PR:L/UI:N/S:U/C:H/I:H/A:N,none,no,total
2026-03,CVE-2025-7783,ICSA-26-071-03,Siemens SIDIS Prime,8.7,CVSS:3.1/AV:N/AC:H/PR:N/UI:N/S:C/C:H/I:H/A:N,poc,no,total
2026-03,CVE-2025-9230,ICSA-26-071-03,Siemens SIDIS Prime,5.6,CVSS:3.1/AV:N/AC:H/PR:N/UI:N/S:U/C:L/I:L/A:L,none,no,partial
2026-03,CVE-2025-9232,ICSA-26-071-03,Siemens SIDIS Prime,5.9,CVSS:3.1/AV:N/AC:H/PR:N/UI:N/S:U/C:N/I:N/A:H,none,no,partial
2026-03,CVE-2025-9670,ICSA-26-071-03,Siemens SIDIS Prime,5.3,CVSS:3.1/AV:N/AC:L/PR:N/UI:N/S:U/C:N/I:N/A:L,poc,yes,partial
2026-03,CVE-2026-1286,ICSA-26-083-02,Schneider Electric EcoStruxure Foxboro DCS,6.5,CVSS:3.1/AV:L/AC:L/PR:H/UI:R/S:U/C:H/I:H/A:H,none,no,total
2026-03,CVE-2026-1775,ICSA-26-062-05,Labkotec LID-3300IP,9.4,CVSS:3.1/AV:N/AC:L/PR:N/UI:N/S:U/C:L/I:H/A:H,none,no,total
2026-03,CVE-2026-1874,ICSA-26-062-01,Mitsubishi Electric MELSEC iQ-F Series EtherNet/IP module and Ethernet Module (Update A),7.5,CVSS:3.1/AV:N/AC:L/PR:N/UI:N/S:U/C:N/I:N/A:H,none,yes,partial
2026-03,CVE-2026-1875,ICSA-26-062-01,Mitsubishi Electric MELSEC iQ-F Series EtherNet/IP module and Ethernet Module (Update A),7.5,CVSS:3.1/AV:N/AC:L/PR:N/UI:N/S:U/C:N/I:N/A:H,none,yes,partial
2026-03,CVE-2026-1876,ICSA-26-062-01,Mitsubishi Electric MELSEC iQ-F Series EtherNet/IP module and Ethernet Module (Update A),7.5,CVSS:3.1/AV:N/AC:L/PR:N/UI:N/S:U/C:N/I:N/A:H,none,yes,partial
2026-03,CVE-2026-20748,ICSA-26-062-08,Everon OCPP Backends,7.3,CVSS:3.1/AV:N/AC:L/PR:N/UI:N/S:U/C:L/I:L/A:L,none,yes,partial
2026-03,CVE-2026-20882,ICSA-26-062-06,Mobiliti e-mobi.hu,7.5,CVSS:3.1/AV:N/AC:L/PR:N/UI:N/S:U/C:N/I:N/A:H,none,yes,partial
2026-03,CVE-2026-22552,ICSA-26-062-07,ePower epower.ie,9.4,CVSS:3.1/AV:N/AC:L/PR:N/UI:N/S:U/C:H/I:H/A:L,none,yes,total
2026-03,CVE-2026-22610,ICSA-26-071-03,Siemens SIDIS Prime,8.0,CVSS:3.1/AV:N/AC:L/PR:L/UI:R/S:U/C:H/I:H/A:H,none,no,total
2026-03,CVE-2026-2273,ICSA-26-078-03,Schneider Electric EcoStruxure Automation Expert,8.2,CVSS:3.1/AV:L/AC:L/PR:L/UI:R/S:C/C:H/I:H/A:H,none,no,total
2026-03,CVE-2026-24060,ICSA-26-078-08,Automated Logic WebCTRL Premium Server,9.1,CVSS:3.1/AV:N/AC:L/PR:N/UI:N/S:U/C:H/I:H/A:N,none,yes,total
2026-03,CVE-2026-2417,ICSA-26-083-01,Pharos Controls Mosaic Show Controller,9.8,CVSS:3.1/AV:N/AC:L/PR:N/UI:N/S:U/C:H/I:H/A:H,none,yes,total
2026-03,CVE-2026-24696,ICSA-26-062-08,Everon OCPP Backends,7.5,CVSS:3.1/AV:N/AC:L/PR:N/UI:N/S:U/C:N/I:N/A:H,none,yes,partial
2026-03,CVE-2026-24858,ICSA-26-071-02,Siemens RUGGEDCOM APE1808 Devices,9.8,CVSS:3.1/AV:N/AC:L/PR:N/UI:N/S:U/C:H/I:H/A:H,active,yes,total
2026-03,CVE-2026-24912,ICSA-26-062-07,ePower epower.ie,7.3,CVSS:3.1/AV:N/AC:L/PR:N/UI:N/S:U/C:L/I:L/A:L,none,yes,partial
2026-03,CVE-2026-25086,ICSA-26-078-08,Automated Logic WebCTRL Premium Server,7.7,CVSS:3.1/AV:L/AC:L/PR:N/UI:N/S:U/C:H/I:H/A:N,none,no,total
2026-03,CVE-2026-25192,ICSA-26-078-06,CTEK Chargeportal,9.4,CVSS:3.1/AV:N/AC:L/PR:N/UI:N/S:U/C:H/I:H/A:L,none,yes,total
2026-03,CVE-2026-25569,ICSA-26-076-04,Siemens SICAM SIAPP SDK,7.4,CVSS:3.1/AV:L/AC:H/PR:N/UI:N/S:U/C:H/I:H/A:H,none,no,total
2026-03,CVE-2026-25570,ICSA-26-076-04,Siemens SICAM SIAPP SDK,7.4,CVSS:3.1/AV:L/AC:H/PR:N/UI:N/S:U/C:H/I:H/A:H,none,no,total
2026-03,CVE-2026-25571,ICSA-26-076-04,Siemens SICAM SIAPP SDK,5.1,CVSS:3.1/AV:L/AC:H/PR:N/UI:N/S:U/C:N/I:N/A:H,none,no,partial
2026-03,CVE-2026-25572,ICSA-26-076-04,Siemens SICAM SIAPP SDK,5.1,CVSS:3.1/AV:L/AC:H/PR:N/UI:N/S:U/C:N/I:N/A:H,none,no,partial
2026-03,CVE-2026-25573,ICSA-26-076-04,Siemens SICAM SIAPP SDK,7.4,CVSS:3.1/AV:L/AC:H/PR:N/UI:N/S:U/C:H/I:H/A:H,none,no,total
2026-03,CVE-2026-25605,ICSA-26-076-04,Siemens SICAM SIAPP SDK,6.7,CVSS:3.1/AV:L/AC:H/PR:N/UI:N/S:U/C:N/I:H/A:H,none,no,partial
2026-03,CVE-2026-26051,ICSA-26-062-06,Mobiliti e-mobi.hu,9.4,CVSS:3.1/AV:N/AC:L/PR:N/UI:N/S:U/C:H/I:H/A:L,none,yes,total
2026-03,CVE-2026-26288,ICSA-26-062-08,Everon OCPP Backends,9.4,CVSS:3.1/AV:N/AC:L/PR:N/UI:N/S:U/C:H/I:H/A:L,none,yes,total
2026-03,CVE-2026-27027,ICSA-26-062-08,Everon OCPP Backends,6.5,CVSS:3.1/AV:N/AC:L/PR:N/UI:N/S:U/C:L/I:L/A:N,none,yes,partial
2026-03,CVE-2026-27649,ICSA-26-078-06,CTEK Chargeportal,7.3,CVSS:3.1/AV:N/AC:L/PR:N/UI:N/S:U/C:L/I:L/A:L,none,yes,partial
2026-03,CVE-2026-27663,ICSA-26-092-01,Siemens SICAM 8 Products,6.5,CVSS:3.1/AV:A/AC:L/PR:N/UI:N/S:U/C:N/I:N/A:H,none,no,partial
2026-03,CVE-2026-27664,ICSA-26-092-01,Siemens SICAM 8 Products,7.5,CVSS:3.1/AV:N/AC:L/PR:N/UI:N/S:U/C:N/I:N/A:H,none,yes,partial
2026-03,CVE-2026-27764,ICSA-26-062-06,Mobiliti e-mobi.hu,7.3,CVSS:3.1/AV:N/AC:L/PR:N/UI:N/S:U/C:L/I:L/A:L,none,yes,partial
2026-03,CVE-2026-27770,ICSA-26-062-07,ePower epower.ie,6.5,CVSS:3.1/AV:N/AC:L/PR:N/UI:N/S:U/C:L/I:L/A:N,none,yes,partial
2026-03,CVE-2026-27777,ICSA-26-062-06,Mobiliti e-mobi.hu,6.5,CVSS:3.1/AV:N/AC:L/PR:N/UI:N/S:U/C:L/I:L/A:N,none,yes,partial
2026-03,CVE-2026-27778,ICSA-26-062-07,ePower epower.ie,7.5,CVSS:3.1/AV:N/AC:L/PR:N/UI:N/S:U/C:N/I:N/A:H,none,yes,partial
2026-03,CVE-2026-28204,ICSA-26-078-06,CTEK Chargeportal,6.5,CVSS:3.1/AV:N/AC:L/PR:N/UI:N/S:U/C:L/I:L/A:N,none,yes,partial
2026-03,CVE-2026-28252,ICSA-26-071-01,"Trane Tracer SC, Tracer SC+, and Tracer Concierge",8.1,CVSS:3.0/AV:N/AC:H/PR:N/UI:N/S:U/C:H/I:H/A:H,none,no,total
2026-03,CVE-2026-28253,ICSA-26-071-01,"Trane Tracer SC, Tracer SC+, and Tracer Concierge",7.5,CVSS:3.0/AV:N/AC:L/PR:N/UI:N/S:U/C:N/I:N/A:H,none,yes,partial
2026-03,CVE-2026-28254,ICSA-26-071-01,"Trane Tracer SC, Tracer SC+, and Tracer Concierge",5.8,CVSS:3.0/AV:N/AC:L/PR:N/UI:N/S:C/C:L/I:N/A:N,none,yes,partial
2026-03,CVE-2026-28255,ICSA-26-071-01,"Trane Tracer SC, Tracer SC+, and Tracer Concierge",6.8,CVSS:3.1/AV:N/AC:L/PR:H/UI:N/S:C/C:H/I:N/A:N,none,no,partial
2026-03,CVE-2026-28256,ICSA-26-071-01,"Trane Tracer SC, Tracer SC+, and Tracer Concierge",5.8,CVSS:3.1/AV:N/AC:H/PR:H/UI:N/S:C/C:H/I:N/A:N,none,no,partial
2026-03,CVE-2026-29796,ICSA-26-078-07,IGL-Technologies eParking.fi,9.4,CVSS:3.1/AV:N/AC:L/PR:N/UI:N/S:U/C:H/I:H/A:L,none,yes,partial
2026-03,CVE-2026-3094,ICSA-26-064-01,Delta Electronics CNCSoft-G2,7.8,CVSS:3.1/AV:L/AC:L/PR:N/UI:R/S:U/C:H/I:H/A:H,none,no,total
2026-03,CVE-2026-31904,ICSA-26-078-06,CTEK Chargeportal,7.5,CVSS:3.1/AV:N/AC:L/PR:N/UI:N/S:U/C:N/I:N/A:H,none,yes,partial
2026-03,CVE-2026-3437,ICSA-26-062-04,Portwell Engineering Toolkits,8.8,CVSS:3.1/AV:L/AC:L/PR:L/UI:N/S:C/C:H/I:H/A:H,none,no,total
2026-03,CVE-2026-3587,ICSA-26-085-01,WAGO GmbH & Co. KG Industrial Managed Switches,10,CVSS:3.1/AV:N/AC:L/PR:N/UI:N/S:C/C:H/I:H/A:H,none,yes,total
2026-03,CVE-2026-3611,ICSA-26-069-03,Honeywell IQ4 Series BMS Controller (Update A),9.8,CVSS:3.1/AV:N/AC:L/PR:N/UI:N/S:U/C:H/I:H/A:H,none,yes,total
2026-03,CVE-2026-4681,ICSA-26-085-03,PTC Windchill Product Lifecycle Management,10.0,CVSS:3.1/AV:N/AC:L/PR:N/UI:N/S:C/C:H/I:H/A:H,none,yes,total
2026-04,CVE-2020-26146,ICSA-26-111-07,Siemens SCALANCE,5.3,CVSS:3.1/AV:A/AC:H/PR:N/UI:N/S:U/C:N/I:H/A:N,none,no,partial
2026-04,CVE-2021-3712,ICSA-26-111-07,Siemens SCALANCE,7.4,CVSS:3.1/AV:N/AC:H/PR:N/UI:N/S:U/C:H/I:N/A:H,none,no,partial
2026-04,CVE-2022-0778,ICSA-26-111-07,Siemens SCALANCE,7.5,CVSS:3.1/AV:N/AC:L/PR:N/UI:N/S:U/C:N/I:N/A:H,none,yes,partial
2026-04,CVE-2022-31765,ICSA-26-111-07,Siemens SCALANCE,8.8,CVSS:3.1/AV:N/AC:L/PR:L/UI:N/S:U/C:H/I:H/A:H/E:P/RL:O/RC:C,none,no,total
2026-04,CVE-2022-36323,ICSA-26-111-07,Siemens SCALANCE,9.1,CVSS:3.1/AV:N/AC:L/PR:H/UI:N/S:C/C:H/I:H/A:H/E:P/RL:O/RC:C,none,no,total
2026-04,CVE-2022-36324,ICSA-26-111-07,Siemens SCALANCE,7.5,CVSS:3.1/AV:N/AC:L/PR:N/UI:N/S:U/C:N/I:N/A:H/E:P/RL:O/RC:C,none,yes,partial
2026-04,CVE-2022-36325,ICSA-26-111-07,Siemens SCALANCE,6.8,CVSS:3.1/AV:N/AC:L/PR:H/UI:R/S:U/C:H/I:H/A:H/E:P/RL:O/RC:C,none,no,total
2026-04,CVE-2023-39417,ICSA-26-120-06,ABB Ability Symphony Plus Engineering,7.5,CVSS:3.1/AV:N/AC:H/PR:L/UI:N/S:U/C:H/I:H/A:H/E:F/RL:U/RC:C,none,no,total
2026-04,CVE-2024-0985,ICSA-26-120-06,ABB Ability Symphony Plus Engineering,8,CVSS:3.1/AV:N/AC:L/PR:L/UI:R/S:U/C:H/I:H/A:H/E:F/RL:U/RC:C,none,no,total
2026-04,CVE-2024-24487,ICSA-26-111-10,Silex Technology SD-330AC and AMC Manager,6.8,CVSS:3.1/AV:N/AC:L/PR:L/UI:R/S:U/C:L/I:L/A:H,none,no,partial
2026-04,CVE-2024-3596,ICSA-26-160-01,Schneider Electric Modicon Network Managed Switches,9,CVSS:3.1/AV:N/AC:H/PR:N/UI:N/S:C/C:H/I:H/A:H,none,no,total
2026-04,CVE-2024-7348,ICSA-26-120-06,ABB Ability Symphony Plus Engineering,8.8,CVSS:3.1/AV:N/AC:L/PR:L/UI:N/S:U/C:H/I:H/A:H/E:F/RL:U/RC:C,none,no,total
2026-04,CVE-2025-10371,ICSA-26-111-05,Hardy Barth Salia EV Charge Controller (Update A),7.3,CVSS:3.1/AV:N/AC:L/PR:N/UI:N/S:U/C:L/I:L/A:L,poc,no,partial
2026-04,CVE-2025-13926,ICSA-26-099-01,Contemporary Controls BASC 20T,9.8,CVSS:3.1/AV:N/AC:L/PR:N/UI:N/S:U/C:H/I:H/A:H,none,yes,total
2026-04,CVE-2025-14815,ICSA-26-097-01,Mitsubishi Electric GENESIS64 and ICONICS Suite products,8.8,CVSS:3.1/AV:L/AC:L/PR:L/UI:N/S:C/C:H/I:H/A:H,none,no,total
2026-04,CVE-2025-14816,ICSA-26-097-01,Mitsubishi Electric GENESIS64 and ICONICS Suite products,8.8,CVSS:3.1/AV:L/AC:L/PR:L/UI:N/S:C/C:H/I:H/A:H,none,no,total
2026-04,CVE-2025-2884,ICSA-26-111-01,Siemens TPM 2.0,6.6,CVSS:3.1/AV:L/AC:L/PR:L/UI:R/S:U/C:H/I:N/A:H,none,no,partial
2026-04,CVE-2025-3756,ICSA-26-120-01,"ABB System 800xA, Symphony Plus IEC 61850",6.5,CVSS:3.1/AV:A/AC:L/PR:N/UI:N/S:U/C:N/I:N/A:H,none,no,partial
2026-04,CVE-2025-40745,ICSA-26-111-04,Siemens Analytics Toolkit,3.7,CVSS:3.1/AV:N/AC:H/PR:N/UI:N/S:U/C:L/I:N/A:N,none,no,partial
2026-04,CVE-2025-5873,ICSA-26-111-05,Hardy Barth Salia EV Charge Controller (Update A),6.3,CVSS:3.1/AV:N/AC:L/PR:L/UI:N/S:U/C:L/I:L/A:L,poc,no,partial
2026-04,CVE-2025-65856,ICSA-26-113-05,"Hangzhou Xiongmai Technology Co., Ltd XM530 IP Camera",9.8,CVSS:3.1/AV:N/AC:L/PR:N/UI:N/S:U/C:H/I:H/A:H,poc,yes,total
2026-04,CVE-2025-6965,ICSA-26-111-08,Siemens RUGGEDCOM CROSSBOW Station Access Controller (SAC),7.7,CVSS:3.1/AV:N/AC:H/PR:L/UI:N/S:C/C:L/I:H/A:L,none,no,partial
2026-04,CVE-2025-70994,ICSA-26-113-01,Yadea T5 Electric Bicycle,7.3,CVSS:3.1/AV:A/AC:L/PR:N/UI:R/S:U/C:N/I:H/A:H,poc,no,total
2026-04,CVE-2025-7741,ICSA-26-092-02,Yokogawa CENTUM VP,4.0,CVSS:3.1/AV:L/AC:H/PR:N/UI:N/S:U/C:L/I:L/A:N,none,no,partial
2026-04,CVE-2026-1354,ICSA-26-111-06,Zero Motorcycles Firmware (Update A),6.4,CVSS:3.1/AV:A/AC:H/PR:N/UI:R/S:U/C:N/I:H/A:H,none,no,partial
2026-04,CVE-2026-20766,ICSA-26-113-03,Milesight Cameras,8.8,CVSS:3.1/AV:N/AC:L/PR:N/UI:R/S:U/C:H/I:H/A:H,none,no,total
2026-04,CVE-2026-2399,ICSA-26-190-02,Schneider Electric PowerChute Serial Shutdown,6.1,CVSS:3.1/AV:A/AC:L/PR:H/UI:N/S:U/C:N/I:H/A:H,none,no,total
2026-04,CVE-2026-2400,ICSA-26-190-02,Schneider Electric PowerChute Serial Shutdown,4.3,CVSS:3.1/AV:N/AC:L/PR:L/UI:N/S:U/C:N/I:N/A:L,none,no,partial
2026-04,CVE-2026-2401,ICSA-26-190-02,Schneider Electric PowerChute Serial Shutdown,2.8,CVSS:3.1/AV:L/AC:L/PR:L/UI:R/S:U/C:L/I:N/A:N,none,no,partial
2026-04,CVE-2026-2402,ICSA-26-190-02,Schneider Electric PowerChute Serial Shutdown,5.3,CVSS:3.1/AV:N/AC:L/PR:N/UI:N/S:U/C:N/I:N/A:L,none,yes,partial
2026-04,CVE-2026-2403,ICSA-26-190-02,Schneider Electric PowerChute Serial Shutdown,4.3,CVSS:3.1/AV:N/AC:L/PR:L/UI:N/S:U/C:N/I:L/A:N,none,no,partial
2026-04,CVE-2026-24032,ICSA-26-111-03,Siemens SINEC NMS,7.3,CVSS:3.1/AV:N/AC:L/PR:N/UI:N/S:U/C:L/I:L/A:L,none,yes,partial
2026-04,CVE-2026-2404,ICSA-26-190-02,Schneider Electric PowerChute Serial Shutdown,5.3,CVSS:3.1/AV:N/AC:L/PR:N/UI:N/S:U/C:N/I:L/A:N,none,yes,partial
2026-04,CVE-2026-2405,ICSA-26-190-02,Schneider Electric PowerChute Serial Shutdown,4.3,CVSS:3.1/AV:N/AC:L/PR:L/UI:N/S:U/C:N/I:N/A:L,none,no,partial
2026-04,CVE-2026-25654,ICSA-26-111-09,Siemens SINEC NMS,8.8,CVSS:3.1/AV:N/AC:L/PR:L/UI:N/S:U/C:H/I:H/A:H,none,no,total
2026-04,CVE-2026-25720,ICSA-26-111-12,SenseLive X3050,5.4,CVSS:3.1/AV:N/AC:L/PR:L/UI:N/S:U/C:L/I:L/A:N,none,no,partial
2026-04,CVE-2026-25775,ICSA-26-111-12,SenseLive X3050,9.8,CVSS:3.1/AV:N/AC:L/PR:N/UI:N/S:U/C:H/I:H/A:H,none,yes,total
2026-04,CVE-2026-27668,ICSA-26-111-02,Siemens RUGGEDCOM CROSSBOW Secure Access Manager Primary,8.8,CVSS:3.1/AV:N/AC:L/PR:L/UI:N/S:U/C:H/I:H/A:H,none,no,total
2026-04,CVE-2026-27841,ICSA-26-111-12,SenseLive X3050,8.1,CVSS:3.1/AV:N/AC:L/PR:N/UI:R/S:U/C:N/I:H/A:H,none,no,partial
2026-04,CVE-2026-27843,ICSA-26-111-12,SenseLive X3050,9.1,CVSS:3.1/AV:N/AC:L/PR:N/UI:N/S:U/C:N/I:H/A:H,none,yes,total
2026-04,CVE-2026-28747,ICSA-26-113-03,Milesight Cameras,7.1,CVSS:3.1/AV:A/AC:H/PR:N/UI:R/S:U/C:H/I:H/A:H,none,no,total
2026-04,CVE-2026-31927,ICSA-26-106-03,Anviz Multiple Products,4.9,CVSS:3.1/AV:N/AC:L/PR:H/UI:N/S:U/C:N/I:H/A:N,none,no,partial
2026-04,CVE-2026-32324,ICSA-26-106-03,Anviz Multiple Products,7.7,CVSS:3.1/AV:L/AC:L/PR:N/UI:N/S:U/C:H/I:H/A:N,none,no,partial
2026-04,CVE-2026-32644,ICSA-26-113-03,Milesight Cameras,9.8,CVSS:3.1/AV:N/AC:L/PR:N/UI:N/S:U/C:H/I:H/A:H,none,yes,total
2026-04,CVE-2026-32648,ICSA-26-106-03,Anviz Multiple Products,5.3,CVSS:3.1/AV:N/AC:L/PR:N/UI:N/S:U/C:L/I:N/A:N,none,yes,partial
2026-04,CVE-2026-32649,ICSA-26-113-03,Milesight Cameras,6.8,CVSS:3.1/AV:N/AC:L/PR:H/UI:R/S:U/C:H/I:H/A:H,none,no,total
2026-04,CVE-2026-32650,ICSA-26-106-03,Anviz Multiple Products,7.5,CVSS:3.1/AV:N/AC:L/PR:N/UI:N/S:U/C:H/I:N/A:N,none,yes,partial
2026-04,CVE-2026-32955,ICSA-26-111-10,Silex Technology SD-330AC and AMC Manager,8.8,CVSS:3.1/AV:N/AC:L/PR:L/UI:N/S:U/C:H/I:H/A:H,none,no,total
2026-04,CVE-2026-32956,ICSA-26-111-10,Silex Technology SD-330AC and AMC Manager,9.8,CVSS:3.1/AV:N/AC:L/PR:N/UI:N/S:U/C:H/I:H/A:H,none,yes,total
2026-04,CVE-2026-32957,ICSA-26-111-10,Silex Technology SD-330AC and AMC Manager,5.3,CVSS:3.1/AV:N/AC:L/PR:N/UI:N/S:U/C:N/I:L/A:N,none,yes,partial
2026-04,CVE-2026-32958,ICSA-26-111-10,Silex Technology SD-330AC and AMC Manager,6.5,CVSS:3.1/AV:N/AC:L/PR:N/UI:R/S:U/C:N/I:H/A:N,none,no,partial
2026-04,CVE-2026-32959,ICSA-26-111-10,Silex Technology SD-330AC and AMC Manager,5.9,CVSS:3.1/AV:N/AC:H/PR:N/UI:N/S:U/C:H/I:N/A:N,none,no,partial
2026-04,CVE-2026-32960,ICSA-26-111-10,Silex Technology SD-330AC and AMC Manager,6.5,CVSS:3.1/AV:N/AC:L/PR:N/UI:R/S:U/C:N/I:H/A:N,none,no,partial
2026-04,CVE-2026-32961,ICSA-26-111-10,Silex Technology SD-330AC and AMC Manager,5.3,CVSS:3.1/AV:N/AC:L/PR:N/UI:N/S:U/C:N/I:N/A:L,none,yes,partial
2026-04,CVE-2026-32962,ICSA-26-111-10,Silex Technology SD-330AC and AMC Manager,5.3,CVSS:3.1/AV:N/AC:L/PR:N/UI:N/S:U/C:N/I:L/A:N,none,yes,partial
2026-04,CVE-2026-32963,ICSA-26-111-10,Silex Technology SD-330AC and AMC Manager,6.1,CVSS:3.1/AV:N/AC:L/PR:N/UI:R/S:C/C:L/I:L/A:N,none,no,partial
2026-04,CVE-2026-32964,ICSA-26-111-10,Silex Technology SD-330AC and AMC Manager,6.5,CVSS:3.1/AV:N/AC:L/PR:N/UI:N/S:U/C:N/I:L/A:L,none,yes,partial
2026-04,CVE-2026-32965,ICSA-26-111-10,Silex Technology SD-330AC and AMC Manager,7.5,CVSS:3.1/AV:N/AC:L/PR:N/UI:N/S:U/C:N/I:H/A:N,none,yes,partial
2026-04,CVE-2026-33093,ICSA-26-106-03,Anviz Multiple Products,5.3,CVSS:3.1/AV:N/AC:L/PR:N/UI:N/S:U/C:L/I:N/A:N,none,yes,partial
2026-04,CVE-2026-33569,ICSA-26-106-03,Anviz Multiple Products,6.5,CVSS:3.1/AV:N/AC:L/PR:N/UI:R/S:U/C:H/I:N/A:N,none,no,partial
2026-04,CVE-2026-33892,ICSA-26-111-11,Siemens Industrial Edge Management,7.1,CVSS:3.1/AV:N/AC:L/PR:N/UI:R/S:C/C:L/I:L/A:L,none,no,partial
2026-04,CVE-2026-35061,ICSA-26-106-03,Anviz Multiple Products,5.3,CVSS:3.1/AV:N/AC:L/PR:N/UI:N/S:U/C:L/I:N/A:N,none,yes,partial
2026-04,CVE-2026-35064,ICSA-26-111-12,SenseLive X3050,7.5,CVSS:3.1/AV:N/AC:L/PR:N/UI:N/S:U/C:H/I:N/A:N,none,yes,partial
2026-04,CVE-2026-35503,ICSA-26-111-12,SenseLive X3050,9.8,CVSS:3.1/AV:N/AC:L/PR:N/UI:N/S:U/C:H/I:H/A:H,none,yes,total
2026-04,CVE-2026-35546,ICSA-26-106-03,Anviz Multiple Products,9.8,CVSS:3.1/AV:N/AC:L/PR:N/UI:N/S:U/C:H/I:H/A:H,none,yes,total
2026-04,CVE-2026-35682,ICSA-26-106-03,Anviz Multiple Products,8.8,CVSS:3.1/AV:N/AC:L/PR:L/UI:N/S:U/C:H/I:H/A:H,none,no,total
2026-04,CVE-2026-3893,ICSA-26-113-02,Carlson Software VASCO-B GNSS Receiver,9.4,CVSS:3.1/AV:N/AC:L/PR:N/UI:N/S:U/C:L/I:H/A:H,none,yes,partial
2026-04,CVE-2026-39462,ICSA-26-111-12,SenseLive X3050,8.1,CVSS:3.1/AV:N/AC:H/PR:N/UI:N/S:U/C:H/I:H/A:H,none,no,total
2026-04,CVE-2026-40066,ICSA-26-106-03,Anviz Multiple Products,8.8,CVSS:3.1/AV:N/AC:L/PR:L/UI:N/S:U/C:H/I:H/A:H,none,no,total
2026-04,CVE-2026-40431,ICSA-26-111-12,SenseLive X3050,5.3,CVSS:3.1/AV:N/AC:L/PR:N/UI:N/S:U/C:L/I:N/A:N,none,yes,partial
2026-04,CVE-2026-40434,ICSA-26-106-03,Anviz Multiple Products,8.1,CVSS:3.1/AV:A/AC:L/PR:N/UI:N/S:U/C:N/I:H/A:H,none,no,partial
2026-04,CVE-2026-40461,ICSA-26-106-03,Anviz Multiple Products,7.5,CVSS:3.1/AV:N/AC:L/PR:N/UI:N/S:U/C:N/I:H/A:N,none,yes,partial
2026-04,CVE-2026-40620,ICSA-26-111-12,SenseLive X3050,9.8,CVSS:3.1/AV:N/AC:L/PR:N/UI:N/S:U/C:H/I:H/A:H,none,yes,total
2026-04,CVE-2026-40623,ICSA-26-111-12,SenseLive X3050,8.1,CVSS:3.1/AV:N/AC:L/PR:L/UI:N/S:U/C:N/I:H/A:H,none,no,partial
2026-04,CVE-2026-40630,ICSA-26-111-12,SenseLive X3050,9.8,CVSS:3.1/AV:N/AC:L/PR:N/UI:N/S:U/C:H/I:H/A:H,none,yes,total
2026-04,CVE-2026-4436,ICSA-26-099-02,GPL Odorizers GPL750,8.6,CVSS:3.1/AV:N/AC:L/PR:N/UI:N/S:C/C:N/I:H/A:N,none,yes,partial
2026-04,CVE-2026-4832,ICSA-26-190-03,Schneider Electric Easergy MiCOM Px40 Series,5.3,CVSS:3.1/AV:N/AC:L/PR:N/UI:N/S:U/C:L/I:N/A:N,none,yes,partial
2026-04,CVE-2026-5387,ICSA-26-106-04,AVEVA Pipeline Simulation,9.1,CVSS:3.1/AV:N/AC:L/PR:N/UI:N/S:U/C:H/I:H/A:N,none,yes,total
2026-04,CVE-2026-5726,ICSA-26-106-01,Delta Electronics ASDA-Soft,7.8,CVSS:3.1/AV:L/AC:L/PR:N/UI:R/S:U/C:H/I:H/A:H,none,no,total
2026-04,CVE-2026-6074,ICSA-26-113-06,Intrado 911 Emergency Gateway (EGW),9.8,CVSS:3.1/AV:N/AC:L/PR:N/UI:N/S:U/C:H/I:H/A:H,none,yes,total
2026-04,CVE-2026-6284,ICSA-26-106-02,"Horner Automation Cscape and XL4, XL7 PLC",9.1,CVSS:3.1/AV:N/AC:L/PR:N/UI:N/S:U/C:H/I:H/A:N,none,yes,total
2026-04,CVE-2026-6375,ICSA-26-113-04,SpiceJet Online Booking System,7.5,CVSS:3.1/AV:N/AC:L/PR:N/UI:N/S:U/C:H/I:N/A:N,none,yes,partial
2026-04,CVE-2026-6376,ICSA-26-113-04,SpiceJet Online Booking System,7.5,CVSS:3.1/AV:N/AC:L/PR:N/UI:N/S:U/C:H/I:N/A:N,none,yes,partial
2026-04,CVE-2026-6807,ICSA-26-118-01,NSA GRASSMARLIN,5.5,CVSS:3.1/AV:L/AC:L/PR:L/UI:N/S:U/C:H/I:N/A:N,none,no,partial
2026-05,CVE-2022-2347,ICSA-26-134-16,Siemens Ruggedcom Rox,7.7,CVSS:3.1/AV:L/AC:H/PR:N/UI:R/S:C/C:H/I:H/A:H,poc,no,total
2026-05,CVE-2023-27043,ICSA-26-134-16,Siemens Ruggedcom Rox,5.3,CVSS:3.1/AV:N/AC:L/PR:N/UI:N/S:U/C:N/I:L/A:N,poc,yes,partial
2026-05,CVE-2023-3019,ICSA-26-134-16,Siemens Ruggedcom Rox,6.0,CVSS:3.1/AV:L/AC:L/PR:H/UI:N/S:C/C:N/I:N/A:H,none,no,partial
2026-05,CVE-2024-22365,ICSA-26-134-16,Siemens Ruggedcom Rox,5.5,CVSS:3.1/AV:L/AC:L/PR:L/UI:N/S:U/C:N/I:N/A:H,none,no,partial
2026-05,CVE-2024-3447,ICSA-26-134-16,Siemens Ruggedcom Rox,6.0,CVSS:3.1/AV:L/AC:L/PR:H/UI:N/S:C/C:N/I:N/A:H,none,no,partial
2026-05,CVE-2024-4367,ICSA-26-134-04,Siemens Teamcenter,5.6,CVSS:3.1/AV:N/AC:H/PR:N/UI:N/S:U/C:L/I:L/A:L,poc,no,total
2026-05,CVE-2024-47704,ICSA-26-134-10,Siemens SIMATIC,5.5,CVSS:3.1/AV:L/AC:L/PR:L/UI:N/S:U/C:N/I:N/A:H,none,no,partial
2026-05,CVE-2024-54017,ICSA-26-134-13,Siemens SIPROTEC 5,5.3,CVSS:3.1/AV:N/AC:L/PR:N/UI:N/S:U/C:L/I:N/A:N,none,yes,partial
2026-05,CVE-2024-57256,ICSA-26-134-16,Siemens Ruggedcom Rox,7.1,CVSS:3.1/AV:P/AC:H/PR:N/UI:N/S:C/C:H/I:H/A:H,none,no,total
2026-05,CVE-2024-57258,ICSA-26-134-16,Siemens Ruggedcom Rox,7.1,CVSS:3.1/AV:P/AC:H/PR:N/UI:N/S:C/C:H/I:H/A:H,none,no,total
2026-05,CVE-2024-8176,ICSA-26-155-02,Hitachi Energy ITT600 Explorer,7.5,CVSS:3.1/AV:N/AC:L/PR:N/UI:N/S:U/C:N/I:N/A:H,poc,yes,partial
2026-05,CVE-2025-0395,ICSA-26-134-16,Siemens Ruggedcom Rox,6.2,CVSS:3.1/AV:L/AC:L/PR:N/UI:N/S:U/C:N/I:N/A:H,poc,no,partial
2026-05,CVE-2025-11482,ICSA-26-155-03,B&R PPT30 Operating System,7.5,CVSS:3.1/AV:N/AC:L/PR:N/UI:N/S:U/C:N/I:N/A:H/E:U/RL:O/RC:C,none,yes,partial
2026-05,CVE-2025-12659,ICSA-26-134-05,Siemens Simcenter Femap,7.8,CVSS:3.1/AV:L/AC:L/PR:N/UI:R/S:U/C:H/I:H/A:H,none,no,total
2026-05,CVE-2025-14831,ICSA-26-134-10,Siemens SIMATIC,5.3,CVSS:3.1/AV:N/AC:L/PR:N/UI:N/S:U/C:N/I:N/A:L,none,yes,partial
2026-05,CVE-2025-22871,ICSA-26-134-14,Siemens SENTRON 7KT PAC1261 Data Manager,9.1,CVSS:3.1/AV:N/AC:L/PR:N/UI:N/S:U/C:H/I:H/A:N,none,yes,total
2026-05,CVE-2025-31257,ICSA-26-134-10,Siemens SIMATIC,4.7,CVSS:3.1/AV:N/AC:L/PR:N/UI:R/S:C/C:N/I:N/A:L,none,no,partial
2026-05,CVE-2025-3576,ICSA-26-134-16,Siemens Ruggedcom Rox,5.9,CVSS:3.1/AV:N/AC:H/PR:N/UI:N/S:U/C:N/I:H/A:N,none,no,partial
2026-05,CVE-2025-38724,ICSA-26-134-10,Siemens SIMATIC,7.8,CVSS:3.1/AV:L/AC:L/PR:L/UI:N/S:U/C:H/I:H/A:H,none,no,total
2026-05,CVE-2025-39682,ICSA-26-134-10,Siemens SIMATIC,7.0,CVSS:3.1/AV:N/AC:H/PR:N/UI:N/S:U/C:L/I:L/A:H,active,yes,total
2026-05,CVE-2025-39697,ICSA-26-134-10,Siemens SIMATIC,4.7,CVSS:3.1/AV:L/AC:H/PR:L/UI:N/S:U/C:N/I:N/A:H,none,no,partial
2026-05,CVE-2025-39757,ICSA-26-134-10,Siemens SIMATIC,7.1,CVSS:3.1/AV:L/AC:L/PR:L/UI:N/S:U/C:H/I:N/A:H,none,no,partial
2026-05,CVE-2025-39760,ICSA-26-134-10,Siemens SIMATIC,5.5,CVSS:3.1/AV:L/AC:L/PR:L/UI:N/S:U/C:N/I:N/A:H,none,no,partial
2026-05,CVE-2025-39766,ICSA-26-134-10,Siemens SIMATIC,7.0,CVSS:3.1/AV:L/AC:H/PR:L/UI:N/S:U/C:H/I:H/A:H,none,no,total
2026-05,CVE-2025-39806,ICSA-26-134-10,Siemens SIMATIC,7.0,CVSS:3.1/AV:L/AC:H/PR:L/UI:N/S:U/C:H/I:H/A:H,none,no,partial
2026-05,CVE-2025-39817,ICSA-26-134-10,Siemens SIMATIC,7.0,CVSS:3.1/AV:L/AC:H/PR:L/UI:N/S:U/C:H/I:H/A:H,none,no,partial
2026-05,CVE-2025-39825,ICSA-26-134-10,Siemens SIMATIC,7.0,CVSS:3.1/AV:L/AC:H/PR:L/UI:N/S:U/C:H/I:H/A:H,none,no,partial
2026-05,CVE-2025-39841,ICSA-26-134-10,Siemens SIMATIC,7.8,CVSS:3.1/AV:L/AC:L/PR:L/UI:N/S:U/C:H/I:H/A:H,none,no,total
2026-05,CVE-2025-39849,ICSA-26-134-10,Siemens SIMATIC,5.5,CVSS:3.1/AV:L/AC:L/PR:L/UI:N/S:U/C:N/I:N/A:H,none,no,total
2026-05,CVE-2025-39864,ICSA-26-134-10,Siemens SIMATIC,7.8,CVSS:3.1/AV:L/AC:L/PR:L/UI:N/S:U/C:H/I:H/A:H,none,no,total
2026-05,CVE-2025-40300,ICSA-26-134-10,Siemens SIMATIC,6.5,CVSS:3.1/AV:L/AC:L/PR:L/UI:N/S:C/C:H/I:N/A:N,none,no,partial
2026-05,CVE-2025-40833,ICSA-26-134-06,Siemens Industrial Devices,7.5,CVSS:3.1/AV:N/AC:L/PR:N/UI:N/S:U/C:N/I:N/A:H,none,yes,partial
2026-05,CVE-2025-40936,ICSA-26-134-05,Siemens Simcenter Femap,7.8,CVSS:3.1/AV:L/AC:L/PR:N/UI:R/S:U/C:H/I:H/A:H,none,no,total
2026-05,CVE-2025-40946,ICSA-26-160-02,Siemens KACO Blueplanet Inverters,8.3,CVSS:3.1/AV:A/AC:L/PR:N/UI:N/S:U/C:L/I:H/A:H,none,no,total
2026-05,CVE-2025-40947,ICSA-26-134-11,Siemens Ruggedcom Rox,7.5,CVSS:3.1/AV:N/AC:H/PR:L/UI:N/S:U/C:H/I:H/A:H,none,no,total
2026-05,CVE-2025-40948,ICSA-26-134-02,Siemens Ruggedcom Rox,6.8,CVSS:3.1/AV:N/AC:L/PR:H/UI:N/S:C/C:H/I:N/A:N,none,no,partial
2026-05,CVE-2025-40949,ICSA-26-134-12,Siemens Ruggedcom Rox,9.1,CVSS:3.1/AV:N/AC:L/PR:H/UI:N/S:C/C:H/I:H/A:H,none,no,total
2026-05,CVE-2025-43368,ICSA-26-134-10,Siemens SIMATIC,4.3,CVSS:3.1/AV:N/AC:L/PR:N/UI:R/S:U/C:N/I:N/A:L,none,no,partial
2026-05,CVE-2025-46836,ICSA-26-134-16,Siemens Ruggedcom Rox,6.6,CVSS:3.1/AV:L/AC:L/PR:L/UI:N/S:U/C:L/I:L/A:H,poc,no,partial
2026-05,CVE-2025-47219,ICSA-26-134-10,Siemens SIMATIC,8.1,CVSS:3.1/AV:N/AC:H/PR:N/UI:N/S:U/C:H/I:H/A:H,poc,no,total
2026-05,CVE-2025-48989,ICSA-26-134-10,Siemens SIMATIC,7.5,CVSS:3.1/AV:N/AC:L/PR:N/UI:N/S:U/C:N/I:N/A:H,none,yes,partial
2026-05,CVE-2025-49794,ICSA-26-134-16,Siemens Ruggedcom Rox,9.1,CVSS:3.1/AV:N/AC:L/PR:N/UI:N/S:U/C:N/I:H/A:H,none,yes,partial
2026-05,CVE-2025-49796,ICSA-26-134-16,Siemens Ruggedcom Rox,9.1,CVSS:3.1/AV:N/AC:L/PR:N/UI:N/S:U/C:N/I:H/A:H,none,yes,partial
2026-05,CVE-2025-53057,ICSA-26-134-10,Siemens SIMATIC,5.9,CVSS:3.1/AV:N/AC:H/PR:N/UI:N/S:U/C:N/I:H/A:N,none,no,partial
2026-05,CVE-2025-53066,ICSA-26-134-10,Siemens SIMATIC,7.5,CVSS:3.1/AV:N/AC:L/PR:N/UI:N/S:U/C:H/I:N/A:N,none,no,partial
2026-05,CVE-2025-55752,ICSA-26-134-10,Siemens SIMATIC,7.5,CVSS:3.1/AV:N/AC:H/PR:L/UI:N/S:U/C:H/I:H/A:H,none,no,total
2026-05,CVE-2025-55754,ICSA-26-134-10,Siemens SIMATIC,9.6,CVSS:3.1/AV:N/AC:L/PR:N/UI:R/S:C/C:H/I:H/A:H,none,no,total
2026-05,CVE-2025-59375,ICSA-26-155-02,Hitachi Energy ITT600 Explorer,7.5,CVSS:3.1/AV:N/AC:L/PR:N/UI:N/S:U/C:N/I:N/A:H,none,no,partial
2026-05,CVE-2025-6020,ICSA-26-134-16,Siemens Ruggedcom Rox,7.8,CVSS:3.1/AV:L/AC:L/PR:L/UI:N/S:U/C:H/I:H/A:H,none,no,total
2026-05,CVE-2025-6021,ICSA-26-134-10,Siemens SIMATIC,7.5,CVSS:3.1/AV:N/AC:L/PR:N/UI:N/S:U/C:N/I:N/A:H,poc,yes,partial
2026-05,CVE-2025-6052,ICSA-26-134-10,Siemens SIMATIC,3.7,CVSS:3.1/AV:N/AC:H/PR:N/UI:N/S:U/C:N/I:N/A:L,none,no,partial
2026-05,CVE-2025-61748,ICSA-26-134-10,Siemens SIMATIC,3.7,CVSS:3.1/AV:N/AC:H/PR:N/UI:N/S:U/C:N/I:L/A:N,none,no,partial
2026-05,CVE-2025-61795,ICSA-26-134-10,Siemens SIMATIC,5.3,CVSS:3.1/AV:N/AC:H/PR:L/UI:N/S:U/C:N/I:N/A:H,none,no,partial
2026-05,CVE-2025-69421,ICSA-26-155-04,Hitachi Energy RTU500,6.5,CVSS:3.1/AV:N/AC:L/PR:L/UI:N/S:U/C:N/I:N/A:H,none,yes,partial
2026-05,CVE-2025-7425,ICSA-26-134-10,Siemens SIMATIC,7.8,CVSS:3.1/AV:L/AC:H/PR:N/UI:N/S:C/C:N/I:H/A:H,poc,no,total
2026-05,CVE-2025-8916,ICSA-26-134-10,Siemens SIMATIC,5.3,CVSS:3.1/AV:N/AC:L/PR:N/UI:N/S:U/C:N/I:N/A:L,none,yes,partial
2026-05,CVE-2025-9230,ICSA-26-134-10,Siemens SIMATIC,7.5,CVSS:3.1/AV:N/AC:L/PR:N/UI:N/S:U/C:N/I:N/A:H,none,no,partial
2026-05,CVE-2025-9231,ICSA-26-134-10,Siemens SIMATIC,6.5,CVSS:3.1/AV:N/AC:L/PR:N/UI:N/S:U/C:L/I:N/A:L,none,no,partial
2026-05,CVE-2025-9232,ICSA-26-134-10,Siemens SIMATIC,5.9,CVSS:3.1/AV:N/AC:H/PR:N/UI:N/S:U/C:N/I:N/A:H,none,no,partial
2026-05,CVE-2025-9714,ICSA-26-134-16,Siemens Ruggedcom Rox,6.2,CVSS:3.1/AV:L/AC:L/PR:N/UI:N/S:U/C:N/I:N/A:H,none,no,partial
2026-05,CVE-2025-9820,ICSA-26-134-10,Siemens SIMATIC,4.0,CVSS:3.1/AV:L/AC:L/PR:N/UI:N/S:U/C:N/I:N/A:L,none,no,partial
2026-05,CVE-2026-0256,ICSA-26-139-02,Siemens RUGGEDCOM APE1808 Devices,5.2,CVSS:3.1/AV:N/AC:L/PR:H/UI:R/S:U/C:L/I:H/A:N,none,no,partial
2026-05,CVE-2026-0257,ICSA-26-139-02,Siemens RUGGEDCOM APE1808 Devices,9.3,CVSS:3.1/AV:N/AC:L/PR:N/UI:R/S:C/C:H/I:H/A:N,active,no,total
2026-05,CVE-2026-0258,ICSA-26-139-02,Siemens RUGGEDCOM APE1808 Devices,8.2,CVSS:3.1/AV:N/AC:L/PR:N/UI:N/S:U/C:L/I:N/A:H,none,no,partial
2026-05,CVE-2026-0261,ICSA-26-139-02,Siemens RUGGEDCOM APE1808 Devices,7.2,CVSS:3.1/AV:N/AC:L/PR:H/UI:N/S:U/C:H/I:H/A:H,none,no,total
2026-05,CVE-2026-0262,ICSA-26-139-02,Siemens RUGGEDCOM APE1808 Devices,7.5,CVSS:3.1/AV:N/AC:L/PR:N/UI:N/S:U/C:N/I:N/A:H,none,no,partial
2026-05,CVE-2026-0264,ICSA-26-139-02,Siemens RUGGEDCOM APE1808 Devices,9.0,CVSS:3.1/AV:N/AC:H/PR:N/UI:N/S:C/C:H/I:H/A:H,none,no,total
2026-05,CVE-2026-0265,ICSA-26-139-02,Siemens RUGGEDCOM APE1808 Devices,9.8,CVSS:3.1/AV:N/AC:L/PR:N/UI:N/S:U/C:H/I:H/A:H,none,no,total
2026-05,CVE-2026-0300,ICSA-26-139-02,Siemens RUGGEDCOM APE1808 Devices,10.0,CVSS:3.1/AV:N/AC:L/PR:N/UI:N/S:C/C:H/I:H/A:H,active,yes,total
2026-05,CVE-2026-21661,ICSA-26-125-05,Johnson Controls CEM AC2000,8.7,CVSS:3.1/AV:L/AC:L/PR:L/UI:N/S:C/C:H/I:H/A:L,none,no,total
2026-05,CVE-2026-21925,ICSA-26-134-10,Siemens SIMATIC,4.8,CVSS:3.1/AV:N/AC:H/PR:N/UI:N/S:U/C:L/I:L/A:N,none,no,partial
2026-05,CVE-2026-21932,ICSA-26-134-10,Siemens SIMATIC,7.4,CVSS:3.1/AV:N/AC:L/PR:N/UI:R/S:C/C:N/I:H/A:N,none,no,partial
2026-05,CVE-2026-21933,ICSA-26-134-10,Siemens SIMATIC,6.1,CVSS:3.1/AV:N/AC:L/PR:N/UI:R/S:C/C:L/I:L/A:N,none,no,partial
2026-05,CVE-2026-21945,ICSA-26-134-10,Siemens SIMATIC,7.5,CVSS:3.1/AV:N/AC:L/PR:N/UI:N/S:U/C:N/I:N/A:H,none,yes,partial
2026-05,CVE-2026-21947,ICSA-26-134-10,Siemens SIMATIC,3.1,CVSS:3.1/AV:N/AC:H/PR:N/UI:R/S:U/C:N/I:L/A:N,none,no,partial
2026-05,CVE-2026-22924,ICSA-26-134-10,Siemens SIMATIC,9.1,CVSS:3.1/AV:N/AC:L/PR:N/UI:N/S:U/C:N/I:H/A:H,none,yes,partial
2026-05,CVE-2026-22925,ICSA-26-134-10,Siemens SIMATIC,7.5,CVSS:3.1/AV:N/AC:L/PR:N/UI:N/S:U/C:N/I:N/A:H,none,yes,partial
2026-05,CVE-2026-24515,ICSA-26-155-04,Hitachi Energy RTU500,2.5,CVSS:3.1/AV:L/AC:H/PR:L/UI:N/S:U/C:N/I:N/A:L,none,no,partial
2026-05,CVE-2026-25210,ICSA-26-155-04,Hitachi Energy RTU500,7.8,CVSS:3.1/AV:L/AC:L/PR:L/UI:N/S:U/C:H/I:H/A:H,none,no,total
2026-05,CVE-2026-25786,ICSA-26-134-15,Siemens SIMATIC S7 PLC Web Server,9.1,CVSS:3.1/AV:N/AC:L/PR:H/UI:N/S:C/C:H/I:H/A:H,none,no,total
2026-05,CVE-2026-25787,ICSA-26-134-15,Siemens SIMATIC S7 PLC Web Server,9.1,CVSS:3.1/AV:N/AC:L/PR:H/UI:N/S:C/C:H/I:H/A:H,none,no,total
2026-05,CVE-2026-25789,ICSA-26-134-15,Siemens SIMATIC S7 PLC Web Server,7.1,CVSS:3.1/AV:N/AC:H/PR:L/UI:R/S:U/C:H/I:H/A:H,none,no,total
2026-05,CVE-2026-26289,ICSA-26-132-02,Subnet Solutions PowerSYSTEM Center,8.2,CVSS:3.1/AV:A/AC:L/PR:L/UI:N/S:C/C:H/I:L/A:L,none,no,partial
2026-05,CVE-2026-2673,ICSA-26-134-10,Siemens SIMATIC,7.5,CVSS:3.1/AV:N/AC:L/PR:N/UI:N/S:U/C:H/I:N/A:N,none,yes,partial
2026-05,CVE-2026-27446,ICSA-26-134-09,Siemens Opcenter RDnL,7.1,CVSS:3.1/AV:A/AC:L/PR:N/UI:N/S:U/C:N/I:L/A:H,none,yes,total
2026-05,CVE-2026-27662,ICSA-26-134-07,Siemens SIMATIC,7.7,CVSS:3.1/AV:L/AC:L/PR:N/UI:N/S:U/C:N/I:H/A:H,none,no,partial
2026-05,CVE-2026-28387,ICSA-26-134-10,Siemens SIMATIC,7.0,CVSS:3.1/AV:N/AC:H/PR:N/UI:N/S:U/C:L/I:L/A:H,none,no,total
2026-05,CVE-2026-28388,ICSA-26-134-10,Siemens SIMATIC,7.5,CVSS:3.1/AV:N/AC:L/PR:N/UI:N/S:U/C:N/I:N/A:H,none,yes,partial
2026-05,CVE-2026-28389,ICSA-26-134-10,Siemens SIMATIC,7.5,CVSS:3.1/AV:N/AC:L/PR:N/UI:N/S:U/C:N/I:N/A:H,none,yes,partial
2026-05,CVE-2026-28390,ICSA-26-134-10,Siemens SIMATIC,7.5,CVSS:3.1/AV:N/AC:L/PR:N/UI:N/S:U/C:N/I:N/A:H,none,yes,partial
2026-05,CVE-2026-31789,ICSA-26-134-10,Siemens SIMATIC,7.0,CVSS:3.1/AV:N/AC:H/PR:N/UI:N/S:U/C:L/I:L/A:H,none,no,total
2026-05,CVE-2026-31790,ICSA-26-134-10,Siemens SIMATIC,7.5,CVSS:3.1/AV:N/AC:L/PR:N/UI:N/S:U/C:H/I:N/A:N,none,yes,partial
2026-05,CVE-2026-32776,ICSA-26-155-04,Hitachi Energy RTU500,5.5,CVSS:3.1/AV:L/AC:L/PR:L/UI:N/S:U/C:N/I:N/A:H,none,no,partial
2026-05,CVE-2026-32777,ICSA-26-155-04,Hitachi Energy RTU500,5.5,CVSS:3.1/AV:L/AC:L/PR:L/UI:N/S:U/C:N/I:N/A:H,none,no,partial
2026-05,CVE-2026-32778,ICSA-26-155-04,Hitachi Energy RTU500,5.5,CVSS:3.1/AV:L/AC:L/PR:L/UI:N/S:U/C:N/I:N/A:H,none,no,partial
2026-05,CVE-2026-33570,ICSA-26-132-02,Subnet Solutions PowerSYSTEM Center,5.7,CVSS:3.1/AV:A/AC:L/PR:L/UI:N/S:U/C:H/I:N/A:N,none,no,partial
2026-05,CVE-2026-33862,ICSA-26-134-04,Siemens Teamcenter,7.3,CVSS:3.1/AV:N/AC:L/PR:L/UI:R/S:U/C:H/I:H/A:N,none,no,total
2026-05,CVE-2026-33893,ICSA-26-134-04,Siemens Teamcenter,7.5,CVSS:3.1/AV:N/AC:L/PR:N/UI:N/S:U/C:H/I:N/A:N,none,yes,partial
2026-05,CVE-2026-35504,ICSA-26-132-02,Subnet Solutions PowerSYSTEM Center,5.5,CVSS:3.1/AV:A/AC:L/PR:L/UI:N/S:U/C:L/I:L/A:L,none,no,partial
2026-05,CVE-2026-35555,ICSA-26-132-02,Subnet Solutions PowerSYSTEM Center,6.3,CVSS:3.1/AV:A/AC:L/PR:L/UI:N/S:U/C:N/I:H/A:L,none,no,partial
2026-05,CVE-2026-40175,ICSA-26-134-01,Siemens gWAP,8.0,CVSS:3.1/AV:N/AC:H/PR:H/UI:N/S:C/C:H/I:H/A:H,poc,no,total
2026-05,CVE-2026-40425,ICSA-26-148-01,MacGregor Voyage Data Recorder (VDR) G4e,5.7,CVSS:3.1/AV:A/AC:L/PR:H/UI:N/S:U/C:H/I:L/A:L,none,no,partial
2026-05,CVE-2026-41125,ICSA-26-160-02,Siemens KACO Blueplanet Inverters,6.0,CVSS:3.1/AV:A/AC:H/PR:H/UI:N/S:U/C:L/I:H/A:H,none,no,total
2026-05,CVE-2026-41551,ICSA-26-134-08,Siemens Siemens ROS#,9.1,CVSS:3.1/AV:N/AC:L/PR:N/UI:N/S:U/C:H/I:H/A:N,none,yes,total
2026-05,CVE-2026-42929,ICSA-26-148-01,MacGregor Voyage Data Recorder (VDR) G4e,8.3,CVSS:3.1/AV:A/AC:L/PR:N/UI:N/S:U/C:H/I:H/A:L,none,no,total
2026-05,CVE-2026-4293,ICSA-26-139-05,Kieback & Peter DDC Building Controllers,5.3,CVSS:3.1/AV:N/AC:L/PR:N/UI:N/S:U/C:N/I:L/A:N,none,no,partial
2026-05,CVE-2026-42941,ICSA-26-148-01,MacGregor Voyage Data Recorder (VDR) G4e,8.3,CVSS:3.1/AV:A/AC:L/PR:N/UI:N/S:U/C:H/I:H/A:L,none,no,total
2026-05,CVE-2026-42951,ICSA-26-148-01,MacGregor Voyage Data Recorder (VDR) G4e,5.4,CVSS:3.1/AV:A/AC:H/PR:L/UI:N/S:U/C:H/I:L/A:N,none,no,partial
2026-05,CVE-2026-44411,ICSA-26-134-03,Siemens Solid Edge,7.8,CVSS:3.1/AV:L/AC:L/PR:N/UI:R/S:U/C:H/I:H/A:H,none,no,total
2026-05,CVE-2026-44412,ICSA-26-134-03,Siemens Solid Edge,7.8,CVSS:3.1/AV:L/AC:L/PR:N/UI:R/S:U/C:H/I:H/A:H,none,no,total
2026-05,CVE-2026-44611,ICSA-26-148-01,MacGregor Voyage Data Recorder (VDR) G4e,5.4,CVSS:3.1/AV:A/AC:H/PR:L/UI:N/S:U/C:H/I:L/A:N,none,no,partial
2026-05,CVE-2026-4827,ICSA-26-169-07,"Schneider Electric Easergy, EcoStruxture, PowerLogic, and Saitel Products (Update A)",8.3,CVSS:3.1/AV:N/AC:L/PR:N/UI:R/S:U/C:H/I:H/A:L,none,yes,total
2026-05,CVE-2026-5386,ICSA-26-148-06,KMW CCTV Security Cameras,9.1,CVSS:3.1/AV:N/AC:L/PR:N/UI:N/S:U/C:H/I:H/A:N,none,no,total
2026-05,CVE-2026-6332,ICSA-26-148-07,Schnieider Electric EcoStruxure Machine Expert HVAC (SEVD-2026-132-01),5.5,CVSS:3.1/AV:L/AC:L/PR:L/UI:N/S:U/C:H/I:N/A:N,none,no,partial
2026-05,CVE-2026-6411,ICSA-26-127-01,MAXHUB Pivot client application,7.3,CVSS:3.1/AV:N/AC:L/PR:N/UI:N/S:U/C:L/I:L/A:L,none,yes,partial
2026-05,CVE-2026-6824,ICSA-26-148-05,CP Plus 8 Ch. Network Video Recorder,8.4,CVSS:3.1/AV:N/AC:L/PR:H/UI:R/S:C/C:H/I:H/A:H,none,no,total
2026-05,CVE-2026-6865,ICSA-26-169-04,Schneider Electric EasyLogic T150 and Saitel DP,7.1,CVSS:3.1/AV:N/AC:L/PR:L/UI:N/S:U/C:H/I:L/A:N,none,no,partial
2026-05,CVE-2026-6866,ICSA-26-160-03,Schneider Electric EcoStruxure Panel Server,7.5,CVSS:3.1/AV:N/AC:L/PR:N/UI:N/S:U/C:H/I:N/A:N,none,no,partial
2026-05,CVE-2026-7310,ICSA-26-155-05,Hitachi Energy MACH HiDraw,5.5,CVSS:3.1/AV:L/AC:H/PR:L/UI:R/S:U/C:L/I:L/A:H,none,no,partial
2026-05,CVE-2026-7786,ICSA-26-148-02,Jinan USR IOT Technology Limited (PUSR) USR-W610 RS232/485 to Wi-Fi/Ethernet Converter,9.8,CVSS:3.1/AV:N/AC:L/PR:N/UI:N/S:U/C:H/I:H/A:H,none,yes,total
2026-05,CVE-2026-8108,ICSA-26-132-01,Fuji Electric Tellus,7.8,CVSS:3.1/AV:L/AC:L/PR:L/UI:N/S:U/C:H/I:H/A:H,none,no,total
2026-05,CVE-2026-8153,ICSA-26-134-17,Universal Robots Polyscope 5,9.8,CVSS:3.1/AV:N/AC:L/PR:N/UI:N/S:U/C:H/I:H/A:H,none,yes,total
2026-05,CVE-2026-8598,ICSA-26-139-04,ZKTeco CCTV Cameras,9.1,CVSS:3.1/AV:N/AC:L/PR:N/UI:N/S:U/C:H/I:H/A:N,none,yes,total
2026-05,CVE-2026-8602,ICSA-26-139-03,ScadaBR,9.1,CVSS:3.1/AV:N/AC:L/PR:N/UI:N/S:U/C:N/I:H/A:H,none,yes,partial
2026-05,CVE-2026-8603,ICSA-26-139-03,ScadaBR,8.8,CVSS:3.1/AV:N/AC:L/PR:L/UI:N/S:U/C:H/I:H/A:H,none,no,total
2026-05,CVE-2026-8604,ICSA-26-139-03,ScadaBR,8.8,CVSS:3.1/AV:N/AC:L/PR:N/UI:R/S:U/C:H/I:H/A:H,none,yes,total
2026-05,CVE-2026-8605,ICSA-26-139-03,ScadaBR,6.1,CVSS:3.1/AV:N/AC:L/PR:N/UI:R/S:C/C:L/I:L/A:N,none,yes,partial
2026-05,CVE-2026-9037,ICSA-26-148-08,XCharge C6,9.8,CVSS:3.1/AV:N/AC:L/PR:N/UI:N/S:U/C:H/I:H/A:H,none,yes,total
2026-05,CVE-2026-9038,ICSA-26-148-08,XCharge C6,7.6,CVSS:3.1/AV:P/AC:L/PR:N/UI:N/S:C/C:H/I:H/A:H,none,no,total
2026-05,CVE-2026-9039,ICSA-26-148-08,XCharge C6,7.6,CVSS:3.1/AV:P/AC:L/PR:N/UI:N/S:C/C:H/I:H/A:H,none,no,total
2026-06,CVE-2025-10966,ICSA-26-188-05,Siemens SINEC OS,4.3,CVSS:3.1/AV:N/AC:L/PR:L/UI:N/S:U/C:L/I:N/A:N,none,no,partial
2026-06,CVE-2025-11001,ICSA-26-181-01,Mitsubishi Electric MELSOFT Update Manager SW1DND-UDM-M,8.8,CVSS:3.1/AV:L/AC:L/PR:L/UI:N/S:C/C:H/I:H/A:H,none,no,total
2026-06,CVE-2025-11694,ICSA-26-167-04,Rockwell Automation CompactLogix,7.5,CVSS:3.1/AV:N/AC:L/PR:N/UI:N/S:U/C:N/I:N/A:H,none,yes,partial
2026-06,CVE-2025-13036,ICSA-26-169-03,Rockwell Automation FactoryTalk Historian Site Edition,7.7,CVSS:3.1/AV:N/AC:H/PR:N/UI:N/S:U/C:H/I:H/A:L,none,yes,total
2026-06,CVE-2025-13162,ICSA-26-195-01,ABB Advant Master Online Builder,4.4,CVSS:3.1/AV:L/AC:H/PR:L/UI:R/S:U/C:N/I:H/A:N,none,no,partial
2026-06,CVE-2025-13465,ICSA-26-188-05,Siemens SINEC OS,7.2,CVSS:3.1/AV:N/AC:L/PR:N/UI:N/S:C/C:N/I:L/A:L,none,yes,partial
2026-06,CVE-2025-1352,ICSA-26-188-05,Siemens SINEC OS,5.0,CVSS:3.1/AV:N/AC:H/PR:N/UI:R/S:U/C:L/I:L/A:L,none,no,partial
2026-06,CVE-2025-13601,ICSA-26-188-05,Siemens SINEC OS,7.7,CVSS:3.1/AV:L/AC:L/PR:N/UI:N/S:U/C:N/I:H/A:H,none,no,partial
2026-06,CVE-2025-1376,ICSA-26-188-05,Siemens SINEC OS,2.5,CVSS:3.1/AV:L/AC:H/PR:L/UI:N/S:U/C:N/I:N/A:L,none,no,partial
2026-06,CVE-2025-14272,ICSA-26-167-01,Rockwell Automation FactoryTalk Analytics PavilionX,7.0,CVSS:3.1/AV:N/AC:H/PR:N/UI:N/S:U/C:H/I:L/A:L,none,no,partial
2026-06,CVE-2025-14771,ICSA-26-195-03,ABB T-MAC Plus,9.9,CVSS:3.1/AV:N/AC:L/PR:L/UI:N/S:C/C:H/I:H/A:H,none,no,total
2026-06,CVE-2025-14772,ICSA-26-195-03,ABB T-MAC Plus,8.8,CVSS:3.1/AV:N/AC:L/PR:L/UI:N/S:U/C:H/I:H/A:H,none,no,total
2026-06,CVE-2025-14773,ICSA-26-195-03,ABB T-MAC Plus,8,CVSS:3.1/AV:N/AC:L/PR:L/UI:R/S:U/C:H/I:H/A:H,none,no,total
2026-06,CVE-2025-14774,ICSA-26-195-03,ABB T-MAC Plus,7.4,CVSS:3.1/AV:A/AC:L/PR:N/UI:N/S:C/C:N/I:N/A:H,none,no,partial
2026-06,CVE-2025-15467,ICSA-26-174-03,Siemens Products using OpenSSL,8.8,CVSS:3.1/AV:N/AC:L/PR:N/UI:R/S:U/C:H/I:H/A:H,poc,yes,total
2026-06,CVE-2025-31115,ICSA-26-181-05,XZ Utils vulnerability impacting B&R Products,7.5,CVSS:3.1/AV:N/AC:L/PR:N/UI:N/S:U/C:N/I:N/A:H,none,no,partial
2026-06,CVE-2025-36539,ICSA-26-169-03,Rockwell Automation FactoryTalk Historian Site Edition,6.5,CVSS:3.1/AV:N/AC:L/PR:L/UI:N/S:U/C:N/I:N/A:H,none,no,partial
2026-06,CVE-2025-39913,ICSA-26-188-05,Siemens SINEC OS,5.5,CVSS:3.1/AV:L/AC:L/PR:L/UI:N/S:U/C:N/I:N/A:H,none,no,total
2026-06,CVE-2025-40248,ICSA-26-188-05,Siemens SINEC OS,7.0,CVSS:3.1/AV:L/AC:H/PR:L/UI:N/S:U/C:H/I:H/A:H,none,no,partial
2026-06,CVE-2025-40251,ICSA-26-188-05,Siemens SINEC OS,7.1,CVSS:3.1/AV:L/AC:L/PR:L/UI:N/S:U/C:H/I:N/A:H,none,no,partial
2026-06,CVE-2025-40254,ICSA-26-188-05,Siemens SINEC OS,7.0,CVSS:3.1/AV:L/AC:H/PR:L/UI:N/S:U/C:H/I:H/A:H,none,no,partial
2026-06,CVE-2025-40258,ICSA-26-188-05,Siemens SINEC OS,7.8,CVSS:3.1/AV:L/AC:L/PR:L/UI:N/S:U/C:H/I:H/A:H,none,no,partial
2026-06,CVE-2025-40271,ICSA-26-188-05,Siemens SINEC OS,7.0,CVSS:3.1/AV:L/AC:H/PR:L/UI:N/S:U/C:H/I:H/A:H,none,no,partial
2026-06,CVE-2025-40280,ICSA-26-188-05,Siemens SINEC OS,5.5,CVSS:3.1/AV:L/AC:L/PR:L/UI:N/S:U/C:N/I:N/A:H,none,no,partial
2026-06,CVE-2025-40281,ICSA-26-188-05,Siemens SINEC OS,4.4,CVSS:3.1/AV:L/AC:L/PR:H/UI:N/S:U/C:N/I:N/A:H,none,yes,partial
2026-06,CVE-2025-44019,ICSA-26-169-03,Rockwell Automation FactoryTalk Historian Site Edition,7.1,CVSS:3.1/AV:N/AC:L/PR:L/UI:N/S:U/C:N/I:L/A:H,none,no,partial
2026-06,CVE-2025-46394,ICSA-26-188-05,Siemens SINEC OS,3.2,CVSS:3.1/AV:L/AC:H/PR:N/UI:N/S:C/C:N/I:L/A:N,none,no,partial
2026-06,CVE-2025-49794,ICSA-26-188-05,Siemens SINEC OS,9.1,CVSS:3.1/AV:N/AC:L/PR:N/UI:N/S:U/C:N/I:H/A:H,none,yes,partial
2026-06,CVE-2025-49795,ICSA-26-188-05,Siemens SINEC OS,7.5,CVSS:3.1/AV:N/AC:L/PR:N/UI:N/S:U/C:N/I:N/A:H,none,yes,partial
2026-06,CVE-2025-49796,ICSA-26-188-05,Siemens SINEC OS,9.1,CVSS:3.1/AV:N/AC:L/PR:N/UI:N/S:U/C:N/I:H/A:H,none,yes,partial
2026-06,CVE-2025-53816,ICSA-26-181-01,Mitsubishi Electric MELSOFT Update Manager SW1DND-UDM-M,5.0,CVSS:3.1/AV:L/AC:L/PR:L/UI:R/S:U/C:N/I:N/A:H,none,no,partial
2026-06,CVE-2025-53817,ICSA-26-181-01,Mitsubishi Electric MELSOFT Update Manager SW1DND-UDM-M,5.0,CVSS:3.1/AV:L/AC:L/PR:L/UI:R/S:U/C:N/I:N/A:H,none,no,partial
2026-06,CVE-2025-55188,ICSA-26-181-01,Mitsubishi Electric MELSOFT Update Manager SW1DND-UDM-M,7.9,CVSS:3.1/AV:L/AC:L/PR:L/UI:R/S:C/C:N/I:H/A:H,none,no,partial
2026-06,CVE-2025-6052,ICSA-26-188-05,Siemens SINEC OS,3.7,CVSS:3.1/AV:N/AC:H/PR:N/UI:N/S:U/C:N/I:N/A:L,none,no,partial
2026-06,CVE-2025-60876,ICSA-26-188-05,Siemens SINEC OS,6.5,CVSS:3.1/AV:N/AC:L/PR:N/UI:N/S:U/C:L/I:L/A:N,poc,no,partial
2026-06,CVE-2025-6141,ICSA-26-188-05,Siemens SINEC OS,3.3,CVSS:3.1/AV:L/AC:L/PR:L/UI:N/S:U/C:N/I:N/A:L,none,no,partial
2026-06,CVE-2025-6170,ICSA-26-188-05,Siemens SINEC OS,2.5,CVSS:3.1/AV:L/AC:H/PR:N/UI:R/S:U/C:N/I:N/A:L,none,no,partial
2026-06,CVE-2025-66035,ICSA-26-188-05,Siemens SINEC OS,8.6,CVSS:3.1/AV:N/AC:L/PR:N/UI:N/S:C/C:H/I:N/A:N,none,yes,partial
2026-06,CVE-2025-66382,ICSA-26-188-05,Siemens SINEC OS,2.9,CVSS:3.1/AV:L/AC:H/PR:N/UI:N/S:U/C:N/I:N/A:L,none,no,partial
2026-06,CVE-2025-66412,ICSA-26-188-05,Siemens SINEC OS,8.0,CVSS:3.1/AV:N/AC:L/PR:L/UI:R/S:U/C:H/I:H/A:H,none,no,partial
2026-06,CVE-2025-69720,ICSA-26-188-05,Siemens SINEC OS,7.3,CVSS:3.1/AV:L/AC:L/PR:N/UI:R/S:U/C:H/I:H/A:L,poc,yes,total
2026-06,CVE-2025-7039,ICSA-26-188-05,Siemens SINEC OS,3.7,CVSS:3.1/AV:N/AC:H/PR:N/UI:N/S:U/C:N/I:L/A:N,none,no,partial
2026-06,CVE-2025-7064,ICSA-26-174-05,ABB Freelance Security Lock,6.6,CVSS:3.1/AV:L/AC:L/PR:L/UI:N/S:U/C:L/I:H/A:L/E:P/RL:W/RC:R/CR:L/IR:L/AR:L,none,no,partial
2026-06,CVE-2025-71190,ICSA-26-188-05,Siemens SINEC OS,5.5,CVSS:3.1/AV:L/AC:L/PR:L/UI:N/S:U/C:N/I:N/A:H,none,no,partial
2026-06,CVE-2025-8732,ICSA-26-188-05,Siemens SINEC OS,3.3,CVSS:3.1/AV:L/AC:L/PR:L/UI:N/S:U/C:N/I:N/A:L,none,no,partial
2026-06,CVE-2025-9086,ICSA-26-188-05,Siemens SINEC OS,7.5,CVSS:3.1/AV:N/AC:L/PR:N/UI:N/S:U/C:N/I:N/A:H,none,no,partial
2026-06,CVE-2025-9230,ICSA-26-188-05,Siemens SINEC OS,7.5,CVSS:3.1/AV:N/AC:L/PR:N/UI:N/S:U/C:N/I:N/A:H,none,no,partial
2026-06,CVE-2025-9231,ICSA-26-188-05,Siemens SINEC OS,6.5,CVSS:3.1/AV:N/AC:L/PR:N/UI:N/S:U/C:L/I:N/A:L,none,no,partial
2026-06,CVE-2025-9232,ICSA-26-188-05,Siemens SINEC OS,5.9,CVSS:3.1/AV:N/AC:H/PR:N/UI:N/S:U/C:N/I:N/A:H,none,no,partial
2026-06,CVE-2026-0646,ICSA-26-167-05,Rockwell Automation FLEX I/O EtherNet/IP Adapters,7.5,CVSS:3.1/AV:N/AC:L/PR:N/UI:N/S:U/C:N/I:N/A:H,none,yes,partial
2026-06,CVE-2026-0647,ICSA-26-167-05,Rockwell Automation FLEX I/O EtherNet/IP Adapters,9.4,CVSS:3.1/AV:N/AC:L/PR:N/UI:N/S:U/C:L/I:H/A:H,none,yes,partial
2026-06,CVE-2026-10557,ICSA-26-162-01,Yarbo Android/iOS Mobile Application and Cloud Infrastructure,9.8,CVSS:3.1/AV:N/AC:L/PR:N/UI:N/S:U/C:H/I:H/A:H,none,yes,total
2026-06,CVE-2026-10763,ICSA-26-188-02,Hitachi Energy PROMOD V,7.1,CVSS:3.1/AV:N/AC:L/PR:N/UI:R/S:U/C:H/I:L/A:N,none,no,partial
2026-06,CVE-2026-11317,ICSA-26-167-03,Rockwell Automation Logix 5370 & 5570 Controllers Vulnerable To Denial of Service Via CIP,7.5,CVSS:3.1/AV:N/AC:L/PR:N/UI:N/S:U/C:N/I:N/A:H,none,yes,partial
2026-06,CVE-2026-12390,ICSA-26-169-02,AzeoTech DAQFactory (Update A),7.8,CVSS:3.1/AV:L/AC:L/PR:N/UI:R/S:U/C:H/I:H/A:H,none,no,total
2026-06,CVE-2026-12578,ICSA-26-176-06,Delta Electronics DTM Soft,7.8,CVSS:3.1/AV:L/AC:L/PR:N/UI:R/S:U/C:H/I:H/A:H,none,no,total
2026-06,CVE-2026-12818,ICSA-26-181-07,Delta Electronics DVP12SE PLC,9.8,CVSS:3.1/AV:N/AC:L/PR:N/UI:N/S:U/C:H/I:H/A:H,none,yes,total
2026-06,CVE-2026-12819,ICSA-26-181-07,Delta Electronics DVP12SE PLC,9.8,CVSS:3.1/AV:N/AC:L/PR:N/UI:N/S:U/C:H/I:H/A:H,none,yes,total
2026-06,CVE-2026-12897,ICSA-26-176-03,Horner Automation Cscape,7.8,CVSS:3.1/AV:L/AC:L/PR:N/UI:R/S:U/C:H/I:H/A:H,none,no,total
2026-06,CVE-2026-12921,ICSA-26-169-02,AzeoTech DAQFactory (Update A),7.8,CVSS:3.1/AV:L/AC:L/PR:N/UI:R/S:U/C:H/I:H/A:H,none,no,total
2026-06,CVE-2026-1484,ICSA-26-188-05,Siemens SINEC OS,4.2,CVSS:3.1/AV:N/AC:H/PR:N/UI:R/S:U/C:N/I:L/A:L,none,no,partial
2026-06,CVE-2026-1489,ICSA-26-188-05,Siemens SINEC OS,5.4,CVSS:3.1/AV:N/AC:L/PR:N/UI:R/S:U/C:N/I:L/A:L,none,no,partial
2026-06,CVE-2026-1840,ICSA-26-174-07,Hubbell Aclara Metrum Cellular Web Interface,7.5,CVSS:3.1/AV:N/AC:L/PR:N/UI:N/S:U/C:N/I:N/A:H,none,yes,partial
2026-06,CVE-2026-21404,ICSA-26-155-01,NAVTOR NavBox,6.3,CVSS:3.1/AV:L/AC:H/PR:L/UI:N/S:U/C:N/I:H/A:H,none,no,partial
2026-06,CVE-2026-22610,ICSA-26-188-05,Siemens SINEC OS,8.0,CVSS:3.1/AV:N/AC:L/PR:L/UI:R/S:U/C:H/I:H/A:H,none,no,total
2026-06,CVE-2026-22976,ICSA-26-188-05,Siemens SINEC OS,5.5,CVSS:3.1/AV:L/AC:L/PR:L/UI:N/S:U/C:N/I:N/A:H,none,no,partial
2026-06,CVE-2026-22977,ICSA-26-188-05,Siemens SINEC OS,5.5,CVSS:3.1/AV:L/AC:L/PR:L/UI:N/S:U/C:N/I:N/A:H,none,no,partial
2026-06,CVE-2026-23038,ICSA-26-188-05,Siemens SINEC OS,5.5,CVSS:3.1/AV:L/AC:L/PR:L/UI:N/S:U/C:N/I:N/A:H,none,no,partial
2026-06,CVE-2026-23111,ICSA-26-188-05,Siemens SINEC OS,7.8,CVSS:3.1/AV:L/AC:L/PR:L/UI:N/S:U/C:H/I:H/A:H,none,no,total
2026-06,CVE-2026-23231,ICSA-26-188-05,Siemens SINEC OS,7.8,CVSS:3.1/AV:L/AC:L/PR:L/UI:N/S:U/C:H/I:H/A:H,none,no,total
2026-06,CVE-2026-24349,ICSA-26-174-01,Siemens WinCC Certificate Manager,7.1,CVSS:3.1/AV:L/AC:L/PR:N/UI:N/S:C/C:H/I:N/A:N,none,no,partial
2026-06,CVE-2026-24515,ICSA-26-188-05,Siemens SINEC OS,2.9,CVSS:3.1/AV:L/AC:H/PR:N/UI:N/S:U/C:N/I:N/A:L,none,no,partial
2026-06,CVE-2026-25210,ICSA-26-188-05,Siemens SINEC OS,6.9,CVSS:3.1/AV:L/AC:H/PR:N/UI:N/S:U/C:H/I:H/A:L,none,no,total
2026-06,CVE-2026-26157,ICSA-26-188-05,Siemens SINEC OS,7.0,CVSS:3.1/AV:L/AC:H/PR:N/UI:R/S:U/C:H/I:H/A:H,none,no,total
2026-06,CVE-2026-26158,ICSA-26-188-05,Siemens SINEC OS,7.0,CVSS:3.1/AV:L/AC:H/PR:N/UI:R/S:U/C:H/I:H/A:H,none,no,total
2026-06,CVE-2026-28701,ICSA-26-176-04,Daktronics Controller Firmware,7.7,CVSS:3.1/AV:L/AC:L/PR:N/UI:N/S:U/C:H/I:H/A:N,none,yes,total
2026-06,CVE-2026-28742,ICSA-26-162-02,Naxclow IoT Platform,9.8,CVSS:3.1/AV:N/AC:L/PR:N/UI:N/S:U/C:H/I:H/A:H,none,yes,total
2026-06,CVE-2026-31431,ICSA-26-174-06,Impact of Linux Kernel vulnerabilities on B&R products,7.8,CVSS:3.1/AV:L/AC:L/PR:L/UI:N/S:U/C:H/I:H/A:H/E:H/RC:C,active,no,total
2026-06,CVE-2026-31928,ICSA-26-176-04,Daktronics Controller Firmware,8.1,CVSS:3.1/AV:N/AC:L/PR:L/UI:N/S:U/C:H/I:H/A:N,none,no,total
2026-06,CVE-2026-33560,ICSA-26-176-04,Daktronics Controller Firmware,7.1,CVSS:3.1/AV:N/AC:L/PR:L/UI:N/S:U/C:L/I:H/A:N,none,no,partial
2026-06,CVE-2026-35535,ICSA-26-188-05,Siemens SINEC OS,7.4,CVSS:3.1/AV:L/AC:H/PR:N/UI:N/S:U/C:H/I:H/A:H,none,no,total
2026-06,CVE-2026-3784,ICSA-26-188-05,Siemens SINEC OS,6.5,CVSS:3.1/AV:N/AC:L/PR:N/UI:N/S:U/C:L/I:L/A:N,none,yes,partial
2026-06,CVE-2026-40624,ICSA-26-169-01,AVer PTC cameras,9.8,CVSS:3.1/AV:N/AC:L/PR:N/UI:N/S:U/C:H/I:H/A:H,none,yes,total
2026-06,CVE-2026-40702,ICSA-26-176-02,EVoke Systems Charging Station Management System,9.4,CVSS:3.1/AV:N/AC:L/PR:N/UI:N/S:U/C:H/I:H/A:L,none,yes,total
2026-06,CVE-2026-41918,ICSA-26-188-05,Siemens SINEC OS,5.7,CVSS:3.1/AV:N/AC:L/PR:L/UI:R/S:U/C:H/I:N/A:N,none,no,partial
2026-06,CVE-2026-42932,ICSA-26-162-02,Naxclow IoT Platform,5.3,CVSS:3.1/AV:N/AC:L/PR:N/UI:N/S:U/C:L/I:N/A:N,none,yes,partial
2026-06,CVE-2026-42945,ICSA-26-188-03,Hitachi Energy e-mesh EMS,8.1,CVSS:3.1/AV:N/AC:H/PR:N/UI:N/S:U/C:H/I:H/A:H,none,no,total
2026-06,CVE-2026-42947,ICSA-26-162-02,Naxclow IoT Platform,8.8,CVSS:3.1/AV:N/AC:L/PR:L/UI:N/S:U/C:H/I:H/A:H,none,no,total
2026-06,CVE-2026-43284,ICSA-26-174-06,Impact of Linux Kernel vulnerabilities on B&R products,7.8,CVSS:3.1/AV:L/AC:H/PR:L/UI:N/S:C/C:H/I:H/A:H,poc,no,total
2026-06,CVE-2026-44622,ICSA-26-176-02,EVoke Systems Charging Station Management System,6.5,CVSS:3.1/AV:N/AC:L/PR:N/UI:N/S:U/C:L/I:L/A:N,none,yes,partial
2026-06,CVE-2026-46333,ICSA-26-174-06,Impact of Linux Kernel vulnerabilities on B&R products,7.1,CVSS:3.1/AV:L/AC:L/PR:L/UI:N/S:U/C:H/I:H/A:N,poc,no,total
2026-06,CVE-2026-46746,ICSA-26-174-04,Siemens SINEC INS,8.8,CVSS:3.1/AV:N/AC:L/PR:L/UI:N/S:U/C:H/I:H/A:H,none,no,total
2026-06,CVE-2026-46747,ICSA-26-174-04,Siemens SINEC INS,4.3,CVSS:3.1/AV:N/AC:L/PR:L/UI:N/S:U/C:L/I:N/A:N,none,no,partial
2026-06,CVE-2026-46748,ICSA-26-174-04,Siemens SINEC INS,8.8,CVSS:3.1/AV:N/AC:L/PR:L/UI:N/S:U/C:H/I:H/A:H,none,no,total
2026-06,CVE-2026-46749,ICSA-26-174-04,Siemens SINEC INS,7.5,CVSS:3.1/AV:L/AC:H/PR:H/UI:N/S:C/C:H/I:H/A:H,none,no,total
2026-06,CVE-2026-50005,ICSA-26-162-03,Brickcom Cameras,7.7,CVSS:3.1/AV:L/AC:L/PR:N/UI:N/S:U/C:H/I:H/A:N,none,no,total
2026-06,CVE-2026-50099,ICSA-26-162-02,Naxclow IoT Platform,4.6,CVSS:3.1/AV:P/AC:L/PR:N/UI:N/S:U/C:H/I:N/A:N,none,no,partial
2026-06,CVE-2026-50101,ICSA-26-162-02,Naxclow IoT Platform,8.1,CVSS:3.1/AV:N/AC:H/PR:N/UI:N/S:U/C:H/I:H/A:H,none,no,total
2026-06,CVE-2026-50108,ICSA-26-162-02,Naxclow IoT Platform,7.5,CVSS:3.1/AV:N/AC:L/PR:N/UI:N/S:U/C:H/I:N/A:N,none,yes,partial
2026-06,CVE-2026-50176,ICSA-26-176-02,EVoke Systems Charging Station Management System,7.5,CVSS:3.1/AV:N/AC:L/PR:N/UI:N/S:U/C:N/I:N/A:H,none,yes,partial
2026-06,CVE-2026-50244,ICSA-26-162-02,Naxclow IoT Platform,5.3,CVSS:3.1/AV:N/AC:L/PR:N/UI:N/S:U/C:L/I:N/A:N,none,yes,partial
2026-06,CVE-2026-50245,ICSA-26-162-03,Brickcom Cameras,7.7,CVSS:3.1/AV:L/AC:L/PR:N/UI:N/S:U/C:H/I:H/A:N,none,no,total
2026-06,CVE-2026-54479,ICSA-26-176-02,EVoke Systems Charging Station Management System,7.3,CVSS:3.1/AV:N/AC:L/PR:N/UI:N/S:U/C:L/I:L/A:L,none,yes,partial
2026-06,CVE-2026-55975,ICSA-26-176-05,H.VIEW HV-500S6 IP Camera,7.2,CVSS:3.1/AV:N/AC:L/PR:H/UI:N/S:U/C:H/I:H/A:H,none,no,total
2026-06,CVE-2026-56414,ICSA-26-176-05,H.VIEW HV-500S6 IP Camera,7.2,CVSS:3.1/AV:N/AC:L/PR:H/UI:N/S:U/C:H/I:H/A:H,none,no,total
2026-06,CVE-2026-7368,ICSA-26-162-01,Yarbo Android/iOS Mobile Application and Cloud Infrastructure,8.1,CVSS:3.1/AV:N/AC:L/PR:L/UI:N/S:U/C:H/I:H/A:N,none,no,total
2026-06,CVE-2026-8805,ICSA-26-169-05,Mitsubishi Electric MELSEC iQ-F Series,7.5,CVSS:3.1/AV:N/AC:L/PR:N/UI:N/S:U/C:N/I:N/A:H,none,yes,partial
2026-06,CVE-2026-8806,ICSA-26-169-06,Mitsubishi Electric Co.'s MELSEC iQ-F Series FX5-ENET/IP Ethernet Module,7.5,CVSS:3.1/AV:N/AC:L/PR:N/UI:N/S:U/C:N/I:N/A:H,none,yes,partial
2026-06,CVE-2026-9307,ICSA-26-167-04,Rockwell Automation CompactLogix,5.3,CVSS:3.1/AV:N/AC:L/PR:N/UI:N/S:U/C:L/I:N/A:N,none,yes,partial
2026-06,CVE-2026-9650,ICSA-26-181-04,Schneider Electric EasyLogic T150 and Saitel DP RTU,7.5,CVSS:3.1/AV:N/AC:L/PR:N/UI:N/S:U/C:H/I:N/A:N,none,yes,partial
2026-06,CVE-2026-9651,ICSA-26-181-04,Schneider Electric EasyLogic T150 and Saitel DP RTU,4.4,CVSS:3.1/AV:L/AC:L/PR:H/UI:N/S:U/C:H/I:N/A:N,none,no,partial
2026-06,CVE-2026-9716,ICSA-26-176-07,Schneider Electric PowerLogic P7,7.5,CVSS:3.1/AV:N/AC:L/PR:N/UI:N/S:U/C:N/I:N/A:H,none,yes,partial
2026-06,CVE-2026-9717,ICSA-26-176-07,Schneider Electric PowerLogic P7,7.2,CVSS:3.1/AV:N/AC:L/PR:H/UI:N/S:U/C:H/I:H/A:H,none,no,total
2026-06,CVE-2026-9718,ICSA-26-176-07,Schneider Electric PowerLogic P7,4.9,CVSS:3.1/AV:N/AC:L/PR:H/UI:N/S:U/C:N/I:N/A:H,none,no,partial
2026-07,CVE-2018-25032,ICSA-26-202-06,Siemens CADRA,7.5,CVSS:3.1/AV:N/AC:L/PR:N/UI:N/S:U/C:N/I:N/A:H,poc,yes,partial
2026-07,CVE-2020-7921,ICSA-26-218-01,ABB Ability Zenon,5.3,CVSS:3.1/AV:N/AC:H/PR:L/UI:N/S:U/C:N/I:H/A:N/E:F/RL:U/RC:C,none,no,partial
2026-07,CVE-2020-7923,ICSA-26-218-01,ABB Ability Zenon,6.5,CVSS:3.1/AV:N/AC:L/PR:L/UI:N/S:U/C:N/I:N/A:H/E:F/RL:U/RC:C,none,no,partial
2026-07,CVE-2020-7924,ICSA-26-218-01,ABB Ability Zenon,6.5,CVSS:3.1/AV:N/AC:L/PR:N/UI:N/S:U/C:L/I:L/A:N/E:F/RL:U/RC:C,none,no,partial
2026-07,CVE-2020-7929,ICSA-26-218-01,ABB Ability Zenon,6.5,CVSS:3.1/AV:N/AC:L/PR:L/UI:N/S:U/C:N/I:N/A:H/E:F/RL:U/RC:C,none,no,partial
2026-07,CVE-2021-20328,ICSA-26-218-01,ABB Ability Zenon,6.8,CVSS:3.1/AV:A/AC:H/PR:N/UI:N/S:U/C:H/I:H/A:N/E:F/RL:U/RC:C,none,no,total
2026-07,CVE-2021-20330,ICSA-26-218-01,ABB Ability Zenon,6.5,CVSS:3.1/AV:N/AC:L/PR:L/UI:N/S:U/C:N/I:N/A:H/E:F/RL:U/RC:C,none,no,partial
2026-07,CVE-2021-32036,ICSA-26-218-01,ABB Ability Zenon,7.1,CVSS:3.1/AV:N/AC:L/PR:L/UI:N/S:U/C:N/I:L/A:H/E:F/RL:U/RC:C,none,no,partial
2026-07,CVE-2021-32040,ICSA-26-218-01,ABB Ability Zenon,7.5,CVSS:3.1/AV:N/AC:L/PR:N/UI:N/S:U/C:N/I:N/A:H/E:F/RL:U/RC:C,none,no,partial
2026-07,CVE-2022-37434,ICSA-26-202-06,Siemens CADRA,9.8,CVSS:3.1/AV:N/AC:L/PR:N/UI:N/S:U/C:H/I:H/A:H,poc,no,partial
2026-07,CVE-2022-37660,ICSA-26-202-04,Siemens SIDIS Secured SmartPlug,6.5,CVSS:3.1/AV:N/AC:L/PR:N/UI:N/S:U/C:L/I:L/A:N,none,yes,partial
2026-07,CVE-2022-48174,ICSA-26-202-04,Siemens SIDIS Secured SmartPlug,7.8,CVSS:3.1/AV:L/AC:L/PR:N/UI:R/S:U/C:H/I:H/A:H,none,yes,total
2026-07,CVE-2023-28531,ICSA-26-209-04,Siemens SIMATIC S7-1500 CPU 1518(F)-4 PN/DP MFP,9.8,CVSS:3.1/AV:N/AC:L/PR:N/UI:N/S:U/C:H/I:H/A:H,none,no,partial
2026-07,CVE-2023-45853,ICSA-26-202-06,Siemens CADRA,9.8,CVSS:3.1/AV:N/AC:L/PR:N/UI:N/S:U/C:H/I:H/A:H,none,no,total
2026-07,CVE-2023-51384,ICSA-26-209-04,Siemens SIMATIC S7-1500 CPU 1518(F)-4 PN/DP MFP,5.5,CVSS:3.1/AV:L/AC:L/PR:L/UI:N/S:U/C:H/I:N/A:N,none,no,partial
2026-07,CVE-2024-26783,ICSA-26-209-04,Siemens SIMATIC S7-1500 CPU 1518(F)-4 PN/DP MFP,5.5,CVSS:3.1/AV:L/AC:L/PR:L/UI:N/S:U/C:N/I:N/A:H,none,no,partial
2026-07,CVE-2024-27056,ICSA-26-209-04,Siemens SIMATIC S7-1500 CPU 1518(F)-4 PN/DP MFP,5.5,CVSS:3.1/AV:L/AC:L/PR:L/UI:N/S:U/C:N/I:N/A:H,none,no,partial
2026-07,CVE-2024-28956,ICSA-26-209-04,Siemens SIMATIC S7-1500 CPU 1518(F)-4 PN/DP MFP,5.6,CVSS:3.1/AV:L/AC:H/PR:L/UI:N/S:C/C:H/I:N/A:N,none,no,partial
2026-07,CVE-2024-36903,ICSA-26-209-04,Siemens SIMATIC S7-1500 CPU 1518(F)-4 PN/DP MFP,5.6,CVSS:3.1/AV:N/AC:H/PR:N/UI:N/S:U/C:L/I:L/A:L,none,no,partial
2026-07,CVE-2024-36927,ICSA-26-209-04,Siemens SIMATIC S7-1500 CPU 1518(F)-4 PN/DP MFP,4.7,CVSS:3.1/AV:L/AC:H/PR:L/UI:N/S:U/C:N/I:N/A:H,none,no,partial
2026-07,CVE-2024-3980,ICSA-26-260-03,Hitachi Energy FACTS Control Platform (FCP),9.9,CVSS:3.1/AV:N/AC:L/PR:L/UI:N/S:C/C:H/I:H/A:H,none,no,total
2026-07,CVE-2024-3982,ICSA-26-260-03,Hitachi Energy FACTS Control Platform (FCP),8.2,CVSS:3.1/AV:L/AC:L/PR:H/UI:N/S:C/C:H/I:H/A:H,none,no,total
2026-07,CVE-2024-42079,ICSA-26-209-04,Siemens SIMATIC S7-1500 CPU 1518(F)-4 PN/DP MFP,5.5,CVSS:3.1/AV:L/AC:L/PR:L/UI:N/S:U/C:N/I:N/A:H,none,no,partial
2026-07,CVE-2024-46786,ICSA-26-209-04,Siemens SIMATIC S7-1500 CPU 1518(F)-4 PN/DP MFP,7.8,CVSS:3.1/AV:L/AC:L/PR:L/UI:N/S:U/C:H/I:H/A:H,none,no,partial
2026-07,CVE-2024-47736,ICSA-26-209-04,Siemens SIMATIC S7-1500 CPU 1518(F)-4 PN/DP MFP,5.5,CVSS:3.1/AV:L/AC:L/PR:L/UI:N/S:U/C:N/I:N/A:H,none,no,partial
2026-07,CVE-2024-47809,ICSA-26-209-04,Siemens SIMATIC S7-1500 CPU 1518(F)-4 PN/DP MFP,5.5,CVSS:3.1/AV:L/AC:L/PR:L/UI:N/S:U/C:N/I:N/A:H,none,no,partial
2026-07,CVE-2024-4872,ICSA-26-260-03,Hitachi Energy FACTS Control Platform (FCP),9.9,CVSS:3.1/AV:N/AC:L/PR:L/UI:N/S:C/C:H/I:H/A:H,none,no,total
2026-07,CVE-2024-49968,ICSA-26-209-04,Siemens SIMATIC S7-1500 CPU 1518(F)-4 PN/DP MFP,5.5,CVSS:3.1/AV:L/AC:L/PR:L/UI:N/S:U/C:N/I:N/A:H,none,no,partial
2026-07,CVE-2024-49994,ICSA-26-209-04,Siemens SIMATIC S7-1500 CPU 1518(F)-4 PN/DP MFP,5.5,CVSS:3.1/AV:L/AC:L/PR:L/UI:N/S:U/C:N/I:N/A:H,none,no,partial
2026-07,CVE-2024-49998,ICSA-26-209-04,Siemens SIMATIC S7-1500 CPU 1518(F)-4 PN/DP MFP,4.7,CVSS:3.1/AV:L/AC:H/PR:L/UI:N/S:U/C:N/I:N/A:H,none,no,partial
2026-07,CVE-2024-50014,ICSA-26-209-04,Siemens SIMATIC S7-1500 CPU 1518(F)-4 PN/DP MFP,5.5,CVSS:3.1/AV:L/AC:L/PR:L/UI:N/S:U/C:N/I:N/A:H,none,no,partial
2026-07,CVE-2024-50063,ICSA-26-209-04,Siemens SIMATIC S7-1500 CPU 1518(F)-4 PN/DP MFP,6.7,CVSS:3.1/AV:L/AC:L/PR:H/UI:N/S:U/C:H/I:H/A:H,none,no,partial
2026-07,CVE-2024-50298,ICSA-26-209-04,Siemens SIMATIC S7-1500 CPU 1518(F)-4 PN/DP MFP,5.5,CVSS:3.1/AV:L/AC:L/PR:L/UI:N/S:U/C:N/I:N/A:H,none,no,partial
2026-07,CVE-2024-53170,ICSA-26-209-04,Siemens SIMATIC S7-1500 CPU 1518(F)-4 PN/DP MFP,7.8,CVSS:3.1/AV:L/AC:L/PR:L/UI:N/S:U/C:H/I:H/A:H,none,no,total
2026-07,CVE-2024-54458,ICSA-26-209-04,Siemens SIMATIC S7-1500 CPU 1518(F)-4 PN/DP MFP,7.8,CVSS:3.1/AV:L/AC:L/PR:L/UI:N/S:U/C:H/I:H/A:H,none,no,total
2026-07,CVE-2024-56631,ICSA-26-209-04,Siemens SIMATIC S7-1500 CPU 1518(F)-4 PN/DP MFP,7.8,CVSS:3.1/AV:L/AC:L/PR:L/UI:N/S:U/C:H/I:H/A:H,none,no,total
2026-07,CVE-2024-56703,ICSA-26-209-04,Siemens SIMATIC S7-1500 CPU 1518(F)-4 PN/DP MFP,5.5,CVSS:3.1/AV:L/AC:L/PR:L/UI:N/S:U/C:N/I:N/A:H,none,no,partial
2026-07,CVE-2024-56719,ICSA-26-209-04,Siemens SIMATIC S7-1500 CPU 1518(F)-4 PN/DP MFP,5.5,CVSS:3.1/AV:L/AC:L/PR:L/UI:N/S:U/C:N/I:N/A:H,none,no,partial
2026-07,CVE-2024-57979,ICSA-26-209-04,Siemens SIMATIC S7-1500 CPU 1518(F)-4 PN/DP MFP,7.8,CVSS:3.1/AV:L/AC:L/PR:L/UI:N/S:U/C:H/I:H/A:H,none,no,total
2026-07,CVE-2024-58011,ICSA-26-209-04,Siemens SIMATIC S7-1500 CPU 1518(F)-4 PN/DP MFP,5.5,CVSS:3.1/AV:L/AC:L/PR:L/UI:N/S:U/C:N/I:N/A:H,none,no,partial
2026-07,CVE-2024-58058,ICSA-26-209-04,Siemens SIMATIC S7-1500 CPU 1518(F)-4 PN/DP MFP,5.5,CVSS:3.1/AV:L/AC:L/PR:L/UI:N/S:U/C:N/I:N/A:H,none,no,partial
2026-07,CVE-2024-7940,ICSA-26-260-03,Hitachi Energy FACTS Control Platform (FCP),8.3,CVSS:3.1/AV:N/AC:H/PR:N/UI:R/S:C/C:H/I:H/A:H,none,no,total
2026-07,CVE-2024-7941,ICSA-26-260-03,Hitachi Energy FACTS Control Platform (FCP),4.3,CVSS:3.1/AV:N/AC:L/PR:N/UI:R/S:U/C:N/I:L/A:N,none,no,partial
2026-07,CVE-2025-10585,ICSA-26-202-06,Siemens CADRA,8.8,CVSS:3.1/AV:N/AC:L/PR:N/UI:R/S:U/C:H/I:H/A:H,active,no,total
2026-07,CVE-2025-11698,ICSA-26-197-06,"Rockwell Automation CompactLogix, ControlLogix, Compact GuardLogix and GuardLogix",8.6,CVSS:3.1/AV:N/AC:L/PR:N/UI:N/S:C/C:N/I:N/A:H,none,yes,partial
2026-07,CVE-2025-12011,ICSA-26-197-06,"Rockwell Automation CompactLogix, ControlLogix, Compact GuardLogix and GuardLogix",8.6,CVSS:3.1/AV:N/AC:L/PR:N/UI:N/S:C/C:N/I:N/A:H,none,yes,partial
2026-07,CVE-2025-12012,ICSA-26-197-06,"Rockwell Automation CompactLogix, ControlLogix, Compact GuardLogix and GuardLogix",8.6,CVSS:3.1/AV:N/AC:L/PR:N/UI:N/S:C/C:N/I:N/A:H,none,yes,partial
2026-07,CVE-2025-13223,ICSA-26-202-06,Siemens CADRA,8.8,CVSS:3.1/AV:N/AC:L/PR:N/UI:R/S:U/C:H/I:H/A:H,active,no,total
2026-07,CVE-2025-14847,ICSA-26-218-01,ABB Ability Zenon,7.5,CVSS:3.1/AV:N/AC:L/PR:N/UI:N/S:U/C:H/I:N/A:N/E:F/RL:U/RC:C,active,yes,partial
2026-07,CVE-2025-15467,ICSA-26-209-01,Siemens Desigo CC,9.8,CVSS:3.1/AV:N/AC:L/PR:N/UI:N/S:U/C:H/I:H/A:H,poc,yes,total
2026-07,CVE-2025-21676,ICSA-26-209-04,Siemens SIMATIC S7-1500 CPU 1518(F)-4 PN/DP MFP,5.5,CVSS:3.1/AV:L/AC:L/PR:L/UI:N/S:U/C:N/I:N/A:H,none,no,partial
2026-07,CVE-2025-21682,ICSA-26-209-04,Siemens SIMATIC S7-1500 CPU 1518(F)-4 PN/DP MFP,5.5,CVSS:3.1/AV:L/AC:L/PR:L/UI:N/S:U/C:N/I:N/A:H,none,no,partial
2026-07,CVE-2025-21731,ICSA-26-209-04,Siemens SIMATIC S7-1500 CPU 1518(F)-4 PN/DP MFP,7.8,CVSS:3.1/AV:L/AC:L/PR:L/UI:N/S:U/C:H/I:H/A:H,none,no,total
2026-07,CVE-2025-21760,ICSA-26-209-04,Siemens SIMATIC S7-1500 CPU 1518(F)-4 PN/DP MFP,7.8,CVSS:3.1/AV:L/AC:L/PR:L/UI:N/S:U/C:H/I:H/A:H,none,no,total
2026-07,CVE-2025-21764,ICSA-26-209-04,Siemens SIMATIC S7-1500 CPU 1518(F)-4 PN/DP MFP,7.8,CVSS:3.1/AV:L/AC:L/PR:L/UI:N/S:U/C:H/I:H/A:H,none,no,total
2026-07,CVE-2025-21780,ICSA-26-209-04,Siemens SIMATIC S7-1500 CPU 1518(F)-4 PN/DP MFP,7.8,CVSS:3.1/AV:L/AC:L/PR:L/UI:N/S:U/C:H/I:H/A:H,none,no,total
2026-07,CVE-2025-21796,ICSA-26-209-04,Siemens SIMATIC S7-1500 CPU 1518(F)-4 PN/DP MFP,7.8,CVSS:3.1/AV:L/AC:L/PR:L/UI:N/S:U/C:H/I:H/A:H,none,no,total
2026-07,CVE-2025-21846,ICSA-26-209-04,Siemens SIMATIC S7-1500 CPU 1518(F)-4 PN/DP MFP,5.5,CVSS:3.1/AV:L/AC:L/PR:L/UI:N/S:U/C:N/I:N/A:H,none,no,partial
2026-07,CVE-2025-21861,ICSA-26-209-04,Siemens SIMATIC S7-1500 CPU 1518(F)-4 PN/DP MFP,5.5,CVSS:3.1/AV:L/AC:L/PR:L/UI:N/S:U/C:N/I:N/A:H,none,no,partial
2026-07,CVE-2025-21864,ICSA-26-209-04,Siemens SIMATIC S7-1500 CPU 1518(F)-4 PN/DP MFP,5.5,CVSS:3.1/AV:L/AC:L/PR:L/UI:N/S:U/C:N/I:N/A:H,none,no,partial
2026-07,CVE-2025-21867,ICSA-26-209-04,Siemens SIMATIC S7-1500 CPU 1518(F)-4 PN/DP MFP,7.8,CVSS:3.1/AV:L/AC:L/PR:L/UI:N/S:U/C:H/I:H/A:H,none,no,total
2026-07,CVE-2025-21887,ICSA-26-209-04,Siemens SIMATIC S7-1500 CPU 1518(F)-4 PN/DP MFP,7.8,CVSS:3.1/AV:L/AC:L/PR:L/UI:N/S:U/C:H/I:H/A:H,none,no,total
2026-07,CVE-2025-21919,ICSA-26-209-04,Siemens SIMATIC S7-1500 CPU 1518(F)-4 PN/DP MFP,7.8,CVSS:3.1/AV:L/AC:L/PR:L/UI:N/S:U/C:H/I:H/A:H,none,no,total
2026-07,CVE-2025-21959,ICSA-26-209-04,Siemens SIMATIC S7-1500 CPU 1518(F)-4 PN/DP MFP,5.5,CVSS:3.1/AV:L/AC:L/PR:L/UI:N/S:U/C:N/I:N/A:H,none,no,partial
2026-07,CVE-2025-21999,ICSA-26-209-04,Siemens SIMATIC S7-1500 CPU 1518(F)-4 PN/DP MFP,7.8,CVSS:3.1/AV:L/AC:L/PR:L/UI:N/S:U/C:H/I:H/A:H,none,no,total
2026-07,CVE-2025-22005,ICSA-26-209-04,Siemens SIMATIC S7-1500 CPU 1518(F)-4 PN/DP MFP,5.5,CVSS:3.1/AV:L/AC:L/PR:L/UI:N/S:U/C:N/I:N/A:H,none,no,partial
2026-07,CVE-2025-22056,ICSA-26-209-04,Siemens SIMATIC S7-1500 CPU 1518(F)-4 PN/DP MFP,7.8,CVSS:3.1/AV:L/AC:L/PR:L/UI:N/S:U/C:H/I:H/A:H,none,no,total
2026-07,CVE-2025-23136,ICSA-26-209-04,Siemens SIMATIC S7-1500 CPU 1518(F)-4 PN/DP MFP,5.5,CVSS:3.1/AV:L/AC:L/PR:L/UI:N/S:U/C:N/I:N/A:H,none,no,partial
2026-07,CVE-2025-26465,ICSA-26-202-04,Siemens SIDIS Secured SmartPlug,6.8,CVSS:3.1/AV:N/AC:H/PR:N/UI:R/S:U/C:H/I:H/A:N,poc,no,total
2026-07,CVE-2025-32462,ICSA-26-202-04,Siemens SIDIS Secured SmartPlug,2.8,CVSS:3.1/AV:L/AC:H/PR:L/UI:N/S:C/C:N/I:L/A:N,none,no,partial
2026-07,CVE-2025-38232,ICSA-26-209-04,Siemens SIMATIC S7-1500 CPU 1518(F)-4 PN/DP MFP,4.1,CVSS:3.1/AV:L/AC:H/PR:H/UI:N/S:U/C:N/I:N/A:H,none,no,partial
2026-07,CVE-2025-38591,ICSA-26-209-04,Siemens SIMATIC S7-1500 CPU 1518(F)-4 PN/DP MFP,4.4,CVSS:3.1/AV:L/AC:L/PR:L/UI:N/S:U/C:L/I:N/A:L,none,no,partial
2026-07,CVE-2025-39953,ICSA-26-209-04,Siemens SIMATIC S7-1500 CPU 1518(F)-4 PN/DP MFP,5.5,CVSS:3.1/AV:L/AC:L/PR:L/UI:N/S:U/C:N/I:N/A:H,none,no,partial
2026-07,CVE-2025-39955,ICSA-26-209-04,Siemens SIMATIC S7-1500 CPU 1518(F)-4 PN/DP MFP,7.0,CVSS:3.1/AV:L/AC:H/PR:L/UI:N/S:U/C:H/I:H/A:H,none,no,total
2026-07,CVE-2025-39964,ICSA-26-209-04,Siemens SIMATIC S7-1500 CPU 1518(F)-4 PN/DP MFP,5.5,CVSS:3.1/AV:L/AC:L/PR:L/UI:N/S:U/C:N/I:N/A:H,active,no,total
2026-07,CVE-2025-40135,ICSA-26-209-04,Siemens SIMATIC S7-1500 CPU 1518(F)-4 PN/DP MFP,7.0,CVSS:3.1/AV:L/AC:H/PR:L/UI:N/S:U/C:H/I:H/A:H,none,no,partial
2026-07,CVE-2025-40300,ICSA-26-209-04,Siemens SIMATIC S7-1500 CPU 1518(F)-4 PN/DP MFP,6.5,CVSS:3.1/AV:L/AC:L/PR:L/UI:N/S:C/C:H/I:N/A:N,none,no,partial
2026-07,CVE-2025-40945,ICSA-26-202-05,Siemens IAM Client,6.7,CVSS:3.1/AV:L/AC:L/PR:H/UI:N/S:U/C:H/I:H/A:H,none,no,total
2026-07,CVE-2025-5222,ICSA-26-202-04,Siemens SIDIS Secured SmartPlug,7.0,CVSS:3.1/AV:L/AC:H/PR:N/UI:R/S:U/C:H/I:H/A:H,none,no,total
2026-07,CVE-2025-5914,ICSA-26-202-04,Siemens SIDIS Secured SmartPlug,7.8,CVSS:3.1/AV:L/AC:L/PR:N/UI:R/S:U/C:H/I:H/A:H,poc,no,partial
2026-07,CVE-2025-61984,ICSA-26-209-04,Siemens SIMATIC S7-1500 CPU 1518(F)-4 PN/DP MFP,3.6,CVSS:3.1/AV:L/AC:H/PR:L/UI:N/S:U/C:L/I:L/A:N,poc,no,total
2026-07,CVE-2025-61985,ICSA-26-209-04,Siemens SIMATIC S7-1500 CPU 1518(F)-4 PN/DP MFP,3.6,CVSS:3.1/AV:L/AC:H/PR:L/UI:N/S:U/C:L/I:L/A:N,none,no,partial
2026-07,CVE-2025-68261,ICSA-26-209-04,Siemens SIMATIC S7-1500 CPU 1518(F)-4 PN/DP MFP,5.5,CVSS:3.1/AV:L/AC:L/PR:L/UI:N/S:U/C:N/I:N/A:H,none,no,partial
2026-07,CVE-2025-68264,ICSA-26-209-04,Siemens SIMATIC S7-1500 CPU 1518(F)-4 PN/DP MFP,5.5,CVSS:3.1/AV:L/AC:L/PR:L/UI:N/S:U/C:N/I:N/A:H,none,no,partial
2026-07,CVE-2025-68337,ICSA-26-209-04,Siemens SIMATIC S7-1500 CPU 1518(F)-4 PN/DP MFP,5.5,CVSS:3.1/AV:L/AC:L/PR:L/UI:N/S:U/C:N/I:N/A:H,none,no,partial
2026-07,CVE-2025-68349,ICSA-26-209-04,Siemens SIMATIC S7-1500 CPU 1518(F)-4 PN/DP MFP,7.5,CVSS:3.1/AV:N/AC:L/PR:N/UI:N/S:U/C:N/I:N/A:H,none,no,partial
2026-07,CVE-2025-68724,ICSA-26-209-04,Siemens SIMATIC S7-1500 CPU 1518(F)-4 PN/DP MFP,5.5,CVSS:3.1/AV:L/AC:L/PR:L/UI:N/S:U/C:N/I:N/A:H,none,yes,partial
2026-07,CVE-2025-68725,ICSA-26-209-04,Siemens SIMATIC S7-1500 CPU 1518(F)-4 PN/DP MFP,5.5,CVSS:3.1/AV:L/AC:L/PR:L/UI:N/S:U/C:N/I:N/A:H,none,no,partial
2026-07,CVE-2025-68764,ICSA-26-209-04,Siemens SIMATIC S7-1500 CPU 1518(F)-4 PN/DP MFP,6.1,CVSS:3.1/AV:L/AC:L/PR:L/UI:N/S:U/C:L/I:H/A:N,none,no,partial
2026-07,CVE-2025-68782,ICSA-26-209-04,Siemens SIMATIC S7-1500 CPU 1518(F)-4 PN/DP MFP,5.5,CVSS:3.1/AV:L/AC:L/PR:L/UI:N/S:U/C:N/I:N/A:H,none,no,partial
2026-07,CVE-2025-68788,ICSA-26-209-04,Siemens SIMATIC S7-1500 CPU 1518(F)-4 PN/DP MFP,4.7,CVSS:3.1/AV:L/AC:H/PR:L/UI:N/S:U/C:H/I:N/A:N,none,no,partial
2026-07,CVE-2025-68816,ICSA-26-209-04,Siemens SIMATIC S7-1500 CPU 1518(F)-4 PN/DP MFP,5.6,CVSS:3.1/AV:P/AC:H/PR:L/UI:N/S:U/C:H/I:N/A:H,none,no,partial
2026-07,CVE-2025-68820,ICSA-26-209-04,Siemens SIMATIC S7-1500 CPU 1518(F)-4 PN/DP MFP,5.5,CVSS:3.1/AV:L/AC:L/PR:L/UI:N/S:U/C:N/I:N/A:H,none,no,partial
2026-07,CVE-2025-71075,ICSA-26-209-04,Siemens SIMATIC S7-1500 CPU 1518(F)-4 PN/DP MFP,5.5,CVSS:3.1/AV:L/AC:L/PR:L/UI:N/S:U/C:N/I:N/A:H,none,no,total
2026-07,CVE-2025-71085,ICSA-26-209-04,Siemens SIMATIC S7-1500 CPU 1518(F)-4 PN/DP MFP,7.5,CVSS:3.1/AV:N/AC:L/PR:N/UI:N/S:U/C:N/I:N/A:H,none,no,partial
2026-07,CVE-2025-71097,ICSA-26-209-04,Siemens SIMATIC S7-1500 CPU 1518(F)-4 PN/DP MFP,7.0,CVSS:3.1/AV:L/AC:H/PR:L/UI:N/S:U/C:H/I:H/A:H,none,no,partial
2026-07,CVE-2025-71098,ICSA-26-209-04,Siemens SIMATIC S7-1500 CPU 1518(F)-4 PN/DP MFP,6.2,CVSS:3.1/AV:L/AC:L/PR:N/UI:N/S:U/C:N/I:N/A:H,none,no,partial
2026-07,CVE-2025-71104,ICSA-26-209-04,Siemens SIMATIC S7-1500 CPU 1518(F)-4 PN/DP MFP,5.5,CVSS:3.1/AV:L/AC:L/PR:L/UI:N/S:U/C:N/I:N/A:H,none,no,partial
2026-07,CVE-2025-71113,ICSA-26-209-04,Siemens SIMATIC S7-1500 CPU 1518(F)-4 PN/DP MFP,5.5,CVSS:3.1/AV:L/AC:L/PR:L/UI:N/S:U/C:N/I:N/A:H,none,no,partial
2026-07,CVE-2025-71114,ICSA-26-209-04,Siemens SIMATIC S7-1500 CPU 1518(F)-4 PN/DP MFP,5.5,CVSS:3.1/AV:L/AC:L/PR:L/UI:N/S:U/C:N/I:N/A:H,none,no,partial
2026-07,CVE-2025-71120,ICSA-26-209-04,Siemens SIMATIC S7-1500 CPU 1518(F)-4 PN/DP MFP,7.5,CVSS:3.1/AV:N/AC:L/PR:N/UI:N/S:U/C:N/I:N/A:H,none,no,partial
2026-07,CVE-2025-71131,ICSA-26-209-04,Siemens SIMATIC S7-1500 CPU 1518(F)-4 PN/DP MFP,5.5,CVSS:3.1/AV:L/AC:L/PR:L/UI:N/S:U/C:N/I:N/A:H,none,no,partial
2026-07,CVE-2025-71190,ICSA-26-209-04,Siemens SIMATIC S7-1500 CPU 1518(F)-4 PN/DP MFP,5.5,CVSS:3.1/AV:L/AC:L/PR:L/UI:N/S:U/C:N/I:N/A:H,none,no,partial
2026-07,CVE-2025-9230,ICSA-26-202-04,Siemens SIDIS Secured SmartPlug,7.5,CVSS:3.1/AV:N/AC:L/PR:N/UI:N/S:U/C:N/I:N/A:H,none,no,partial
2026-07,CVE-2025-9231,ICSA-26-202-04,Siemens SIDIS Secured SmartPlug,6.5,CVSS:3.1/AV:N/AC:L/PR:N/UI:N/S:U/C:L/I:N/A:L,none,no,partial
2026-07,CVE-2025-9232,ICSA-26-202-04,Siemens SIDIS Secured SmartPlug,5.9,CVSS:3.1/AV:N/AC:H/PR:N/UI:N/S:U/C:N/I:N/A:H,none,no,partial
2026-07,CVE-2026-0266,ICSA-26-202-02,Siemens RUGGEDCOM APE1808 with Palo Alto Networks Virtual NGFW,2.4,CVSS:3.1/AV:N/AC:L/PR:H/UI:R/S:U/C:N/I:L/A:N,none,no,partial
2026-07,CVE-2026-0272,ICSA-26-202-02,Siemens RUGGEDCOM APE1808 with Palo Alto Networks Virtual NGFW,6.5,CVSS:3.1/AV:N/AC:L/PR:H/UI:N/S:U/C:H/I:H/A:N,none,no,total
2026-07,CVE-2026-0273,ICSA-26-202-02,Siemens RUGGEDCOM APE1808 with Palo Alto Networks Virtual NGFW,7.2,CVSS:3.1/AV:N/AC:L/PR:H/UI:N/S:U/C:H/I:H/A:H,none,no,total
2026-07,CVE-2026-10573,ICSA-26-202-09,Rockwell Automation 1734 POINT I/O (Update A),3.7,CVSS:3.1/AV:N/AC:H/PR:N/UI:N/S:U/C:N/I:N/A:L,none,yes,partial
2026-07,CVE-2026-10577,ICSA-26-195-04,Rockwell Automation 1715-AENTR EtherNet/IP Adapter,10.0,CVSS:3.1/AV:N/AC:L/PR:N/UI:N/S:C/C:H/I:H/A:H,none,yes,total
2026-07,CVE-2026-10714,ICSA-26-202-07,Rockwell Automation FactoryTalk Services Platform,7.8,CVSS:3.1/AV:L/AC:H/PR:L/UI:N/S:C/C:H/I:H/A:H,none,no,total
2026-07,CVE-2026-11889,ICSA-26-197-07,SALTO ProAccess Space,6.5,CVSS:3.1/AV:N/AC:L/PR:L/UI:N/S:U/C:N/I:H/A:N,none,no,partial
2026-07,CVE-2026-11917,ICSA-26-204-05,Rockwell Automation ThinManager,8.1,CVSS:3.1/AV:N/AC:L/PR:L/UI:N/S:U/C:N/I:H/A:H,none,no,partial
2026-07,CVE-2026-12352,ICSA-26-188-07,"Digi International PortServer TS, Digi One SP IA",5.9,CVSS:3.1/AV:N/AC:H/PR:N/UI:N/S:U/C:H/I:N/A:N,none,no,partial
2026-07,CVE-2026-12562,ICSA-26-211-03,Toptech Systems RCU II+ and Multiload II+,8.8,CVSS:3.1/AV:A/AC:L/PR:N/UI:N/S:U/C:H/I:H/A:H,none,no,total
2026-07,CVE-2026-12659,ICSA-26-197-08,Rockwell Automation Flex 5000 Adapter,7.5,CVSS:3.1/AV:N/AC:L/PR:N/UI:N/S:U/C:N/I:N/A:H,none,yes,partial
2026-07,CVE-2026-12705,ICSA-26-209-07,ABB KNX Update Tool,6.4,CVSS:3.1/AV:A/AC:H/PR:L/UI:N/S:U/C:N/I:H/A:H/E:F/RL:U/RC:C,none,no,partial
2026-07,CVE-2026-12927,ICSA-26-211-04,Schneider Electric IGSS,7.8,CVSS:3.1/AV:L/AC:L/PR:N/UI:R/S:U/C:H/I:H/A:H,none,no,total
2026-07,CVE-2026-12948,ICSA-26-188-07,"Digi International PortServer TS, Digi One SP IA",3.8,CVSS:3.1/AV:N/AC:L/PR:H/UI:N/S:U/C:L/I:L/A:N,none,no,partial
2026-07,CVE-2026-13584,ICSA-26-211-07,Mitsubishi Electric CC-Link IE TSN Communication Protocol (Update A),7.1,CVSS:3.1/AV:A/AC:L/PR:N/UI:N/S:U/C:N/I:H/A:L,none,no,partial
2026-07,CVE-2026-13743,ICSA-26-183-02,CubeSpace CW0057 Reaction Wheel,6.1,CVSS:3.1/AV:P/AC:L/PR:N/UI:N/S:U/C:N/I:H/A:H,none,no,partial
2026-07,CVE-2026-13768,ICSA-26-183-03,Gardyn IoT Hub,10.0,CVSS:3.1/AV:N/AC:L/PR:N/UI:N/S:C/C:H/I:H/A:L,none,yes,total
2026-07,CVE-2026-14227,ICSA-26-211-01,MikroTik RouterOS,4.9,CVSS:3.1/AV:N/AC:L/PR:H/UI:N/S:U/C:H/I:N/A:N,none,no,partial
2026-07,CVE-2026-14480,ICSA-26-190-01,OpenPLC v3,9.9,CVSS:3.1/AV:N/AC:L/PR:L/UI:N/S:C/C:H/I:H/A:H,none,no,total
2026-07,CVE-2026-15352,ICSA-26-197-03,NASA Core Flight System (cFS) Health & Safety (HS) Application,7.5,CVSS:3.1/AV:N/AC:L/PR:N/UI:N/S:U/C:N/I:N/A:H,none,yes,partial
2026-07,CVE-2026-16002,ICSA-26-204-07,MZ Automation lib60870,8.2,CVSS:3.1/AV:N/AC:L/PR:N/UI:N/S:U/C:L/I:N/A:H,none,yes,partial
2026-07,CVE-2026-16347,ICSA-26-209-05,MikroTik RouterOS and Cloud Hosted Router,8.8,CVSS:3.1/AV:A/AC:L/PR:N/UI:N/S:U/C:H/I:H/A:H,none,no,total
2026-07,CVE-2026-16581,ICSA-26-209-06,igloohome Smart Lock Mobile Application,5.3,CVSS:3.1/AV:N/AC:L/PR:N/UI:N/S:U/C:L/I:N/A:N,none,yes,partial
2026-07,CVE-2026-18064,ICSA-26-211-06,NASA Core Flight System (cFS) Health & Safety (HS) Application,7.5,CVSS:3.1/AV:N/AC:L/PR:N/UI:N/S:U/C:N/I:N/A:H,none,yes,partial
2026-07,CVE-2026-20744,ICSA-26-188-01,Hydro-Québec Le Circuit Electrique charging station backend,9.8,CVSS:3.1/AV:N/AC:L/PR:N/UI:N/S:U/C:H/I:H/A:H,none,yes,total
2026-07,CVE-2026-21653,ICSA-26-204-01,Johnson Controls C-CURE 9000 and Victor application server (Update A),9.6,CVSS:3.1/AV:A/AC:L/PR:N/UI:N/S:C/C:H/I:H/A:H,none,no,partial
2026-07,CVE-2026-21655,ICSA-26-204-01,Johnson Controls C-CURE 9000 and Victor application server (Update A),9.6,CVSS:3.1/AV:A/AC:L/PR:N/UI:N/S:C/C:H/I:H/A:H,none,no,total
2026-07,CVE-2026-22184,ICSA-26-202-06,Siemens CADRA,0.0,CVSS:3.1/AV:N/AC:H/PR:N/UI:R/S:U/C:N/I:N/A:N,poc,yes,total
2026-07,CVE-2026-22977,ICSA-26-209-04,Siemens SIMATIC S7-1500 CPU 1518(F)-4 PN/DP MFP,5.5,CVSS:3.1/AV:L/AC:L/PR:L/UI:N/S:U/C:N/I:N/A:H,none,no,partial
2026-07,CVE-2026-22980,ICSA-26-209-04,Siemens SIMATIC S7-1500 CPU 1518(F)-4 PN/DP MFP,7.8,CVSS:3.1/AV:L/AC:L/PR:L/UI:N/S:U/C:H/I:H/A:H,none,no,total
2026-07,CVE-2026-22992,ICSA-26-209-04,Siemens SIMATIC S7-1500 CPU 1518(F)-4 PN/DP MFP,7.5,CVSS:3.1/AV:N/AC:L/PR:N/UI:N/S:U/C:N/I:N/A:H,none,yes,partial
2026-07,CVE-2026-23003,ICSA-26-209-04,Siemens SIMATIC S7-1500 CPU 1518(F)-4 PN/DP MFP,7.5,CVSS:3.1/AV:N/AC:L/PR:N/UI:N/S:U/C:N/I:N/A:H,none,yes,partial
2026-07,CVE-2026-23005,ICSA-26-209-04,Siemens SIMATIC S7-1500 CPU 1518(F)-4 PN/DP MFP,5.5,CVSS:3.1/AV:L/AC:L/PR:L/UI:N/S:U/C:N/I:N/A:H,none,no,partial
2026-07,CVE-2026-23011,ICSA-26-209-04,Siemens SIMATIC S7-1500 CPU 1518(F)-4 PN/DP MFP,6.6,CVSS:3.1/AV:L/AC:L/PR:L/UI:N/S:U/C:L/I:L/A:H,none,no,partial
2026-07,CVE-2026-23038,ICSA-26-209-04,Siemens SIMATIC S7-1500 CPU 1518(F)-4 PN/DP MFP,5.5,CVSS:3.1/AV:L/AC:L/PR:L/UI:N/S:U/C:N/I:N/A:H,none,no,partial
2026-07,CVE-2026-23060,ICSA-26-209-04,Siemens SIMATIC S7-1500 CPU 1518(F)-4 PN/DP MFP,7.0,CVSS:3.1/AV:L/AC:H/PR:L/UI:N/S:U/C:H/I:H/A:H,none,no,partial
2026-07,CVE-2026-23083,ICSA-26-209-04,Siemens SIMATIC S7-1500 CPU 1518(F)-4 PN/DP MFP,3.3,CVSS:3.1/AV:L/AC:L/PR:L/UI:N/S:U/C:N/I:N/A:L,none,no,total
2026-07,CVE-2026-23084,ICSA-26-209-04,Siemens SIMATIC S7-1500 CPU 1518(F)-4 PN/DP MFP,5.5,CVSS:3.1/AV:L/AC:L/PR:L/UI:N/S:U/C:N/I:N/A:H,none,no,partial
2026-07,CVE-2026-23086,ICSA-26-209-04,Siemens SIMATIC S7-1500 CPU 1518(F)-4 PN/DP MFP,6.2,CVSS:3.1/AV:L/AC:L/PR:N/UI:N/S:U/C:N/I:N/A:H,none,no,partial
2026-07,CVE-2026-23095,ICSA-26-209-04,Siemens SIMATIC S7-1500 CPU 1518(F)-4 PN/DP MFP,7.5,CVSS:3.1/AV:N/AC:L/PR:N/UI:N/S:U/C:N/I:N/A:H,none,yes,partial
2026-07,CVE-2026-23103,ICSA-26-209-04,Siemens SIMATIC S7-1500 CPU 1518(F)-4 PN/DP MFP,7.8,CVSS:3.1/AV:L/AC:L/PR:L/UI:N/S:U/C:H/I:H/A:H,none,no,total
2026-07,CVE-2026-23110,ICSA-26-209-04,Siemens SIMATIC S7-1500 CPU 1518(F)-4 PN/DP MFP,5.5,CVSS:3.1/AV:L/AC:L/PR:L/UI:N/S:U/C:N/I:N/A:H,none,no,partial
2026-07,CVE-2026-23111,ICSA-26-209-04,Siemens SIMATIC S7-1500 CPU 1518(F)-4 PN/DP MFP,7.8,CVSS:3.1/AV:L/AC:L/PR:L/UI:N/S:U/C:H/I:H/A:H,none,no,total
2026-07,CVE-2026-23154,ICSA-26-209-04,Siemens SIMATIC S7-1500 CPU 1518(F)-4 PN/DP MFP,3.3,CVSS:3.1/AV:L/AC:L/PR:L/UI:N/S:U/C:N/I:N/A:L,none,no,partial
2026-07,CVE-2026-23204,ICSA-26-209-04,Siemens SIMATIC S7-1500 CPU 1518(F)-4 PN/DP MFP,7.1,CVSS:3.1/AV:L/AC:L/PR:L/UI:N/S:U/C:H/I:N/A:H,none,no,partial
2026-07,CVE-2026-23231,ICSA-26-209-04,Siemens SIMATIC S7-1500 CPU 1518(F)-4 PN/DP MFP,7.8,CVSS:3.1/AV:L/AC:L/PR:L/UI:N/S:U/C:H/I:H/A:H,none,no,total
2026-07,CVE-2026-23243,ICSA-26-209-04,Siemens SIMATIC S7-1500 CPU 1518(F)-4 PN/DP MFP,7.8,CVSS:3.1/AV:L/AC:L/PR:L/UI:N/S:U/C:H/I:H/A:H,none,no,total
2026-07,CVE-2026-27135,ICSA-26-209-04,Siemens SIMATIC S7-1500 CPU 1518(F)-4 PN/DP MFP,7.5,CVSS:3.1/AV:N/AC:L/PR:N/UI:N/S:U/C:N/I:N/A:H,none,yes,partial
2026-07,CVE-2026-28698,ICSA-26-204-04,Panduit IntraVUE,8.6,CVSS:3.1/AV:N/AC:L/PR:N/UI:N/S:C/C:H/I:N/A:N,none,yes,partial
2026-07,CVE-2026-31431,ICSA-26-209-04,Siemens SIMATIC S7-1500 CPU 1518(F)-4 PN/DP MFP,7.8,CVSS:3.1/AV:L/AC:L/PR:L/UI:N/S:U/C:H/I:H/A:H,active,no,total
2026-07,CVE-2026-34496,ICSA-26-204-01,Johnson Controls C-CURE 9000 and Victor application server (Update A),8.0,CVSS:3.1/AV:A/AC:L/PR:L/UI:N/S:U/C:H/I:H/A:H,none,no,partial
2026-07,CVE-2026-3497,ICSA-26-209-04,Siemens SIMATIC S7-1500 CPU 1518(F)-4 PN/DP MFP,8.2,CVSS:3.1/AV:N/AC:L/PR:N/UI:N/S:U/C:L/I:N/A:H,none,yes,partial
2026-07,CVE-2026-38057,ICSA-26-183-01,ST Engineering iDirect iQ-Series Terminals (Update A),8.1,CVSS:3.1/AV:N/AC:L/PR:N/UI:R/S:U/C:N/I:H/A:H,none,no,partial
2026-07,CVE-2026-38059,ICSA-26-183-01,ST Engineering iDirect iQ-Series Terminals (Update A),7.5,CVSS:3.1/AV:N/AC:L/PR:N/UI:N/S:U/C:H/I:N/A:N,none,yes,partial
2026-07,CVE-2026-40355,ICSA-26-209-04,Siemens SIMATIC S7-1500 CPU 1518(F)-4 PN/DP MFP,5.9,CVSS:3.1/AV:N/AC:H/PR:N/UI:N/S:U/C:N/I:N/A:H,poc,no,partial
2026-07,CVE-2026-40430,ICSA-26-204-04,Panduit IntraVUE,7.5,CVSS:3.1/AV:N/AC:L/PR:N/UI:N/S:U/C:H/I:N/A:N,none,yes,partial
2026-07,CVE-2026-41989,ICSA-26-209-04,Siemens SIMATIC S7-1500 CPU 1518(F)-4 PN/DP MFP,6.7,CVSS:3.1/AV:L/AC:H/PR:N/UI:N/S:U/C:N/I:H/A:H,none,no,partial
2026-07,CVE-2026-42933,ICSA-26-204-04,Panduit IntraVUE,10.0,CVSS:3.1/AV:N/AC:L/PR:N/UI:N/S:C/C:H/I:H/A:H,none,yes,total
2026-07,CVE-2026-42952,ICSA-26-188-01,Hydro-Québec Le Circuit Electrique charging station backend,7.5,CVSS:3.1/AV:N/AC:L/PR:N/UI:N/S:U/C:N/I:N/A:H,none,yes,partial
2026-07,CVE-2026-42953,ICSA-26-188-06,Labcenter Proteus 9,7.8,CVSS:3.1/AV:L/AC:L/PR:N/UI:R/S:U/C:H/I:H/A:H,none,no,total
2026-07,CVE-2026-42958,ICSA-26-188-06,Labcenter Proteus 9,7.8,CVSS:3.1/AV:L/AC:L/PR:N/UI:R/S:U/C:H/I:H/A:H,none,no,total
2026-07,CVE-2026-43284,ICSA-26-209-04,Siemens SIMATIC S7-1500 CPU 1518(F)-4 PN/DP MFP,8.8,CVSS:3.1/AV:L/AC:L/PR:L/UI:N/S:C/C:H/I:H/A:H,poc,no,total
2026-07,CVE-2026-43500,ICSA-26-225-04,Hitachi Energy APM Edge Product,7.8,CVSS:3.1/AV:L/AC:L/PR:L/UI:N/S:U/C:H/I:H/A:H,none,no,total
2026-07,CVE-2026-44955,ICSA-26-204-04,Panduit IntraVUE,5.3,CVSS:3.1/AV:N/AC:L/PR:N/UI:N/S:U/C:L/I:N/A:N,none,yes,partial
2026-07,CVE-2026-46333,ICSA-26-209-04,Siemens SIMATIC S7-1500 CPU 1518(F)-4 PN/DP MFP,7.1,CVSS:3.1/AV:L/AC:L/PR:L/UI:N/S:U/C:H/I:H/A:N,poc,no,total
2026-07,CVE-2026-49033,ICSA-26-188-06,Labcenter Proteus 9,7.8,CVSS:3.1/AV:L/AC:L/PR:N/UI:R/S:U/C:H/I:H/A:H,none,no,total
2026-07,CVE-2026-49035,ICSA-26-204-06,MZ Automation libIEC61850,8.1,CVSS:3.1/AV:N/AC:H/PR:N/UI:N/S:U/C:H/I:H/A:H,none,no,total
2026-07,CVE-2026-50032,ICSA-26-204-06,MZ Automation libIEC61850,7.5,CVSS:3.1/AV:N/AC:L/PR:N/UI:N/S:U/C:N/I:N/A:H,none,yes,partial
2026-07,CVE-2026-50039,ICSA-26-204-06,MZ Automation libIEC61850,7.5,CVSS:3.1/AV:N/AC:L/PR:N/UI:N/S:U/C:N/I:N/A:H,none,yes,partial
2026-07,CVE-2026-50044,ICSA-26-204-04,Panduit IntraVUE,6.8,CVSS:3.1/AV:N/AC:H/PR:L/UI:N/S:U/C:H/I:H/A:N,none,no,total
2026-07,CVE-2026-50103,ICSA-26-204-06,MZ Automation libIEC61850,6.5,CVSS:3.1/AV:A/AC:L/PR:N/UI:N/S:U/C:N/I:N/A:H,none,no,partial
2026-07,CVE-2026-5121,ICSA-26-202-04,Siemens SIDIS Secured SmartPlug,7.5,CVSS:3.1/AV:N/AC:L/PR:N/UI:N/S:U/C:H/I:N/A:N,none,yes,total
2026-07,CVE-2026-54429,ICSA-26-209-03,Siemens SIMATIC S7-PLCSIM Advanced,7.4,CVSS:3.1/AV:A/AC:L/PR:N/UI:N/S:C/C:N/I:N/A:H,none,no,partial
2026-07,CVE-2026-54477,ICSA-26-183-03,Gardyn IoT Hub,5.4,CVSS:3.1/AV:N/AC:L/PR:N/UI:R/S:U/C:L/I:L/A:N,none,no,partial
2026-07,CVE-2026-54798,ICSA-26-197-05,Siemens SICAM 8,6.5,CVSS:3.1/AV:N/AC:L/PR:L/UI:N/S:U/C:N/I:N/A:H,none,no,partial
2026-07,CVE-2026-54799,ICSA-26-197-05,Siemens SICAM 8,6.7,CVSS:3.1/AV:L/AC:L/PR:H/UI:N/S:U/C:H/I:H/A:H,none,no,total
2026-07,CVE-2026-54800,ICSA-26-197-05,Siemens SICAM 8,4.8,CVSS:3.1/AV:N/AC:H/PR:N/UI:N/S:U/C:L/I:L/A:N,none,no,partial
2026-07,CVE-2026-54801,ICSA-26-197-05,Siemens SICAM 8,7.2,CVSS:3.1/AV:N/AC:L/PR:H/UI:N/S:U/C:H/I:H/A:H,none,no,total
2026-07,CVE-2026-55726,ICSA-26-183-03,Gardyn IoT Hub,5.3,CVSS:3.1/AV:N/AC:L/PR:N/UI:N/S:U/C:L/I:N/A:N,none,yes,partial
2026-07,CVE-2026-55985,ICSA-26-202-01,Tycon Systems TPDIN-Monitor-WEB2 (Update A),4.3,CVSS:3.1/AV:N/AC:L/PR:L/UI:N/S:U/C:L/I:N/A:N,none,no,partial
2026-07,CVE-2026-56451,ICSA-26-202-03,Siemens Opcenter X,10.0,CVSS:3.1/AV:N/AC:L/PR:N/UI:N/S:C/C:H/I:H/A:H,none,yes,total
2026-07,CVE-2026-56758,ICSA-26-211-10,MZ Automation GmbH libiec61850,6.5,CVSS:3.1/AV:A/AC:L/PR:N/UI:N/S:U/C:N/I:N/A:H,none,no,partial
2026-07,CVE-2026-57896,ICSA-26-197-04,AutomationDirect Productivity Suite,6.1,CVSS:3.1/AV:L/AC:L/PR:L/UI:N/S:U/C:L/I:N/A:H,none,no,partial
2026-07,CVE-2026-5846,ICSA-26-211-09,Watchfire Controller Software,5.7,CVSS:3.1/AV:N/AC:H/PR:H/UI:R/S:U/C:H/I:H/A:N,none,no,total
2026-07,CVE-2026-60063,ICSA-26-197-04,AutomationDirect Productivity Suite,7.0,CVSS:3.1/AV:L/AC:H/PR:L/UI:N/S:U/C:H/I:H/A:H,none,no,total
2026-07,CVE-2026-60073,ICSA-26-197-04,AutomationDirect Productivity Suite,5.9,CVSS:3.1/AV:P/AC:L/PR:L/UI:N/S:U/C:H/I:N/A:H,none,no,partial
2026-07,CVE-2026-60134,ICSA-26-204-03,Weintek cMT3092X,8.8,CVSS:3.1/AV:N/AC:L/PR:L/UI:N/S:U/C:H/I:H/A:H,none,no,total
2026-07,CVE-2026-60135,ICSA-26-204-03,Weintek cMT3092X,6.5,CVSS:3.1/AV:N/AC:L/PR:L/UI:N/S:U/C:N/I:H/A:N,none,no,partial
2026-07,CVE-2026-60140,ICSA-26-197-04,AutomationDirect Productivity Suite,6.1,CVSS:3.1/AV:L/AC:L/PR:L/UI:N/S:U/C:L/I:N/A:H,none,no,partial
2026-07,CVE-2026-61378,ICSA-26-197-04,AutomationDirect Productivity Suite,5.5,CVSS:3.1/AV:L/AC:L/PR:L/UI:N/S:U/C:N/I:N/A:H,none,no,partial
2026-07,CVE-2026-61389,ICSA-26-197-04,AutomationDirect Productivity Suite,7.0,CVSS:3.1/AV:L/AC:H/PR:L/UI:N/S:U/C:H/I:H/A:H,none,no,total
2026-07,CVE-2026-61884,ICSA-26-202-01,Tycon Systems TPDIN-Monitor-WEB2 (Update A),9.8,CVSS:3.1/AV:N/AC:L/PR:N/UI:N/S:U/C:H/I:H/A:H,none,yes,total
2026-07,CVE-2026-61886,ICSA-26-204-03,Weintek cMT3092X,6.5,CVSS:3.1/AV:N/AC:L/PR:L/UI:N/S:U/C:H/I:N/A:N,none,no,partial
2026-07,CVE-2026-61892,ICSA-26-204-03,Weintek cMT3092X,8.8,CVSS:3.1/AV:N/AC:L/PR:L/UI:N/S:U/C:H/I:H/A:H,none,no,total
2026-07,CVE-2026-61893,ICSA-26-211-11,MZ Automation lib60870,6.5,CVSS:3.1/AV:N/AC:L/PR:N/UI:N/S:U/C:L/I:N/A:L,poc,yes,partial
2026-07,CVE-2026-63033,ICSA-26-211-11,MZ Automation lib60870,6.5,CVSS:3.1/AV:N/AC:L/PR:N/UI:N/S:U/C:L/I:N/A:L,poc,yes,partial
2026-07,CVE-2026-63035,ICSA-26-211-08,o6 Automation open62541,8.1,CVSS:3.1/AV:N/AC:L/PR:L/UI:N/S:U/C:N/I:H/A:H,none,no,partial
2026-07,CVE-2026-63362,ICSA-26-211-08,o6 Automation open62541,5.9,CVSS:3.1/AV:N/AC:H/PR:N/UI:N/S:U/C:N/I:N/A:H,none,no,partial
2026-07,CVE-2026-63550,ICSA-26-211-10,MZ Automation GmbH libiec61850,6.5,CVSS:3.1/AV:N/AC:L/PR:L/UI:N/S:U/C:N/I:N/A:H,none,no,partial
2026-07,CVE-2026-63559,ICSA-26-211-08,o6 Automation open62541,7.5,CVSS:3.1/AV:N/AC:L/PR:N/UI:N/S:U/C:H/I:N/A:N,none,yes,partial
2026-07,CVE-2026-65421,ICSA-26-211-10,MZ Automation GmbH libiec61850,6.5,CVSS:3.1/AV:A/AC:L/PR:N/UI:N/S:U/C:N/I:N/A:H,none,no,partial
2026-07,CVE-2026-65423,ICSA-26-211-08,o6 Automation open62541,8.8,CVSS:3.1/AV:N/AC:L/PR:L/UI:N/S:U/C:H/I:H/A:H,none,no,total
2026-07,CVE-2026-66349,ICSA-26-211-10,MZ Automation GmbH libiec61850,6.5,CVSS:3.1/AV:A/AC:L/PR:N/UI:N/S:U/C:N/I:N/A:H,none,no,partial
2026-07,CVE-2026-66360,ICSA-26-211-10,MZ Automation GmbH libiec61850,7.5,CVSS:3.1/AV:N/AC:L/PR:N/UI:N/S:U/C:N/I:N/A:H,none,yes,partial
2026-07,CVE-2026-66364,ICSA-26-211-10,MZ Automation GmbH libiec61850,6.5,CVSS:3.1/AV:A/AC:L/PR:N/UI:N/S:U/C:N/I:N/A:H,none,no,partial
2026-07,CVE-2026-66369,ICSA-26-211-10,MZ Automation GmbH libiec61850,6.5,CVSS:3.1/AV:A/AC:L/PR:N/UI:N/S:U/C:N/I:N/A:H,none,no,partial
2026-07,CVE-2026-66720,ICSA-26-211-10,MZ Automation GmbH libiec61850,6.5,CVSS:3.1/AV:A/AC:L/PR:N/UI:N/S:U/C:N/I:N/A:H,none,no,partial
2026-07,CVE-2026-7891,ICSA-26-209-02,Siemens Mendix Runtime,9.1,CVSS:3.1/AV:N/AC:L/PR:N/UI:N/S:U/C:H/I:H/A:N,none,yes,total
2026-07,CVE-2026-8085,ICSA-26-197-01,Rockwell Automation Arena,7.8,CVSS:3.1/AV:L/AC:L/PR:N/UI:R/S:U/C:H/I:H/A:H,none,no,total
2026-07,CVE-2026-8312,ICSA-26-197-01,Rockwell Automation Arena,7.8,CVSS:3.1/AV:L/AC:L/PR:N/UI:R/S:U/C:H/I:H/A:H,none,no,total
2026-07,CVE-2026-8313,ICSA-26-197-01,Rockwell Automation Arena,7.8,CVSS:3.1/AV:L/AC:L/PR:N/UI:R/S:U/C:H/I:H/A:H,none,no,total
2026-07,CVE-2026-8314,ICSA-26-197-01,Rockwell Automation Arena,7.8,CVSS:3.1/AV:L/AC:L/PR:N/UI:R/S:U/C:H/I:H/A:H,none,no,total
2026-07,CVE-2026-9108,ICSA-26-202-10,Rockwell Automation Studio 5000 Logix Designer,6.7,CVSS:3.1/AV:L/AC:H/PR:L/UI:R/S:U/C:H/I:H/A:H,none,no,total
2026-07,CVE-2026-9128,ICSA-26-202-10,Rockwell Automation Studio 5000 Logix Designer,7.5,CVSS:3.1/AV:L/AC:H/PR:L/UI:R/S:C/C:H/I:H/A:H,none,no,total
2026-07,CVE-2026-9140,ICSA-26-202-08,Rockwell Automation 1718-AENTR/1719-AENTR,7.5,CVSS:3.1/AV:N/AC:L/PR:N/UI:N/S:U/C:N/I:N/A:H,none,yes,partial
2026-07,CVE-2026-9292,ICSA-26-197-09,Rockwell Automation FactoryTalk DataMosaix,6.1,CVSS:3.1/AV:N/AC:L/PR:H/UI:R/S:U/C:H/I:H/A:N,none,no,total
2026-07,CVE-2026-9636,ICSA-26-211-05,Rockwell Automation CompactLogix 5380 ControlLogix 5580 / 1756-EN4TR Communications Module,5.9,CVSS:3.1/AV:N/AC:H/PR:N/UI:N/S:U/C:H/I:N/A:N,none,no,partial
2026-07,CVE-2026-9653,ICSA-26-197-02,"Rockwell Automation 1756-EN2, 1756-EN3, and 1756-ENBT",7.5,CVSS:3.1/AV:N/AC:L/PR:N/UI:N/S:U/C:N/I:N/A:H,none,yes,partial
2026-08,CVE-2019-11043,ICSA-26-239-02,All-Line Equipment Company Fuel-Boss,8.7,CVSS:3.1/AV:N/AC:H/PR:N/UI:N/S:C/C:H/I:H/A:N,active,no,total
2026-08,CVE-2025-71409,ICSA-26-219-01,CPDLC over ATN-B1 Vulnerabilities,7.1,CVSS:3.1/AV:N/AC:H/PR:L/UI:N/S:C/C:N/I:H/A:L,none,no,partial
2026-08,CVE-2025-71410,ICSA-26-219-01,CPDLC over ATN-B1 Vulnerabilities,5.3,CVSS:3.1/AV:N/AC:H/PR:L/UI:N/S:U/C:N/I:N/A:H,none,no,partial
2026-08,CVE-2025-71411,ICSA-26-219-01,CPDLC over ATN-B1 Vulnerabilities,5.3,CVSS:3.1/AV:N/AC:H/PR:L/UI:N/S:U/C:N/I:N/A:H,none,no,partial
2026-08,CVE-2025-71412,ICSA-26-219-01,CPDLC over ATN-B1 Vulnerabilities,7.1,CVSS:3.1/AV:N/AC:H/PR:L/UI:N/S:C/C:N/I:H/A:L,none,no,partial
2026-08,CVE-2025-71413,ICSA-26-219-01,CPDLC over ATN-B1 Vulnerabilities,5.3,CVSS:3.1/AV:N/AC:H/PR:L/UI:N/S:U/C:N/I:N/A:H,none,no,partial
2026-08,CVE-2025-7639,ICSA-26-225-01,AVEVA Enterprise SCADA,7.1,CVSS:3.1/AV:N/AC:H/PR:L/UI:N/S:U/C:L/I:H/A:H,none,no,total
2026-08,CVE-2026-18411,ICSA-26-216-01,Acrisure KARR BT and DR-100,8.1,CVSS:3.1/AV:A/AC:L/PR:N/UI:N/S:U/C:N/I:H/A:H,none,no,partial
2026-08,CVE-2026-18717,ICSA-26-239-04,Applied Systems Engineering ASE2000 V2 Communications Test Set,7.4,CVSS:3.1/AV:N/AC:H/PR:N/UI:N/S:U/C:H/I:H/A:N,none,no,total
2026-08,CVE-2026-18965,ICSA-26-237-04,PayRange API,8.8,CVSS:3.1/AV:N/AC:L/PR:L/UI:N/S:U/C:H/I:H/A:H,none,no,total
2026-08,CVE-2026-19188,ICSA-26-225-02,Haiwell IoT Cloud HMI Gateway,10.0,CVSS:3.1/AV:N/AC:L/PR:N/UI:N/S:C/C:H/I:H/A:H,none,yes,total
2026-08,CVE-2026-19670,ICSA-26-230-01,CISA Malcolm,5.4,CVSS:3.1/AV:N/AC:L/PR:L/UI:N/S:U/C:L/I:L/A:N,poc,no,partial
2026-08,CVE-2026-19671,ICSA-26-230-01,CISA Malcolm,6.5,CVSS:3.1/AV:N/AC:L/PR:L/UI:N/S:U/C:N/I:N/A:H,poc,no,partial
2026-08,CVE-2026-23573,ICSA-26-225-06,Siemens RUGGEDCOM APE1808,6.1,CVSS:3.1/AV:N/AC:L/PR:N/UI:R/S:C/C:L/I:L/A:N,none,no,partial
2026-08,CVE-2026-27871,ICSA-26-218-02,Johnson Controls Inc. TL280,4.1,CVSS:3.1/AV:N/AC:H/PR:H/UI:N/S:U/C:L/I:L/A:L,none,no,partial
2026-08,CVE-2026-27875,ICSA-26-232-01,Johnson Controls Simplex Incident Manager,5.8,CVSS:3.1/AV:L/AC:H/PR:L/UI:N/S:U/C:H/I:L/A:L,none,no,partial
2026-08,CVE-2026-3014,ICSA-26-225-09,Siemens Siveillance Video,9.1,CVSS:3.1/AV:N/AC:L/PR:H/UI:N/S:C/C:H/I:H/A:H,none,no,total
2026-08,CVE-2026-34491,ICSA-26-225-14,Johnson Controls Metasys,8.0,CVSS:3.1/AV:N/AC:L/PR:L/UI:R/S:U/C:H/I:H/A:H,none,no,total
2026-08,CVE-2026-34492,ICSA-26-225-03,Johnson Controls Inc. Airwall,6.4,CVSS:3.1/AV:N/AC:H/PR:N/UI:R/S:U/C:H/I:L/A:L,none,no,partial
2026-08,CVE-2026-50058,ICSA-26-225-12,Siemens Solid Edge,7.8,CVSS:3.1/AV:L/AC:L/PR:N/UI:R/S:U/C:H/I:H/A:H,none,no,total
2026-08,CVE-2026-50059,ICSA-26-225-12,Siemens Solid Edge,7.8,CVSS:3.1/AV:L/AC:L/PR:N/UI:R/S:U/C:H/I:H/A:H,none,no,total
2026-08,CVE-2026-50060,ICSA-26-225-12,Siemens Solid Edge,7.8,CVSS:3.1/AV:L/AC:L/PR:N/UI:R/S:U/C:H/I:H/A:H,none,no,total
2026-08,CVE-2026-50061,ICSA-26-225-12,Siemens Solid Edge,7.8,CVSS:3.1/AV:L/AC:L/PR:N/UI:R/S:U/C:H/I:H/A:H,none,no,total
2026-08,CVE-2026-50062,ICSA-26-225-12,Siemens Solid Edge,7.8,CVSS:3.1/AV:L/AC:L/PR:N/UI:R/S:U/C:H/I:H/A:H,none,no,total
2026-08,CVE-2026-50063,ICSA-26-225-12,Siemens Solid Edge,7.8,CVSS:3.1/AV:L/AC:L/PR:N/UI:R/S:U/C:H/I:H/A:H,none,no,total
2026-08,CVE-2026-50064,ICSA-26-225-12,Siemens Solid Edge,7.8,CVSS:3.1/AV:L/AC:L/PR:N/UI:R/S:U/C:H/I:H/A:H,none,no,total
2026-08,CVE-2026-55676,ICSA-26-230-01,CISA Malcolm,8.8,CVSS:3.1/AV:N/AC:L/PR:L/UI:N/S:U/C:H/I:H/A:H,none,no,total
2026-08,CVE-2026-57262,ICSA-26-225-13,Siemens LOGO! Soft Comfort,6.8,CVSS:3.1/AV:L/AC:L/PR:N/UI:N/S:U/C:H/I:L/A:N,none,no,partial
2026-08,CVE-2026-57263,ICSA-26-225-13,Siemens LOGO! Soft Comfort,6.8,CVSS:3.1/AV:L/AC:L/PR:N/UI:N/S:U/C:H/I:L/A:N,none,no,partial
2026-08,CVE-2026-58115,ICSA-26-237-03,Siemens SIMATIC IoT2050 Advanced,10.0,CVSS:3.1/AV:N/AC:L/PR:N/UI:N/S:C/C:H/I:H/A:H,none,yes,total
2026-08,CVE-2026-59086,ICSA-26-230-02,Siemens Simcenter Nastran,7.8,CVSS:3.1/AV:L/AC:L/PR:N/UI:R/S:U/C:H/I:H/A:H,none,no,total
2026-08,CVE-2026-59693,ICSA-26-225-08,Siemens Desigo DXR and PXC Controllers,4.3,CVSS:3.1/AV:A/AC:L/PR:N/UI:N/S:U/C:N/I:N/A:L,none,no,partial
2026-08,CVE-2026-59700,ICSA-26-225-11,Siemens Simcenter Femap,7.8,CVSS:3.1/AV:L/AC:L/PR:N/UI:R/S:U/C:H/I:H/A:H,none,no,total
2026-08,CVE-2026-59701,ICSA-26-225-11,Siemens Simcenter Femap,7.8,CVSS:3.1/AV:L/AC:L/PR:N/UI:R/S:U/C:H/I:H/A:H,none,no,total
2026-08,CVE-2026-59769,ICSA-26-237-07,FURUNO FA-50 Class B AIS Transponder,9.1,CVSS:3.1/AV:N/AC:L/PR:N/UI:N/S:U/C:N/I:H/A:H,none,yes,partial
2026-08,CVE-2026-59839,ICSA-26-225-06,Siemens RUGGEDCOM APE1808,5.5,CVSS:3.1/AV:P/AC:L/PR:H/UI:N/S:U/C:N/I:H/A:H,none,no,partial
2026-08,CVE-2026-63133,ICSA-26-230-01,CISA Malcolm,6.5,CVSS:3.1/AV:N/AC:L/PR:L/UI:N/S:U/C:N/I:N/A:H,poc,no,partial
2026-08,CVE-2026-63134,ICSA-26-230-01,CISA Malcolm,5.4,CVSS:3.1/AV:N/AC:L/PR:L/UI:N/S:U/C:N/I:L/A:L,poc,no,partial
2026-08,CVE-2026-63177,ICSA-26-230-01,CISA Malcolm,7.1,CVSS:3.1/AV:N/AC:L/PR:L/UI:N/S:U/C:H/I:L/A:N,none,no,partial
2026-08,CVE-2026-64629,ICSA-26-225-10,Siemens Parasolid,7.8,CVSS:3.1/AV:L/AC:L/PR:N/UI:R/S:U/C:H/I:H/A:H,none,no,total
2026-08,CVE-2026-64887,ICSA-26-225-03,Johnson Controls Inc. Airwall,6.8,CVSS:3.1/AV:L/AC:L/PR:N/UI:N/S:U/C:H/I:L/A:N,none,no,partial
2026-08,CVE-2026-65309,ICSA-26-225-05,ANDRITZ HIPASE-250 and 250 SCALA,7.5,CVSS:3.1/AV:N/AC:L/PR:N/UI:N/S:U/C:H/I:N/A:N,none,no,partial
2026-08,CVE-2026-65310,ICSA-26-225-05,ANDRITZ HIPASE-250 and 250 SCALA,7.5,CVSS:3.1/AV:N/AC:L/PR:N/UI:N/S:U/C:H/I:N/A:N,none,yes,partial
2026-08,CVE-2026-65311,ICSA-26-225-05,ANDRITZ HIPASE-250 and 250 SCALA,5.3,CVSS:3.1/AV:N/AC:L/PR:N/UI:N/S:U/C:N/I:L/A:N,none,yes,partial
2026-08,CVE-2026-65313,ICSA-26-225-05,ANDRITZ HIPASE-250 and 250 SCALA,8.1,CVSS:3.1/AV:A/AC:L/PR:N/UI:N/S:U/C:H/I:H/A:N,none,no,total
2026-08,CVE-2026-67560,ICSA-26-237-05,Bendix EC80 Brake ECU,7.5,CVSS:3.1/AV:A/AC:H/PR:N/UI:N/S:U/C:H/I:H/A:H,none,no,total
2026-08,CVE-2026-67578,ICSA-26-237-07,FURUNO FA-50 Class B AIS Transponder,7.5,CVSS:3.1/AV:N/AC:L/PR:N/UI:N/S:U/C:N/I:H/A:N,none,yes,partial
2026-08,CVE-2026-68967,ICSA-26-237-05,Bendix EC80 Brake ECU,6.5,CVSS:3.1/AV:A/AC:L/PR:N/UI:N/S:U/C:N/I:H/A:N,none,no,partial
2026-08,CVE-2026-69108,ICSA-26-225-07,Siemens License Server (SLS),6.0,CVSS:3.1/AV:L/AC:L/PR:H/UI:N/S:U/C:H/I:H/A:N,none,no,total
2026-08,CVE-2026-69109,ICSA-26-225-07,Siemens License Server (SLS),7.5,CVSS:3.1/AV:N/AC:L/PR:N/UI:N/S:U/C:H/I:N/A:N,none,yes,partial
2026-08,CVE-2026-69658,ICSA-26-237-06,Ebyte NE2-D11,9.8,CVSS:3.1/AV:N/AC:L/PR:N/UI:N/S:U/C:H/I:H/A:H,none,yes,total
2026-08,CVE-2026-71187,ICSA-26-237-06,Ebyte NE2-D11,9.8,CVSS:3.1/AV:N/AC:L/PR:N/UI:N/S:U/C:H/I:H/A:H,none,yes,total
2026-08,CVE-2026-71396,ICSA-26-237-05,Bendix EC80 Brake ECU,5.4,CVSS:3.1/AV:A/AC:L/PR:N/UI:N/S:U/C:N/I:L/A:L,none,no,partial
2026-08,CVE-2026-73125,ICSA-26-237-06,Ebyte NE2-D11,9.8,CVSS:3.1/AV:N/AC:L/PR:N/UI:N/S:U/C:H/I:H/A:H,none,yes,total
2026-08,CVE-2026-73809,ICSA-26-237-06,Ebyte NE2-D11,7.5,CVSS:3.1/AV:N/AC:L/PR:N/UI:N/S:U/C:H/I:N/A:N,none,yes,partial
2026-08,CVE-2026-73839,ICSA-26-237-06,Ebyte NE2-D11,4.6,CVSS:3.1/AV:P/AC:L/PR:N/UI:N/S:U/C:H/I:N/A:N,none,no,partial
2026-08,CVE-2026-75112,ICSA-26-239-03,Rockwell Automation OTTO Fleet Manager,6.8,CVSS:3.1/AV:A/AC:L/PR:L/UI:N/S:C/C:H/I:N/A:N,none,no,partial
2026-08,CVE-2026-75548,ICSA-26-237-06,Ebyte NE2-D11,5.4,CVSS:3.1/AV:N/AC:L/PR:N/UI:R/S:U/C:L/I:L/A:N,none,no,partial
2026-08,CVE-2026-75813,ICSA-26-237-06,Ebyte NE2-D11,7.5,CVSS:3.1/AV:N/AC:L/PR:N/UI:N/S:U/C:N/I:H/A:N,none,yes,partial
2026-08,CVE-2026-75814,ICSA-26-237-06,Ebyte NE2-D11,8.8,CVSS:3.1/AV:N/AC:L/PR:N/UI:R/S:U/C:H/I:H/A:H,none,no,total
2026-08,CVE-2026-75960,ICSA-26-237-01,Rently Smart Home,8.1,CVSS:3.1/AV:N/AC:L/PR:L/UI:N/S:U/C:H/I:H/A:N,none,no,total
2026-08,CVE-2026-76060,ICSA-26-237-02,Zoneminder,8.8,CVSS:3.1/AV:N/AC:L/PR:L/UI:N/S:U/C:H/I:H/A:H,none,no,total
2026-08,CVE-2026-76179,ICSA-26-237-06,Ebyte NE2-D11,9.8,CVSS:3.1/AV:N/AC:L/PR:N/UI:N/S:U/C:H/I:H/A:H,none,yes,total
2026-08,CVE-2026-76940,ICSA-26-237-06,Ebyte NE2-D11,7.5,CVSS:3.1/AV:N/AC:L/PR:N/UI:N/S:U/C:H/I:N/A:N,none,yes,partial
2026-08,CVE-2026-76943,ICSA-26-239-01,Xiiaozet LK100W,9.8,CVSS:3.1/AV:N/AC:L/PR:N/UI:N/S:U/C:H/I:H/A:H,none,yes,total
2026-08,CVE-2026-76945,ICSA-26-237-06,Ebyte NE2-D11,7.5,CVSS:3.1/AV:N/AC:L/PR:N/UI:N/S:U/C:H/I:N/A:N,none,yes,partial
2026-08,CVE-2026-77977,ICSA-26-239-05,Ebyte NA111-M,8.1,CVSS:3.1/AV:A/AC:L/PR:N/UI:N/S:U/C:N/I:H/A:H,none,no,partial
2026-08,CVE-2026-78037,ICSA-26-239-01,Xiiaozet LK100W,8.8,CVSS:3.1/AV:N/AC:L/PR:L/UI:N/S:U/C:H/I:H/A:H,none,no,total
2026-08,CVE-2026-78239,ICSA-26-239-01,Xiiaozet LK100W,9.8,CVSS:3.1/AV:N/AC:L/PR:N/UI:N/S:U/C:H/I:H/A:H,none,yes,total
2026-09,CVE-2024-42384,ICSA-26-258-05,Siemens Reyrolle 7SR5,7.5,CVSS:3.1/AV:N/AC:L/PR:N/UI:N/S:U/C:N/I:N/A:H,none,yes,partial
2026-09,CVE-2024-42385,ICSA-26-258-05,Siemens Reyrolle 7SR5,4.0,CVSS:3.1/AV:L/AC:H/PR:H/UI:R/S:U/C:N/I:N/A:H,none,no,partial
2026-09,CVE-2024-42386,ICSA-26-258-05,Siemens Reyrolle 7SR5,8.2,CVSS:3.1/AV:N/AC:L/PR:N/UI:N/S:U/C:N/I:L/A:H,none,yes,partial
2026-09,CVE-2024-42391,ICSA-26-258-05,Siemens Reyrolle 7SR5,4.3,CVSS:3.1/AV:N/AC:L/PR:N/UI:R/S:U/C:L/I:N/A:N,none,no,partial
2026-09,CVE-2024-42392,ICSA-26-258-05,Siemens Reyrolle 7SR5,4.0,CVSS:3.1/AV:L/AC:H/PR:H/UI:R/S:U/C:N/I:N/A:H,none,no,partial
2026-09,CVE-2025-12768,ICSA-26-244-06,Rockwell Automation Historian ME,8.0,CVSS:3.1/AV:A/AC:L/PR:L/UI:N/S:U/C:H/I:H/A:H,none,no,total
2026-09,CVE-2026-12661,ICSA-26-244-06,Rockwell Automation Historian ME,4.5,CVSS:3.1/AV:A/AC:L/PR:H/UI:N/S:U/C:N/I:N/A:H,none,no,partial
2026-09,CVE-2026-12663,ICSA-26-246-03,Rockwell Automation ControlFLASH,7.3,CVSS:3.1/AV:L/AC:L/PR:L/UI:R/S:U/C:H/I:H/A:H,none,no,total
2026-09,CVE-2026-15688,ICSA-26-260-02,Mitsubishi Electric GX Works3 and Motion Control Settings,8.8,CVSS:3.1/AV:L/AC:L/PR:L/UI:N/S:C/C:H/I:H/A:H,none,no,total
2026-09,CVE-2026-16675,ICSA-26-244-04,Rockwell Automation FactoryTalk Activation Manager,7.8,CVSS:3.1/AV:L/AC:L/PR:L/UI:N/S:U/C:H/I:H/A:H,none,no,total
2026-09,CVE-2026-19471,ICSA-26-246-04,Rockwell Automation ArmorStart LT,7.3,CVSS:3.1/AV:N/AC:L/PR:N/UI:N/S:U/C:L/I:L/A:L,none,no,partial
2026-09,CVE-2026-19472,ICSA-26-246-04,Rockwell Automation ArmorStart LT,7.5,CVSS:3.1/AV:N/AC:L/PR:N/UI:N/S:U/C:N/I:N/A:H,none,yes,partial
2026-09,CVE-2026-58113,ICSA-26-258-07,Siemens Teamcenter,6.1,CVSS:3.1/AV:N/AC:L/PR:N/UI:R/S:C/C:L/I:L/A:N,none,no,partial
2026-09,CVE-2026-62645,ICSA-26-258-05,Siemens Reyrolle 7SR5,9.8,CVSS:3.1/AV:N/AC:L/PR:N/UI:N/S:U/C:H/I:H/A:H,none,yes,total
2026-09,CVE-2026-62646,ICSA-26-258-05,Siemens Reyrolle 7SR5,7.4,CVSS:3.1/AV:N/AC:H/PR:N/UI:N/S:U/C:H/I:H/A:N,none,no,total
2026-09,CVE-2026-62647,ICSA-26-258-05,Siemens Reyrolle 7SR5,7.4,CVSS:3.1/AV:N/AC:H/PR:N/UI:N/S:U/C:H/I:H/A:N,none,no,total
2026-09,CVE-2026-62648,ICSA-26-258-05,Siemens Reyrolle 7SR5,7.5,CVSS:3.1/AV:N/AC:L/PR:N/UI:N/S:U/C:N/I:N/A:H,none,yes,partial
2026-09,CVE-2026-62649,ICSA-26-258-05,Siemens Reyrolle 7SR5,7.5,CVSS:3.1/AV:N/AC:L/PR:N/UI:N/S:U/C:N/I:N/A:H,none,yes,partial
2026-09,CVE-2026-62650,ICSA-26-258-05,Siemens Reyrolle 7SR5,8.8,CVSS:3.1/AV:N/AC:L/PR:L/UI:N/S:U/C:H/I:H/A:H,none,no,total
2026-09,CVE-2026-62652,ICSA-26-258-05,Siemens Reyrolle 7SR5,5.3,CVSS:3.1/AV:N/AC:L/PR:N/UI:N/S:U/C:L/I:N/A:N,none,yes,partial
2026-09,CVE-2026-62653,ICSA-26-258-05,Siemens Reyrolle 7SR5,6.8,CVSS:3.1/AV:P/AC:L/PR:N/UI:N/S:U/C:H/I:H/A:H,none,no,total
2026-09,CVE-2026-62654,ICSA-26-258-05,Siemens Reyrolle 7SR5,6.8,CVSS:3.1/AV:P/AC:L/PR:N/UI:N/S:U/C:H/I:H/A:H,none,no,total
2026-09,CVE-2026-66372,ICSA-26-258-01,Digital Watchdog VMAX DVR and NVR Product Lineups,6.8,CVSS:3.1/AV:A/AC:H/PR:N/UI:N/S:U/C:H/I:H/A:N,none,no,total
2026-09,CVE-2026-66887,ICSA-26-258-01,Digital Watchdog VMAX DVR and NVR Product Lineups,9.6,CVSS:3.1/AV:A/AC:L/PR:N/UI:N/S:C/C:H/I:H/A:H,none,no,total
2026-09,CVE-2026-66890,ICSA-26-258-01,Digital Watchdog VMAX DVR and NVR Product Lineups,9.6,CVSS:3.1/AV:A/AC:L/PR:N/UI:N/S:C/C:H/I:H/A:H,none,no,total
2026-09,CVE-2026-68070,ICSA-26-258-01,Digital Watchdog VMAX DVR and NVR Product Lineups,8.8,CVSS:3.1/AV:A/AC:L/PR:N/UI:N/S:U/C:H/I:H/A:H,none,no,total
2026-09,CVE-2026-68950,ICSA-26-258-01,Digital Watchdog VMAX DVR and NVR Product Lineups,8.8,CVSS:3.1/AV:A/AC:L/PR:N/UI:N/S:U/C:H/I:H/A:H,none,no,total
2026-09,CVE-2026-68953,ICSA-26-258-01,Digital Watchdog VMAX DVR and NVR Product Lineups,6.5,CVSS:3.1/AV:A/AC:L/PR:N/UI:N/S:U/C:H/I:N/A:N,none,no,partial
2026-09,CVE-2026-73807,ICSA-26-258-03,mySCADA myPRO Manager,9.8,CVSS:3.1/AV:N/AC:L/PR:N/UI:N/S:U/C:H/I:H/A:H,none,yes,total
2026-09,CVE-2026-77393,ICSA-26-246-06,Inductive Automation Ignition,8.8,CVSS:3.1/AV:N/AC:L/PR:L/UI:N/S:U/C:H/I:H/A:H,none,no,total
2026-09,CVE-2026-78012,ICSA-26-246-07,Pyramid Solutions NetStaX EtherNet/IP Stack,9.8,CVSS:3.1/AV:N/AC:L/PR:N/UI:N/S:U/C:H/I:H/A:H,none,yes,total
2026-09,CVE-2026-78225,ICSA-26-258-02,Wärtsilä FOS-Onboard,9.0,CVSS:3.1/AV:N/AC:H/PR:N/UI:N/S:C/C:H/I:H/A:H,none,no,total
2026-09,CVE-2026-80465,ICSA-26-258-06,Siemens Mendix SAML,8.7,CVSS:3.1/AV:N/AC:H/PR:N/UI:N/S:C/C:H/I:H/A:N,none,no,total
2026-09,CVE-2026-81821,ICSA-26-253-01,AVEVA Pipeline Integrity Monitor,8.4,CVSS:3.1/AV:L/AC:L/PR:L/UI:N/S:C/C:H/I:H/A:N,none,no,total
2026-09,CVE-2026-81822,ICSA-26-253-01,AVEVA Pipeline Integrity Monitor,8.4,CVSS:3.1/AV:L/AC:L/PR:L/UI:N/S:C/C:H/I:H/A:N,none,no,total
2026-09,CVE-2026-81823,ICSA-26-253-01,AVEVA Pipeline Integrity Monitor,5.3,CVSS:3.1/AV:N/AC:L/PR:N/UI:N/S:U/C:L/I:N/A:N,none,yes,partial
2026-09,CVE-2026-81824,ICSA-26-253-01,AVEVA Pipeline Integrity Monitor,4.7,CVSS:3.1/AV:N/AC:L/PR:N/UI:R/S:C/C:L/I:N/A:N,none,no,partial
2026-09,CVE-2026-81855,ICSA-26-258-02,Wärtsilä FOS-Onboard,9.1,CVSS:3.1/AV:N/AC:L/PR:N/UI:N/S:U/C:H/I:H/A:N,none,yes,total
2026-09,CVE-2026-81861,ICSA-26-258-04,Schneider Electric SCADAPack x70 Products,6.5,CVSS:3.1/AV:N/AC:L/PR:N/UI:R/S:U/C:H/I:N/A:N,none,no,partial
2026-09,CVE-2026-82567,ICSA-26-258-03,mySCADA myPRO Manager,6.3,CVSS:3.1/AV:A/AC:L/PR:N/UI:N/S:U/C:L/I:L/A:L,none,no,partial
2026-09,CVE-2026-82684,ICSA-26-246-08,Tycon Systems TPDIN-Monitor-WEB3,8.1,CVSS:3.1/AV:N/AC:L/PR:L/UI:N/S:U/C:H/I:H/A:N,none,no,total
2026-09,CVE-2026-82712,ICSA-26-246-08,Tycon Systems TPDIN-Monitor-WEB3,8.8,CVSS:3.1/AV:N/AC:L/PR:N/UI:R/S:U/C:H/I:H/A:H,none,no,total
2026-09,CVE-2026-85083,ICSA-26-251-01,CareCam Pro IP Cameras,6.8,CVSS:3.1/AV:P/AC:L/PR:N/UI:N/S:U/C:H/I:H/A:H,none,no,total
2026-09,CVE-2026-90443,ICSA-26-254-01,CISA Malcolm,5.4,CVSS:3.1/AV:N/AC:L/PR:N/UI:R/S:U/C:L/I:L/A:N,none,no,partial
2026-09,CVE-2026-90444,ICSA-26-254-01,CISA Malcolm,8.8,CVSS:3.1/AV:N/AC:L/PR:L/UI:N/S:U/C:H/I:H/A:H,none,no,total
2026-09,CVE-2026-90445,ICSA-26-254-01,CISA Malcolm,6.5,CVSS:3.1/AV:N/AC:L/PR:L/UI:N/S:U/C:N/I:H/A:N,none,no,partial
2026-09,CVE-2026-90446,ICSA-26-254-01,CISA Malcolm,4.3,CVSS:3.1/AV:N/AC:L/PR:L/UI:N/S:U/C:L/I:N/A:N,none,no,partial
2026-09,CVE-2026-90447,ICSA-26-254-01,CISA Malcolm,6.5,CVSS:3.1/AV:N/AC:L/PR:L/UI:N/S:U/C:N/I:H/A:N,none,no,partial
2026-09,CVE-2026-90448,ICSA-26-254-01,CISA Malcolm,6.5,CVSS:3.1/AV:N/AC:L/PR:L/UI:N/S:U/C:N/I:H/A:N,none,no,partial
2026-09,CVE-2026-90449,ICSA-26-254-01,CISA Malcolm,6.5,CVSS:3.1/AV:N/AC:L/PR:N/UI:N/S:U/C:L/I:L/A:N,none,yes,partial
2026-09,CVE-2026-90450,ICSA-26-254-01,CISA Malcolm,4.3,CVSS:3.1/AV:N/AC:L/PR:L/UI:N/S:U/C:L/I:N/A:N,none,no,partial
2026-09,CVE-2026-90451,ICSA-26-254-01,CISA Malcolm,5.9,CVSS:3.1/AV:N/AC:H/PR:N/UI:N/S:U/C:N/I:H/A:N,none,no,partial
2026-09,CVE-2026-90452,ICSA-26-254-01,CISA Malcolm,5.3,CVSS:3.1/AV:A/AC:H/PR:N/UI:N/S:U/C:N/I:H/A:N,none,no,partial
2026-09,CVE-2026-90453,ICSA-26-254-01,CISA Malcolm,3.5,CVSS:3.1/AV:N/AC:L/PR:L/UI:R/S:U/C:N/I:L/A:N,none,no,partial
2026-09,CVE-2026-90454,ICSA-26-254-01,CISA Malcolm,4.3,CVSS:3.1/AV:N/AC:L/PR:L/UI:N/S:U/C:N/I:L/A:N,none,no,partial
2026-09,CVE-2026-90455,ICSA-26-254-01,CISA Malcolm,3.7,CVSS:3.1/AV:N/AC:H/PR:N/UI:N/S:U/C:L/I:N/A:N,none,no,partial
2026-09,CVE-2026-90456,ICSA-26-254-01,CISA Malcolm,8.1,CVSS:3.1/AV:N/AC:H/PR:N/UI:N/S:U/C:H/I:H/A:H,none,yes,total
2026-09,CVE-2026-90457,ICSA-26-254-01,CISA Malcolm,6.2,CVSS:3.1/AV:L/AC:L/PR:N/UI:N/S:U/C:H/I:N/A:N,none,no,partial
2026-09,CVE-2026-9621,ICSA-26-244-01,Rockwell Automation RSLinx Classic,8.6,CVSS:3.1/AV:N/AC:L/PR:N/UI:N/S:C/C:N/I:N/A:H,none,yes,partial
2026-09,CVE-2026-9622,ICSA-26-244-01,Rockwell Automation RSLinx Classic,8.6,CVSS:3.1/AV:N/AC:L/PR:N/UI:N/S:C/C:N/I:N/A:H,none,yes,partial
2026-09,CVE-2026-9624,ICSA-26-244-01,Rockwell Automation RSLinx Classic,7.5,CVSS:3.1/AV:N/AC:L/PR:N/UI:N/S:U/C:N/I:N/A:H,none,yes,partial
2026-09,CVE-2026-9625,ICSA-26-244-01,Rockwell Automation RSLinx Classic,7.5,CVSS:3.1/AV:N/AC:L/PR:N/UI:N/S:U/C:N/I:N/A:H,none,yes,partial
2026-09,CVE-2026-9633,ICSA-26-244-02,Rockwell Automation Redundancy Module Configuration Tool,7.3,CVSS:3.1/AV:L/AC:L/PR:L/UI:R/S:U/C:H/I:H/A:H,none,no,total
2026-09,CVE-2026-9634,ICSA-26-244-02,Rockwell Automation Redundancy Module Configuration Tool,7.3,CVSS:3.1/AV:L/AC:L/PR:L/UI:R/S:U/C:H/I:H/A:H,none,no,total
2026-09,CVE-2026-9637,ICSA-26-244-03,Rockwell Automation Logix Platform,7.5,CVSS:3.1/AV:N/AC:L/PR:N/UI:N/S:U/C:N/I:N/A:H,none,yes,partial
