month,epss_date,cve,epss,percentile
2024-01,2024-01-31,CVE-2022-4304,0.00127,0.47368
2024-01,2024-01-31,CVE-2022-44037,0.00066,0.27271
2024-01,2024-01-31,CVE-2022-4450,0.00053,0.18338
2024-01,2024-01-31,CVE-2022-47378,0.00067,0.27960
2024-01,2024-01-31,CVE-2022-47379,0.00092,0.38794
2024-01,2024-01-31,CVE-2022-47380,0.00092,0.38794
2024-01,2024-01-31,CVE-2022-47381,0.00092,0.38794
2024-01,2024-01-31,CVE-2022-47382,0.00092,0.38794
2024-01,2024-01-31,CVE-2022-47383,0.00092,0.38794
2024-01,2024-01-31,CVE-2022-47384,0.00092,0.38794
2024-01,2024-01-31,CVE-2022-47385,0.00092,0.38794
2024-01,2024-01-31,CVE-2022-47386,0.00092,0.38794
2024-01,2024-01-31,CVE-2022-47387,0.00092,0.38794
2024-01,2024-01-31,CVE-2022-47388,0.00092,0.38794
2024-01,2024-01-31,CVE-2022-47392,0.00067,0.27960
2024-01,2024-01-31,CVE-2022-47393,0.00065,0.26891
2024-01,2024-01-31,CVE-2023-0286,0.00089,0.37281
2024-01,2024-01-31,CVE-2023-31274,0.00052,0.17967
2024-01,2024-01-31,CVE-2023-34348,0.00052,0.17967
2024-01,2024-01-31,CVE-2023-38545,0.00178,0.55169
2024-01,2024-01-31,CVE-2023-38579,,
2024-01,2024-01-31,CVE-2023-3935,0.00128,0.47495
2024-01,2024-01-31,CVE-2023-40143,,
2024-01,2024-01-31,CVE-2023-40544,,
2024-01,2024-01-31,CVE-2023-42765,,
2024-01,2024-01-31,CVE-2023-42797,0.00088,0.37090
2024-01,2024-01-31,CVE-2023-43609,,
2024-01,2024-01-31,CVE-2023-44120,0.00042,0.05726
2024-01,2024-01-31,CVE-2023-45213,,
2024-01,2024-01-31,CVE-2023-45222,,
2024-01,2024-01-31,CVE-2023-45227,,
2024-01,2024-01-31,CVE-2023-45735,,
2024-01,2024-01-31,CVE-2023-46687,,
2024-01,2024-01-31,CVE-2023-46706,,
2024-01,2024-01-31,CVE-2023-47867,,
2024-01,2024-01-31,CVE-2023-49115,,
2024-01,2024-01-31,CVE-2023-49121,0.00066,0.27346
2024-01,2024-01-31,CVE-2023-49122,0.00066,0.27346
2024-01,2024-01-31,CVE-2023-49123,0.00066,0.27346
2024-01,2024-01-31,CVE-2023-49124,0.00110,0.44131
2024-01,2024-01-31,CVE-2023-49126,0.00110,0.44131
2024-01,2024-01-31,CVE-2023-49127,0.00110,0.44131
2024-01,2024-01-31,CVE-2023-49128,0.00066,0.27346
2024-01,2024-01-31,CVE-2023-49129,0.00050,0.16575
2024-01,2024-01-31,CVE-2023-49130,0.00066,0.27346
2024-01,2024-01-31,CVE-2023-49131,0.00066,0.27346
2024-01,2024-01-31,CVE-2023-49132,0.00066,0.27346
2024-01,2024-01-31,CVE-2023-49251,0.00077,0.31905
2024-01,2024-01-31,CVE-2023-49252,0.00046,0.13805
2024-01,2024-01-31,CVE-2023-49610,,
2024-01,2024-01-31,CVE-2023-49617,,
2024-01,2024-01-31,CVE-2023-49621,0.00077,0.31905
2024-01,2024-01-31,CVE-2023-49716,,
2024-01,2024-01-31,CVE-2023-51438,0.00122,0.46476
2024-01,2024-01-31,CVE-2023-51439,0.00110,0.44131
2024-01,2024-01-31,CVE-2023-51570,,
2024-01,2024-01-31,CVE-2023-51571,,
2024-01,2024-01-31,CVE-2023-51572,,
2024-01,2024-01-31,CVE-2023-51573,,
2024-01,2024-01-31,CVE-2023-51744,0.00050,0.16481
2024-01,2024-01-31,CVE-2023-51745,0.00050,0.16575
2024-01,2024-01-31,CVE-2023-51746,0.00050,0.16575
2024-01,2024-01-31,CVE-2023-51761,,
2024-01,2024-01-31,CVE-2023-6221,,
2024-01,2024-01-31,CVE-2023-6374,0.00049,0.15909
2024-01,2024-01-31,CVE-2023-6926,0.00043,0.07415
2024-01,2024-01-31,CVE-2023-6942,0.00049,0.15909
2024-01,2024-01-31,CVE-2023-6943,0.00048,0.14418
2024-01,2024-01-31,CVE-2023-7032,0.00047,0.14083
2024-01,2024-01-31,CVE-2023-7206,0.00053,0.18525
2024-01,2024-01-31,CVE-2023-7227,0.00043,0.06829
2024-01,2024-01-31,CVE-2023-7234,0.00046,0.13805
2024-01,2024-01-31,CVE-2023-7237,0.00043,0.06829
2024-01,2024-01-31,CVE-2024-11166,,
2024-01,2024-01-31,CVE-2024-1167,,
2024-01,2024-01-31,CVE-2024-21764,,
2024-01,2024-01-31,CVE-2024-21794,,
2024-01,2024-01-31,CVE-2024-21852,,
2024-01,2024-01-31,CVE-2024-21866,,
2024-01,2024-01-31,CVE-2024-21869,,
2024-01,2024-01-31,CVE-2024-21916,,
2024-01,2024-01-31,CVE-2024-21917,,
2024-01,2024-01-31,CVE-2024-22016,,
2024-01,2024-01-31,CVE-2024-22096,,
2024-01,2024-01-31,CVE-2024-22768,0.00046,0.12713
2024-01,2024-01-31,CVE-2024-22769,0.00046,0.12713
2024-01,2024-01-31,CVE-2024-22770,0.00046,0.12713
2024-01,2024-01-31,CVE-2024-22771,0.00046,0.12713
2024-01,2024-01-31,CVE-2024-22772,0.00046,0.12713
2024-01,2024-01-31,CVE-2024-23842,0.00046,0.12713
2024-01,2024-01-31,CVE-2024-9310,,
2024-02,2024-02-29,CVE-2019-11043,0.97472,0.99961
2024-02,2024-02-29,CVE-2020-1971,0.00425,0.73742
2024-02,2024-02-29,CVE-2020-2752,0.00166,0.52187
2024-02,2024-02-29,CVE-2020-2760,0.00143,0.48991
2024-02,2024-02-29,CVE-2020-2780,0.00148,0.49803
2024-02,2024-02-29,CVE-2020-2812,0.00175,0.53802
2024-02,2024-02-29,CVE-2020-2814,0.00214,0.58647
2024-02,2024-02-29,CVE-2020-2922,0.00198,0.56567
2024-02,2024-02-29,CVE-2021-2007,0.00171,0.53224
2024-02,2024-02-29,CVE-2021-2011,0.00273,0.67269
2024-02,2024-02-29,CVE-2021-2022,0.00173,0.53613
2024-02,2024-02-29,CVE-2021-2032,0.00059,0.22576
2024-02,2024-02-29,CVE-2021-2144,0.00103,0.40745
2024-02,2024-02-29,CVE-2021-2154,0.00146,0.49432
2024-02,2024-02-29,CVE-2021-2166,0.00169,0.52742
2024-02,2024-02-29,CVE-2021-2174,0.00112,0.43485
2024-02,2024-02-29,CVE-2021-2180,0.00146,0.49432
2024-02,2024-02-29,CVE-2021-2194,0.00121,0.45358
2024-02,2024-02-29,CVE-2021-2372,0.00123,0.45698
2024-02,2024-02-29,CVE-2021-2389,0.20896,0.96256
2024-02,2024-02-29,CVE-2021-35604,0.00086,0.35021
2024-02,2024-02-29,CVE-2021-36369,0.00087,0.35707
2024-02,2024-02-29,CVE-2021-43666,0.00080,0.32566
2024-02,2024-02-29,CVE-2022-0778,0.01342,0.85730
2024-02,2024-02-29,CVE-2022-1348,0.00115,0.44243
2024-02,2024-02-29,CVE-2022-21595,0.00053,0.18755
2024-02,2024-02-29,CVE-2022-23471,0.00079,0.32410
2024-02,2024-02-29,CVE-2022-23521,0.01209,0.84855
2024-02,2024-02-29,CVE-2022-23808,0.00774,0.80809
2024-02,2024-02-29,CVE-2022-24834,0.00329,0.70319
2024-02,2024-02-29,CVE-2022-2586,0.00044,0.08089
2024-02,2024-02-29,CVE-2022-28737,0.00055,0.20538
2024-02,2024-02-29,CVE-2022-29162,0.00045,0.12074
2024-02,2024-02-29,CVE-2022-31628,0.00069,0.28137
2024-02,2024-02-29,CVE-2022-31629,0.00130,0.46898
2024-02,2024-02-29,CVE-2022-32148,0.00137,0.48081
2024-02,2024-02-29,CVE-2022-3294,0.00071,0.28937
2024-02,2024-02-29,CVE-2022-3437,0.00721,0.80098
2024-02,2024-02-29,CVE-2022-3515,0.00419,0.73583
2024-02,2024-02-29,CVE-2022-36021,0.00043,0.06917
2024-02,2024-02-29,CVE-2022-36760,0.02237,0.89242
2024-02,2024-02-29,CVE-2022-37436,0.00084,0.34461
2024-02,2024-02-29,CVE-2022-37454,0.01043,0.83557
2024-02,2024-02-29,CVE-2022-38725,0.00743,0.80378
2024-02,2024-02-29,CVE-2022-39189,0.00045,0.12074
2024-02,2024-02-29,CVE-2022-41409,0.00046,0.13905
2024-02,2024-02-29,CVE-2022-41723,0.01030,0.83421
2024-02,2024-02-29,CVE-2022-41860,0.00082,0.33325
2024-02,2024-02-29,CVE-2022-41861,0.00072,0.29106
2024-02,2024-02-29,CVE-2022-41862,0.00051,0.17118
2024-02,2024-02-29,CVE-2022-41903,0.00250,0.64155
2024-02,2024-02-29,CVE-2022-4203,0.00055,0.20312
2024-02,2024-02-29,CVE-2022-42919,0.00044,0.08089
2024-02,2024-02-29,CVE-2022-4304,0.00146,0.49476
2024-02,2024-02-29,CVE-2022-4415,0.00043,0.06917
2024-02,2024-02-29,CVE-2022-4450,0.00103,0.40706
2024-02,2024-02-29,CVE-2022-45061,0.00280,0.67675
2024-02,2024-02-29,CVE-2022-45142,0.00051,0.16929
2024-02,2024-02-29,CVE-2022-46392,0.00102,0.40485
2024-02,2024-02-29,CVE-2022-46393,0.00163,0.51915
2024-02,2024-02-29,CVE-2022-4743,0.00182,0.54582
2024-02,2024-02-29,CVE-2022-4744,0.00042,0.05417
2024-02,2024-02-29,CVE-2022-47629,0.00148,0.49788
2024-02,2024-02-29,CVE-2022-48303,0.00044,0.08228
2024-02,2024-02-29,CVE-2022-48434,0.00117,0.44591
2024-02,2024-02-29,CVE-2022-4904,0.00052,0.17952
2024-02,2024-02-29,CVE-2023-0160,0.00042,0.05417
2024-02,2024-02-29,CVE-2023-0215,0.00255,0.64546
2024-02,2024-02-29,CVE-2023-0216,0.00111,0.43290
2024-02,2024-02-29,CVE-2023-0217,0.00111,0.43290
2024-02,2024-02-29,CVE-2023-0286,0.00208,0.57960
2024-02,2024-02-29,CVE-2023-0330,0.00044,0.10621
2024-02,2024-02-29,CVE-2023-0401,0.00317,0.69769
2024-02,2024-02-29,CVE-2023-0494,0.00100,0.40114
2024-02,2024-02-29,CVE-2023-0567,0.00045,0.12383
2024-02,2024-02-29,CVE-2023-0568,0.00160,0.51458
2024-02,2024-02-29,CVE-2023-0662,0.00064,0.26083
2024-02,2024-02-29,CVE-2023-1206,0.00042,0.05417
2024-02,2024-02-29,CVE-2023-1255,0.00062,0.24267
2024-02,2024-02-29,CVE-2023-1393,0.00045,0.12751
2024-02,2024-02-29,CVE-2023-1611,0.00042,0.05417
2024-02,2024-02-29,CVE-2023-1670,0.00042,0.05417
2024-02,2024-02-29,CVE-2023-1855,0.00042,0.05417
2024-02,2024-02-29,CVE-2023-1859,0.00042,0.05417
2024-02,2024-02-29,CVE-2023-1989,0.00042,0.05417
2024-02,2024-02-29,CVE-2023-1990,0.00042,0.05417
2024-02,2024-02-29,CVE-2023-20593,0.00057,0.21132
2024-02,2024-02-29,CVE-2023-21554,0.96122,0.99450
2024-02,2024-02-29,CVE-2023-2194,0.00042,0.05417
2024-02,2024-02-29,CVE-2023-22742,0.00098,0.39675
2024-02,2024-02-29,CVE-2023-22745,0.00042,0.05417
2024-02,2024-02-29,CVE-2023-23454,0.00042,0.05417
2024-02,2024-02-29,CVE-2023-23931,0.00058,0.22367
2024-02,2024-02-29,CVE-2023-23934,0.00046,0.14013
2024-02,2024-02-29,CVE-2023-24538,0.00084,0.34239
2024-02,2024-02-29,CVE-2023-2454,0.00258,0.64775
2024-02,2024-02-29,CVE-2023-2455,0.00049,0.15254
2024-02,2024-02-29,CVE-2023-25153,0.00044,0.08188
2024-02,2024-02-29,CVE-2023-25155,0.00088,0.35838
2024-02,2024-02-29,CVE-2023-25193,0.00140,0.48663
2024-02,2024-02-29,CVE-2023-25588,0.00044,0.08188
2024-02,2024-02-29,CVE-2023-25690,0.01177,0.84629
2024-02,2024-02-29,CVE-2023-25727,0.00053,0.18334
2024-02,2024-02-29,CVE-2023-26081,0.00121,0.45360
2024-02,2024-02-29,CVE-2023-2650,0.00145,0.49296
2024-02,2024-02-29,CVE-2023-26965,0.00044,0.08188
2024-02,2024-02-29,CVE-2023-27522,0.00550,0.76915
2024-02,2024-02-29,CVE-2023-27533,0.00110,0.42989
2024-02,2024-02-29,CVE-2023-27535,0.00084,0.33935
2024-02,2024-02-29,CVE-2023-27536,0.00119,0.44897
2024-02,2024-02-29,CVE-2023-27538,0.00044,0.08200
2024-02,2024-02-29,CVE-2023-27975,0.00043,0.06917
2024-02,2024-02-29,CVE-2023-28319,0.00113,0.43730
2024-02,2024-02-29,CVE-2023-28320,0.00097,0.39325
2024-02,2024-02-29,CVE-2023-28321,0.00075,0.30249
2024-02,2024-02-29,CVE-2023-28322,0.00091,0.37726
2024-02,2024-02-29,CVE-2023-28450,0.00138,0.48260
2024-02,2024-02-29,CVE-2023-28466,0.00042,0.05417
2024-02,2024-02-29,CVE-2023-2861,0.00045,0.12342
2024-02,2024-02-29,CVE-2023-28709,0.00787,0.80961
2024-02,2024-02-29,CVE-2023-29402,0.00135,0.47848
2024-02,2024-02-29,CVE-2023-29404,0.00140,0.48610
2024-02,2024-02-29,CVE-2023-29405,0.00126,0.46220
2024-02,2024-02-29,CVE-2023-29406,0.00065,0.26675
2024-02,2024-02-29,CVE-2023-29409,0.00060,0.23442
2024-02,2024-02-29,CVE-2023-2953,0.00407,0.73230
2024-02,2024-02-29,CVE-2023-2975,0.00324,0.70055
2024-02,2024-02-29,CVE-2023-3006,0.00043,0.06917
2024-02,2024-02-29,CVE-2023-30086,0.00042,0.05417
2024-02,2024-02-29,CVE-2023-30456,0.00042,0.05417
2024-02,2024-02-29,CVE-2023-30581,0.00054,0.19237
2024-02,2024-02-29,CVE-2023-30582,,
2024-02,2024-02-29,CVE-2023-30583,,
2024-02,2024-02-29,CVE-2023-30584,,
2024-02,2024-02-29,CVE-2023-30586,0.00054,0.19237
2024-02,2024-02-29,CVE-2023-30587,,
2024-02,2024-02-29,CVE-2023-30772,0.00050,0.16784
2024-02,2024-02-29,CVE-2023-3090,0.00042,0.05417
2024-02,2024-02-29,CVE-2023-31084,0.00042,0.05417
2024-02,2024-02-29,CVE-2023-3111,0.00042,0.05417
2024-02,2024-02-29,CVE-2023-31124,0.00052,0.17536
2024-02,2024-02-29,CVE-2023-31130,0.00042,0.05417
2024-02,2024-02-29,CVE-2023-31147,0.00052,0.17536
2024-02,2024-02-29,CVE-2023-3141,0.00042,0.05417
2024-02,2024-02-29,CVE-2023-31436,0.00042,0.05417
2024-02,2024-02-29,CVE-2023-32002,0.00091,0.37479
2024-02,2024-02-29,CVE-2023-32003,0.00053,0.18375
2024-02,2024-02-29,CVE-2023-32004,0.00065,0.26453
2024-02,2024-02-29,CVE-2023-32005,0.00083,0.33668
2024-02,2024-02-29,CVE-2023-32006,0.00066,0.27144
2024-02,2024-02-29,CVE-2023-32067,0.00082,0.33402
2024-02,2024-02-29,CVE-2023-32233,0.00042,0.05417
2024-02,2024-02-29,CVE-2023-3247,0.00045,0.11908
2024-02,2024-02-29,CVE-2023-32559,0.00050,0.16319
2024-02,2024-02-29,CVE-2023-32573,0.00060,0.23344
2024-02,2024-02-29,CVE-2023-3268,0.00042,0.05417
2024-02,2024-02-29,CVE-2023-3301,0.00042,0.05417
2024-02,2024-02-29,CVE-2023-3316,0.00052,0.17454
2024-02,2024-02-29,CVE-2023-33203,0.00050,0.16784
2024-02,2024-02-29,CVE-2023-34035,0.00045,0.12078
2024-02,2024-02-29,CVE-2023-34256,0.00042,0.05417
2024-02,2024-02-29,CVE-2023-3446,0.00215,0.58752
2024-02,2024-02-29,CVE-2023-34872,0.00164,0.51997
2024-02,2024-02-29,CVE-2023-34969,0.00054,0.19138
2024-02,2024-02-29,CVE-2023-35789,0.00042,0.05417
2024-02,2024-02-29,CVE-2023-35823,0.00042,0.05417
2024-02,2024-02-29,CVE-2023-35824,0.00042,0.05417
2024-02,2024-02-29,CVE-2023-35828,0.00042,0.05417
2024-02,2024-02-29,CVE-2023-35945,0.00046,0.13905
2024-02,2024-02-29,CVE-2023-36054,0.00267,0.66904
2024-02,2024-02-29,CVE-2023-3611,0.00042,0.05417
2024-02,2024-02-29,CVE-2023-36664,0.00055,0.20364
2024-02,2024-02-29,CVE-2023-3776,0.00042,0.05417
2024-02,2024-02-29,CVE-2023-37920,0.00059,0.22542
2024-02,2024-02-29,CVE-2023-38039,0.00102,0.40392
2024-02,2024-02-29,CVE-2023-3817,0.00130,0.46864
2024-02,2024-02-29,CVE-2023-38199,0.00091,0.37479
2024-02,2024-02-29,CVE-2023-38545,0.00180,0.54313
2024-02,2024-02-29,CVE-2023-38546,0.00081,0.33049
2024-02,2024-02-29,CVE-2023-38559,0.00052,0.17463
2024-02,2024-02-29,CVE-2023-39417,0.00145,0.49313
2024-02,2024-02-29,CVE-2023-39418,0.00085,0.34522
2024-02,2024-02-29,CVE-2023-41080,0.00244,0.63598
2024-02,2024-02-29,CVE-2023-44317,0.00069,0.28094
2024-02,2024-02-29,CVE-2023-44320,0.00058,0.21407
2024-02,2024-02-29,CVE-2023-44321,0.00062,0.24227
2024-02,2024-02-29,CVE-2023-44322,0.00052,0.17474
2024-02,2024-02-29,CVE-2023-45614,0.00187,0.55192
2024-02,2024-02-29,CVE-2023-45615,0.00187,0.55192
2024-02,2024-02-29,CVE-2023-45616,0.00187,0.55192
2024-02,2024-02-29,CVE-2023-45617,0.00054,0.19348
2024-02,2024-02-29,CVE-2023-45618,0.00054,0.19348
2024-02,2024-02-29,CVE-2023-45619,0.00054,0.19348
2024-02,2024-02-29,CVE-2023-45620,0.00045,0.12614
2024-02,2024-02-29,CVE-2023-45621,0.00045,0.12614
2024-02,2024-02-29,CVE-2023-45622,0.00045,0.12614
2024-02,2024-02-29,CVE-2023-45623,0.00045,0.12614
2024-02,2024-02-29,CVE-2023-45624,0.00045,0.12614
2024-02,2024-02-29,CVE-2023-45626,0.00055,0.20296
2024-02,2024-02-29,CVE-2023-45627,0.00044,0.08212
2024-02,2024-02-29,CVE-2023-46120,0.00208,0.57940
2024-02,2024-02-29,CVE-2023-48363,0.00044,0.10520
2024-02,2024-02-29,CVE-2023-48364,0.00044,0.10520
2024-02,2024-02-29,CVE-2023-49125,0.00053,0.18874
2024-02,2024-02-29,CVE-2023-50236,0.00043,0.06917
2024-02,2024-02-29,CVE-2023-51440,0.00046,0.13905
2024-02,2024-02-29,CVE-2023-6132,,
2024-02,2024-02-29,CVE-2023-6408,0.00043,0.06917
2024-02,2024-02-29,CVE-2023-6409,0.00043,0.06917
2024-02,2024-02-29,CVE-2023-6815,0.00045,0.12342
2024-02,2024-02-29,CVE-2023-7033,0.00045,0.12342
2024-02,2024-02-29,CVE-2023-7242,,
2024-02,2024-02-29,CVE-2023-7243,,
2024-02,2024-02-29,CVE-2023-7244,,
2024-02,2024-02-29,CVE-2024-0242,0.00091,0.37479
2024-02,2024-02-29,CVE-2024-1039,0.00091,0.37479
2024-02,2024-02-29,CVE-2024-1040,0.00042,0.05548
2024-02,2024-02-29,CVE-2024-1595,,
2024-02,2024-02-29,CVE-2024-1941,,
2024-02,2024-02-29,CVE-2024-21767,,
2024-02,2024-02-29,CVE-2024-21915,0.00043,0.06917
2024-02,2024-02-29,CVE-2024-22042,0.00043,0.06917
2024-02,2024-02-29,CVE-2024-22043,0.00044,0.10520
2024-02,2024-02-29,CVE-2024-22182,,
2024-02,2024-02-29,CVE-2024-22388,0.00042,0.05548
2024-02,2024-02-29,CVE-2024-23492,,
2024-02,2024-02-29,CVE-2024-23795,0.00050,0.16084
2024-02,2024-02-29,CVE-2024-23796,0.00050,0.16084
2024-02,2024-02-29,CVE-2024-23797,0.00055,0.20365
2024-02,2024-02-29,CVE-2024-23798,0.00055,0.20365
2024-02,2024-02-29,CVE-2024-23799,0.00044,0.10520
2024-02,2024-02-29,CVE-2024-23800,0.00044,0.10520
2024-02,2024-02-29,CVE-2024-23801,0.00044,0.10520
2024-02,2024-02-29,CVE-2024-23802,0.00046,0.13930
2024-02,2024-02-29,CVE-2024-23803,0.00046,0.13930
2024-02,2024-02-29,CVE-2024-23804,0.00051,0.17339
2024-02,2024-02-29,CVE-2024-23806,0.00052,0.18018
2024-02,2024-02-29,CVE-2024-23810,0.00053,0.18874
2024-02,2024-02-29,CVE-2024-23811,0.00053,0.18874
2024-02,2024-02-29,CVE-2024-23812,0.00043,0.07563
2024-02,2024-02-29,CVE-2024-23813,0.00046,0.13905
2024-02,2024-02-29,CVE-2024-23816,0.00091,0.37479
2024-02,2024-02-29,CVE-2024-24920,0.00066,0.27125
2024-02,2024-02-29,CVE-2024-24921,0.00057,0.21383
2024-02,2024-02-29,CVE-2024-24922,0.00066,0.27125
2024-02,2024-02-29,CVE-2024-24923,0.00057,0.21383
2024-02,2024-02-29,CVE-2024-24924,0.00075,0.30574
2024-02,2024-02-29,CVE-2024-24925,0.00057,0.21383
2024-02,2024-02-29,CVE-2024-27907,,
2024-03,2024-03-31,CVE-2019-7256,0.97450,0.99948
2024-03,2024-03-31,CVE-2020-14381,0.00042,0.05328
2024-03,2024-03-31,CVE-2021-0584,0.00042,0.05328
2024-03,2024-03-31,CVE-2021-0642,0.00045,0.13537
2024-03,2024-03-31,CVE-2021-0920,0.00064,0.26420
2024-03,2024-03-31,CVE-2022-20411,0.00054,0.19861
2024-03,2024-03-31,CVE-2022-20462,0.00042,0.05328
2024-03,2024-03-31,CVE-2022-20466,0.00045,0.13559
2024-03,2024-03-31,CVE-2022-20468,0.00045,0.13559
2024-03,2024-03-31,CVE-2022-20469,0.00048,0.15345
2024-03,2024-03-31,CVE-2022-20472,0.00155,0.50949
2024-03,2024-03-31,CVE-2022-20473,0.00155,0.50949
2024-03,2024-03-31,CVE-2022-20476,0.00042,0.05328
2024-03,2024-03-31,CVE-2022-20483,0.00123,0.45926
2024-03,2024-03-31,CVE-2022-20498,0.00042,0.05328
2024-03,2024-03-31,CVE-2022-20500,0.00042,0.05328
2024-03,2024-03-31,CVE-2022-23439,,
2024-03,2024-03-31,CVE-2022-32257,0.00043,0.07564
2024-03,2024-03-31,CVE-2022-39948,0.00092,0.38175
2024-03,2024-03-31,CVE-2022-41327,0.00043,0.07564
2024-03,2024-03-31,CVE-2022-41328,0.06752,0.93722
2024-03,2024-03-31,CVE-2022-41329,0.00089,0.36926
2024-03,2024-03-31,CVE-2022-41330,0.00048,0.15722
2024-03,2024-03-31,CVE-2022-41334,0.00117,0.44797
2024-03,2024-03-31,CVE-2022-42469,0.00045,0.12514
2024-03,2024-03-31,CVE-2022-42474,0.00063,0.25507
2024-03,2024-03-31,CVE-2022-42476,0.00044,0.08971
2024-03,2024-03-31,CVE-2022-43947,0.00050,0.16931
2024-03,2024-03-31,CVE-2022-43953,0.00042,0.05454
2024-03,2024-03-31,CVE-2022-45861,0.00121,0.45550
2024-03,2024-03-31,CVE-2022-45862,,
2024-03,2024-03-31,CVE-2023-22639,0.00043,0.07564
2024-03,2024-03-31,CVE-2023-22640,0.00050,0.17576
2024-03,2024-03-31,CVE-2023-22641,0.00045,0.12514
2024-03,2024-03-31,CVE-2023-25610,,
2024-03,2024-03-31,CVE-2023-26207,0.00049,0.15951
2024-03,2024-03-31,CVE-2023-28001,0.00091,0.37841
2024-03,2024-03-31,CVE-2023-28002,0.00042,0.05328
2024-03,2024-03-31,CVE-2023-29175,0.00052,0.18526
2024-03,2024-03-31,CVE-2023-29178,0.00044,0.11348
2024-03,2024-03-31,CVE-2023-29179,0.00043,0.07564
2024-03,2024-03-31,CVE-2023-29180,0.00043,0.07564
2024-03,2024-03-31,CVE-2023-29181,0.00043,0.07564
2024-03,2024-03-31,CVE-2023-29183,0.00049,0.16070
2024-03,2024-03-31,CVE-2023-29184,,
2024-03,2024-03-31,CVE-2023-33301,0.00045,0.12514
2024-03,2024-03-31,CVE-2023-33305,0.00044,0.11348
2024-03,2024-03-31,CVE-2023-33306,0.00044,0.11703
2024-03,2024-03-31,CVE-2023-33307,0.00044,0.11703
2024-03,2024-03-31,CVE-2023-33308,0.00233,0.60732
2024-03,2024-03-31,CVE-2023-36555,0.00045,0.12514
2024-03,2024-03-31,CVE-2023-36640,,
2024-03,2024-03-31,CVE-2023-36641,0.00044,0.11348
2024-03,2024-03-31,CVE-2023-37930,,
2024-03,2024-03-31,CVE-2023-37935,0.00087,0.35863
2024-03,2024-03-31,CVE-2023-38545,0.00180,0.54379
2024-03,2024-03-31,CVE-2023-38546,0.00081,0.33477
2024-03,2024-03-31,CVE-2023-40718,0.00048,0.15591
2024-03,2024-03-31,CVE-2023-40721,,
2024-03,2024-03-31,CVE-2023-41675,0.00073,0.30112
2024-03,2024-03-31,CVE-2023-41677,,
2024-03,2024-03-31,CVE-2023-41841,0.00050,0.17137
2024-03,2024-03-31,CVE-2023-42785,,
2024-03,2024-03-31,CVE-2023-42786,,
2024-03,2024-03-31,CVE-2023-42789,0.00091,0.37841
2024-03,2024-03-31,CVE-2023-42790,0.00088,0.36611
2024-03,2024-03-31,CVE-2023-44247,,
2024-03,2024-03-31,CVE-2023-44250,0.00050,0.17137
2024-03,2024-03-31,CVE-2023-44318,0.00058,0.22926
2024-03,2024-03-31,CVE-2023-44321,0.00086,0.35362
2024-03,2024-03-31,CVE-2023-44487,0.70585,0.97962
2024-03,2024-03-31,CVE-2023-45583,,
2024-03,2024-03-31,CVE-2023-45584,,
2024-03,2024-03-31,CVE-2023-45586,,
2024-03,2024-03-31,CVE-2023-45793,0.00043,0.07564
2024-03,2024-03-31,CVE-2023-46714,,
2024-03,2024-03-31,CVE-2023-46715,,
2024-03,2024-03-31,CVE-2023-46717,0.00043,0.07564
2024-03,2024-03-31,CVE-2023-46718,,
2024-03,2024-03-31,CVE-2023-47537,0.00046,0.14806
2024-03,2024-03-31,CVE-2023-48784,,
2024-03,2024-03-31,CVE-2023-49125,0.00053,0.19553
2024-03,2024-03-31,CVE-2024-0400,0.00043,0.07564
2024-03,2024-03-31,CVE-2024-0802,0.00045,0.13289
2024-03,2024-03-31,CVE-2024-0803,0.00045,0.13289
2024-03,2024-03-31,CVE-2024-0860,0.00065,0.27120
2024-03,2024-03-31,CVE-2024-1915,0.00045,0.13289
2024-03,2024-03-31,CVE-2024-1916,0.00045,0.13289
2024-03,2024-03-31,CVE-2024-1917,0.00045,0.13289
2024-03,2024-03-31,CVE-2024-2097,0.00043,0.07564
2024-03,2024-03-31,CVE-2024-21483,0.00043,0.07564
2024-03,2024-03-31,CVE-2024-21912,0.00043,0.07564
2024-03,2024-03-31,CVE-2024-21913,0.00043,0.07564
2024-03,2024-03-31,CVE-2024-21914,0.00043,0.07564
2024-03,2024-03-31,CVE-2024-21918,0.00043,0.07564
2024-03,2024-03-31,CVE-2024-21919,0.00043,0.07564
2024-03,2024-03-31,CVE-2024-21920,0.00043,0.07564
2024-03,2024-03-31,CVE-2024-2197,0.00043,0.07564
2024-03,2024-03-31,CVE-2024-22039,0.00043,0.07564
2024-03,2024-03-31,CVE-2024-22040,0.00043,0.07564
2024-03,2024-03-31,CVE-2024-22041,0.00043,0.07564
2024-03,2024-03-31,CVE-2024-22044,0.00043,0.07564
2024-03,2024-03-31,CVE-2024-22045,0.00043,0.07564
2024-03,2024-03-31,CVE-2024-2229,0.00065,0.27120
2024-03,2024-03-31,CVE-2024-23110,,
2024-03,2024-03-31,CVE-2024-23112,0.00045,0.12514
2024-03,2024-03-31,CVE-2024-23113,0.00091,0.37841
2024-03,2024-03-31,CVE-2024-23494,0.00043,0.07564
2024-03,2024-03-31,CVE-2024-23662,,
2024-03,2024-03-31,CVE-2024-23975,0.00043,0.07564
2024-03,2024-03-31,CVE-2024-2425,0.00043,0.07564
2024-03,2024-03-31,CVE-2024-2426,0.00043,0.07564
2024-03,2024-03-31,CVE-2024-2427,0.00043,0.07564
2024-03,2024-03-31,CVE-2024-2442,0.00043,0.07564
2024-03,2024-03-31,CVE-2024-2453,0.00043,0.07564
2024-03,2024-03-31,CVE-2024-25136,0.00043,0.07564
2024-03,2024-03-31,CVE-2024-25137,0.00043,0.07564
2024-03,2024-03-31,CVE-2024-25138,0.00043,0.07564
2024-03,2024-03-31,CVE-2024-25567,0.00043,0.07564
2024-03,2024-03-31,CVE-2024-25574,,
2024-03,2024-03-31,CVE-2024-25937,0.00043,0.07564
2024-03,2024-03-31,CVE-2024-26007,,
2024-03,2024-03-31,CVE-2024-26009,,
2024-03,2024-03-31,CVE-2024-26011,,
2024-03,2024-03-31,CVE-2024-28029,0.00043,0.07564
2024-03,2024-03-31,CVE-2024-28040,0.00043,0.07564
2024-03,2024-03-31,CVE-2024-28045,0.00043,0.07564
2024-03,2024-03-31,CVE-2024-28171,0.00043,0.07564
2024-03,2024-03-31,CVE-2024-28891,0.00043,0.07564
2024-03,2024-03-31,CVE-2024-2929,0.00043,0.07564
2024-03,2024-03-31,CVE-2024-40593,,
2024-03,2024-03-31,CVE-2025-47294,,
2024-03,2024-03-31,CVE-2025-54822,,
2024-03,2024-03-31,CVE-2025-62631,,
2024-04,2024-04-30,CVE-2021-47002,0.00045,0.14219
2024-04,2024-04-30,CVE-2021-47107,0.00043,0.08243
2024-04,2024-04-30,CVE-2021-47316,,
2024-04,2024-04-30,CVE-2022-0028,0.00268,0.67362
2024-04,2024-04-30,CVE-2022-1271,0.00715,0.80298
2024-04,2024-04-30,CVE-2022-3515,0.00465,0.75205
2024-04,2024-04-30,CVE-2022-37454,0.01409,0.86278
2024-04,2024-04-30,CVE-2022-38096,0.00042,0.05271
2024-04,2024-04-30,CVE-2022-43945,0.00115,0.44591
2024-04,2024-04-30,CVE-2022-47629,0.00196,0.56607
2024-04,2024-04-30,CVE-2022-48827,,
2024-04,2024-04-30,CVE-2022-48828,,
2024-04,2024-04-30,CVE-2022-48829,,
2024-04,2024-04-30,CVE-2023-0005,0.00059,0.23889
2024-04,2024-04-30,CVE-2023-0008,0.00070,0.29437
2024-04,2024-04-30,CVE-2023-0286,0.00212,0.58693
2024-04,2024-04-30,CVE-2023-1652,0.00042,0.05271
2024-04,2024-04-30,CVE-2023-28746,0.00045,0.14219
2024-04,2024-04-30,CVE-2023-35980,0.00208,0.58417
2024-04,2024-04-30,CVE-2023-35981,0.00208,0.58417
2024-04,2024-04-30,CVE-2023-35982,0.00208,0.58417
2024-04,2024-04-30,CVE-2023-38046,0.00068,0.28673
2024-04,2024-04-30,CVE-2023-38802,0.00257,0.65131
2024-04,2024-04-30,CVE-2023-45898,0.00042,0.05271
2024-04,2024-04-30,CVE-2023-47233,0.00042,0.05271
2024-04,2024-04-30,CVE-2023-50781,0.00103,0.41455
2024-04,2024-04-30,CVE-2023-50821,0.00043,0.08243
2024-04,2024-04-30,CVE-2023-52447,0.00042,0.05271
2024-04,2024-04-30,CVE-2023-52458,0.00042,0.05271
2024-04,2024-04-30,CVE-2023-52614,0.00045,0.14219
2024-04,2024-04-30,CVE-2023-52620,0.00044,0.09514
2024-04,2024-04-30,CVE-2023-5389,0.00077,0.32248
2024-04,2024-04-30,CVE-2023-5390,0.00047,0.16196
2024-04,2024-04-30,CVE-2023-5392,0.00043,0.08243
2024-04,2024-04-30,CVE-2023-5393,0.00043,0.08243
2024-04,2024-04-30,CVE-2023-5394,0.00043,0.08243
2024-04,2024-04-30,CVE-2023-5395,0.00043,0.08243
2024-04,2024-04-30,CVE-2023-5396,0.00043,0.08243
2024-04,2024-04-30,CVE-2023-5397,0.00043,0.08243
2024-04,2024-04-30,CVE-2023-5398,0.00043,0.08243
2024-04,2024-04-30,CVE-2023-5400,0.00043,0.08243
2024-04,2024-04-30,CVE-2023-5401,0.00043,0.08243
2024-04,2024-04-30,CVE-2023-5403,0.00043,0.08243
2024-04,2024-04-30,CVE-2023-5404,0.00043,0.08243
2024-04,2024-04-30,CVE-2023-5405,0.00043,0.08243
2024-04,2024-04-30,CVE-2023-5406,0.00043,0.08243
2024-04,2024-04-30,CVE-2023-5407,0.00043,0.08243
2024-04,2024-04-30,CVE-2023-5678,0.00079,0.33187
2024-04,2024-04-30,CVE-2023-6121,0.00111,0.43776
2024-04,2024-04-30,CVE-2023-6129,0.00170,0.53428
2024-04,2024-04-30,CVE-2023-6237,0.00045,0.14219
2024-04,2024-04-30,CVE-2023-6793,0.00044,0.12466
2024-04,2024-04-30,CVE-2023-6932,0.00042,0.05271
2024-04,2024-04-30,CVE-2024-0008,0.00043,0.08243
2024-04,2024-04-30,CVE-2024-0257,0.00043,0.08243
2024-04,2024-04-30,CVE-2024-0727,0.00228,0.60570
2024-04,2024-04-30,CVE-2024-1480,0.00043,0.08243
2024-04,2024-04-30,CVE-2024-1491,0.00043,0.08243
2024-04,2024-04-30,CVE-2024-1531,0.00043,0.08243
2024-04,2024-04-30,CVE-2024-1532,0.00043,0.08243
2024-04,2024-04-30,CVE-2024-2103,0.00043,0.08243
2024-04,2024-04-30,CVE-2024-21846,0.00043,0.08243
2024-04,2024-04-30,CVE-2024-21872,0.00043,0.08243
2024-04,2024-04-30,CVE-2024-22099,0.00042,0.05271
2024-04,2024-04-30,CVE-2024-22179,0.00043,0.08243
2024-04,2024-04-30,CVE-2024-22186,0.00043,0.08243
2024-04,2024-04-30,CVE-2024-2244,0.00043,0.08243
2024-04,2024-04-30,CVE-2024-23307,0.00043,0.08243
2024-04,2024-04-30,CVE-2024-2377,,
2024-04,2024-04-30,CVE-2024-2378,,
2024-04,2024-04-30,CVE-2024-23848,0.00043,0.08243
2024-04,2024-04-30,CVE-2024-2424,0.00043,0.08243
2024-04,2024-04-30,CVE-2024-24857,0.00045,0.14251
2024-04,2024-04-30,CVE-2024-24858,0.00044,0.11930
2024-04,2024-04-30,CVE-2024-24859,0.00044,0.11930
2024-04,2024-04-30,CVE-2024-2511,0.00045,0.14219
2024-04,2024-04-30,CVE-2024-2551,,
2024-04,2024-04-30,CVE-2024-25739,0.00042,0.05271
2024-04,2024-04-30,CVE-2024-2617,,
2024-04,2024-04-30,CVE-2024-26275,0.00043,0.08243
2024-04,2024-04-30,CVE-2024-26276,0.00043,0.08243
2024-04,2024-04-30,CVE-2024-26277,0.00043,0.08243
2024-04,2024-04-30,CVE-2024-26629,0.00045,0.14219
2024-04,2024-04-30,CVE-2024-26642,0.00044,0.12110
2024-04,2024-04-30,CVE-2024-26643,0.00044,0.09514
2024-04,2024-04-30,CVE-2024-26651,0.00044,0.12110
2024-04,2024-04-30,CVE-2024-26659,0.00044,0.09514
2024-04,2024-04-30,CVE-2024-26787,0.00044,0.09514
2024-04,2024-04-30,CVE-2024-26810,0.00044,0.12110
2024-04,2024-04-30,CVE-2024-26812,0.00044,0.12110
2024-04,2024-04-30,CVE-2024-26816,0.00044,0.12110
2024-04,2024-04-30,CVE-2024-26820,0.00044,0.12110
2024-04,2024-04-30,CVE-2024-26851,0.00044,0.12110
2024-04,2024-04-30,CVE-2024-26852,0.00044,0.12110
2024-04,2024-04-30,CVE-2024-26855,0.00044,0.09514
2024-04,2024-04-30,CVE-2024-26859,0.00044,0.12110
2024-04,2024-04-30,CVE-2024-26861,0.00044,0.09514
2024-04,2024-04-30,CVE-2024-26863,0.00044,0.12110
2024-04,2024-04-30,CVE-2024-26870,0.00044,0.09514
2024-04,2024-04-30,CVE-2024-26872,0.00044,0.09514
2024-04,2024-04-30,CVE-2024-26875,0.00044,0.12110
2024-04,2024-04-30,CVE-2024-26877,0.00044,0.09514
2024-04,2024-04-30,CVE-2024-26878,0.00044,0.12110
2024-04,2024-04-30,CVE-2024-26880,0.00044,0.12110
2024-04,2024-04-30,CVE-2024-26882,0.00044,0.12110
2024-04,2024-04-30,CVE-2024-26883,0.00042,0.05271
2024-04,2024-04-30,CVE-2024-26884,0.00042,0.05271
2024-04,2024-04-30,CVE-2024-26885,0.00042,0.05271
2024-04,2024-04-30,CVE-2024-26889,0.00044,0.12110
2024-04,2024-04-30,CVE-2024-26891,0.00044,0.09514
2024-04,2024-04-30,CVE-2024-26894,0.00044,0.12110
2024-04,2024-04-30,CVE-2024-26895,0.00044,0.09514
2024-04,2024-04-30,CVE-2024-26897,0.00044,0.09514
2024-04,2024-04-30,CVE-2024-26898,0.00042,0.05271
2024-04,2024-04-30,CVE-2024-26901,0.00042,0.05271
2024-04,2024-04-30,CVE-2024-26903,0.00042,0.05271
2024-04,2024-04-30,CVE-2024-26906,0.00044,0.09514
2024-04,2024-04-30,CVE-2024-26907,0.00042,0.05271
2024-04,2024-04-30,CVE-2024-26920,0.00044,0.12110
2024-04,2024-04-30,CVE-2024-26923,0.00045,0.14219
2024-04,2024-04-30,CVE-2024-26925,0.00044,0.09514
2024-04,2024-04-30,CVE-2024-26934,,
2024-04,2024-04-30,CVE-2024-26935,,
2024-04,2024-04-30,CVE-2024-26937,,
2024-04,2024-04-30,CVE-2024-26950,,
2024-04,2024-04-30,CVE-2024-26951,,
2024-04,2024-04-30,CVE-2024-26958,,
2024-04,2024-04-30,CVE-2024-26960,,
2024-04,2024-04-30,CVE-2024-26961,,
2024-04,2024-04-30,CVE-2024-26973,,
2024-04,2024-04-30,CVE-2024-26974,,
2024-04,2024-04-30,CVE-2024-26982,,
2024-04,2024-04-30,CVE-2024-26988,,
2024-04,2024-04-30,CVE-2024-26993,,
2024-04,2024-04-30,CVE-2024-27004,,
2024-04,2024-04-30,CVE-2024-27013,,
2024-04,2024-04-30,CVE-2024-27020,,
2024-04,2024-04-30,CVE-2024-27024,,
2024-04,2024-04-30,CVE-2024-27025,,
2024-04,2024-04-30,CVE-2024-27038,,
2024-04,2024-04-30,CVE-2024-27047,,
2024-04,2024-04-30,CVE-2024-27052,,
2024-04,2024-04-30,CVE-2024-27053,,
2024-04,2024-04-30,CVE-2024-27059,,
2024-04,2024-04-30,CVE-2024-27065,,
2024-04,2024-04-30,CVE-2024-27072,,
2024-04,2024-04-30,CVE-2024-27076,,
2024-04,2024-04-30,CVE-2024-27077,,
2024-04,2024-04-30,CVE-2024-27078,,
2024-04,2024-04-30,CVE-2024-27395,,
2024-04,2024-04-30,CVE-2024-27396,,
2024-04,2024-04-30,CVE-2024-27397,,
2024-04,2024-04-30,CVE-2024-27419,,
2024-04,2024-04-30,CVE-2024-27431,,
2024-04,2024-04-30,CVE-2024-27436,,
2024-04,2024-04-30,CVE-2024-27437,0.00044,0.12110
2024-04,2024-04-30,CVE-2024-28878,0.00043,0.08243
2024-04,2024-04-30,CVE-2024-30210,0.00043,0.08243
2024-04,2024-04-30,CVE-2024-31069,0.00043,0.08243
2024-04,2024-04-30,CVE-2024-31978,0.00044,0.09691
2024-04,2024-04-30,CVE-2024-3313,0.00043,0.08243
2024-04,2024-04-30,CVE-2024-33621,,
2024-04,2024-04-30,CVE-2024-3383,0.00043,0.08243
2024-04,2024-04-30,CVE-2024-33847,,
2024-04,2024-04-30,CVE-2024-3386,0.00043,0.08243
2024-04,2024-04-30,CVE-2024-3387,0.00043,0.08243
2024-04,2024-04-30,CVE-2024-3388,0.00043,0.08243
2024-04,2024-04-30,CVE-2024-3400,0.95359,0.99337
2024-04,2024-04-30,CVE-2024-34027,,
2024-04,2024-04-30,CVE-2024-3493,0.00043,0.08243
2024-04,2024-04-30,CVE-2024-35789,,
2024-04,2024-04-30,CVE-2024-35805,,
2024-04,2024-04-30,CVE-2024-35807,,
2024-04,2024-04-30,CVE-2024-35811,,
2024-04,2024-04-30,CVE-2024-35813,,
2024-04,2024-04-30,CVE-2024-35815,,
2024-04,2024-04-30,CVE-2024-35823,,
2024-04,2024-04-30,CVE-2024-35828,,
2024-04,2024-04-30,CVE-2024-35845,,
2024-04,2024-04-30,CVE-2024-35849,,
2024-04,2024-04-30,CVE-2024-35877,,
2024-04,2024-04-30,CVE-2024-35884,,
2024-04,2024-04-30,CVE-2024-35886,,
2024-04,2024-04-30,CVE-2024-35888,,
2024-04,2024-04-30,CVE-2024-35893,,
2024-04,2024-04-30,CVE-2024-35895,,
2024-04,2024-04-30,CVE-2024-35896,,
2024-04,2024-04-30,CVE-2024-35897,,
2024-04,2024-04-30,CVE-2024-35898,,
2024-04,2024-04-30,CVE-2024-35899,,
2024-04,2024-04-30,CVE-2024-35900,,
2024-04,2024-04-30,CVE-2024-35902,,
2024-04,2024-04-30,CVE-2024-35905,,
2024-04,2024-04-30,CVE-2024-35910,,
2024-04,2024-04-30,CVE-2024-35915,,
2024-04,2024-04-30,CVE-2024-35922,,
2024-04,2024-04-30,CVE-2024-35925,,
2024-04,2024-04-30,CVE-2024-35930,,
2024-04,2024-04-30,CVE-2024-35933,,
2024-04,2024-04-30,CVE-2024-35934,,
2024-04,2024-04-30,CVE-2024-35935,,
2024-04,2024-04-30,CVE-2024-35936,,
2024-04,2024-04-30,CVE-2024-35940,,
2024-04,2024-04-30,CVE-2024-35944,,
2024-04,2024-04-30,CVE-2024-35950,,
2024-04,2024-04-30,CVE-2024-35955,,
2024-04,2024-04-30,CVE-2024-35958,,
2024-04,2024-04-30,CVE-2024-35960,,
2024-04,2024-04-30,CVE-2024-35962,,
2024-04,2024-04-30,CVE-2024-35965,,
2024-04,2024-04-30,CVE-2024-35966,,
2024-04,2024-04-30,CVE-2024-35967,,
2024-04,2024-04-30,CVE-2024-35969,,
2024-04,2024-04-30,CVE-2024-35973,,
2024-04,2024-04-30,CVE-2024-35976,,
2024-04,2024-04-30,CVE-2024-35978,,
2024-04,2024-04-30,CVE-2024-35982,,
2024-04,2024-04-30,CVE-2024-35983,,
2024-04,2024-04-30,CVE-2024-35984,,
2024-04,2024-04-30,CVE-2024-35988,,
2024-04,2024-04-30,CVE-2024-35990,,
2024-04,2024-04-30,CVE-2024-35996,,
2024-04,2024-04-30,CVE-2024-35997,,
2024-04,2024-04-30,CVE-2024-36004,,
2024-04,2024-04-30,CVE-2024-36005,,
2024-04,2024-04-30,CVE-2024-36006,,
2024-04,2024-04-30,CVE-2024-36007,,
2024-04,2024-04-30,CVE-2024-36008,,
2024-04,2024-04-30,CVE-2024-36020,,
2024-04,2024-04-30,CVE-2024-36270,,
2024-04,2024-04-30,CVE-2024-36286,,
2024-04,2024-04-30,CVE-2024-36288,,
2024-04,2024-04-30,CVE-2024-36484,,
2024-04,2024-04-30,CVE-2024-36489,,
2024-04,2024-04-30,CVE-2024-36894,,
2024-04,2024-04-30,CVE-2024-36899,,
2024-04,2024-04-30,CVE-2024-36902,,
2024-04,2024-04-30,CVE-2024-36904,,
2024-04,2024-04-30,CVE-2024-36905,,
2024-04,2024-04-30,CVE-2024-36916,,
2024-04,2024-04-30,CVE-2024-36929,,
2024-04,2024-04-30,CVE-2024-36939,,
2024-04,2024-04-30,CVE-2024-36940,,
2024-04,2024-04-30,CVE-2024-36959,,
2024-04,2024-04-30,CVE-2024-36974,,
2024-04,2024-04-30,CVE-2024-36978,,
2024-04,2024-04-30,CVE-2024-37356,,
2024-04,2024-04-30,CVE-2024-3741,0.00043,0.08243
2024-04,2024-04-30,CVE-2024-3742,0.00043,0.08243
2024-04,2024-04-30,CVE-2024-3746,,
2024-04,2024-04-30,CVE-2024-38381,,
2024-04,2024-04-30,CVE-2024-38547,,
2024-04,2024-04-30,CVE-2024-38552,,
2024-04,2024-04-30,CVE-2024-38558,,
2024-04,2024-04-30,CVE-2024-38559,,
2024-04,2024-04-30,CVE-2024-38560,,
2024-04,2024-04-30,CVE-2024-38565,,
2024-04,2024-04-30,CVE-2024-38567,,
2024-04,2024-04-30,CVE-2024-38578,,
2024-04,2024-04-30,CVE-2024-38579,,
2024-04,2024-04-30,CVE-2024-38587,,
2024-04,2024-04-30,CVE-2024-38589,,
2024-04,2024-04-30,CVE-2024-38596,,
2024-04,2024-04-30,CVE-2024-38598,,
2024-04,2024-04-30,CVE-2024-38599,,
2024-04,2024-04-30,CVE-2024-38612,,
2024-04,2024-04-30,CVE-2024-38615,,
2024-04,2024-04-30,CVE-2024-38619,,
2024-04,2024-04-30,CVE-2024-38635,,
2024-04,2024-04-30,CVE-2024-38659,,
2024-04,2024-04-30,CVE-2024-38662,,
2024-04,2024-04-30,CVE-2024-38780,,
2024-04,2024-04-30,CVE-2024-39468,,
2024-04,2024-04-30,CVE-2024-39482,,
2024-04,2024-04-30,CVE-2024-39489,,
2024-04,2024-04-30,CVE-2024-39493,,
2024-04,2024-04-30,CVE-2024-39502,,
2024-04,2024-04-30,CVE-2024-39503,,
2024-04,2024-04-30,CVE-2024-39509,,
2024-04,2024-04-30,CVE-2024-40905,,
2024-04,2024-04-30,CVE-2024-40912,,
2024-04,2024-04-30,CVE-2024-40916,,
2024-04,2024-04-30,CVE-2024-40934,,
2024-04,2024-04-30,CVE-2024-40941,,
2024-04,2024-04-30,CVE-2024-40942,,
2024-04,2024-04-30,CVE-2024-40945,,
2024-04,2024-04-30,CVE-2024-40958,,
2024-04,2024-04-30,CVE-2024-40959,,
2024-04,2024-04-30,CVE-2024-40960,,
2024-04,2024-04-30,CVE-2024-40961,,
2024-04,2024-04-30,CVE-2024-40971,,
2024-04,2024-04-30,CVE-2024-40978,,
2024-04,2024-04-30,CVE-2024-40980,,
2024-04,2024-04-30,CVE-2024-40984,,
2024-04,2024-04-30,CVE-2024-40993,,
2024-04,2024-04-30,CVE-2024-40995,,
2024-04,2024-04-30,CVE-2024-41000,,
2024-04,2024-04-30,CVE-2024-41004,,
2024-04,2024-04-30,CVE-2024-41005,,
2024-04,2024-04-30,CVE-2024-41006,,
2024-04,2024-04-30,CVE-2024-41016,,
2024-04,2024-04-30,CVE-2024-4192,,
2024-04,2024-04-30,CVE-2024-41996,,
2024-04,2024-04-30,CVE-2024-42070,,
2024-04,2024-04-30,CVE-2024-42082,,
2024-04,2024-04-30,CVE-2024-42090,,
2024-04,2024-04-30,CVE-2024-42093,,
2024-04,2024-04-30,CVE-2024-42094,,
2024-04,2024-04-30,CVE-2024-42096,,
2024-04,2024-04-30,CVE-2024-42097,,
2024-04,2024-04-30,CVE-2024-42114,,
2024-04,2024-04-30,CVE-2024-42259,,
2024-04,2024-04-30,CVE-2024-42265,,
2024-04,2024-04-30,CVE-2024-42272,,
2024-04,2024-04-30,CVE-2024-42276,,
2024-04,2024-04-30,CVE-2024-42281,,
2024-04,2024-04-30,CVE-2024-42283,,
2024-04,2024-04-30,CVE-2024-42292,,
2024-04,2024-04-30,CVE-2024-42302,,
2024-04,2024-04-30,CVE-2024-42304,,
2024-04,2024-04-30,CVE-2024-42305,,
2024-04,2024-04-30,CVE-2024-42306,,
2024-04,2024-04-30,CVE-2024-42312,,
2024-04,2024-04-30,CVE-2024-43828,,
2024-04,2024-04-30,CVE-2024-43830,,
2024-04,2024-04-30,CVE-2024-43834,,
2024-04,2024-04-30,CVE-2024-43856,,
2024-04,2024-04-30,CVE-2024-43858,,
2024-04,2024-04-30,CVE-2024-43871,,
2024-04,2024-04-30,CVE-2024-43879,,
2024-04,2024-04-30,CVE-2024-43882,,
2024-04,2024-04-30,CVE-2024-43889,,
2024-04,2024-04-30,CVE-2024-43890,,
2024-04,2024-04-30,CVE-2024-43893,,
2024-04,2024-04-30,CVE-2024-44935,,
2024-04,2024-04-30,CVE-2024-44944,,
2024-04,2024-04-30,CVE-2024-44948,,
2024-04,2024-04-30,CVE-2024-44960,,
2024-04,2024-04-30,CVE-2024-44987,,
2024-04,2024-04-30,CVE-2024-44989,,
2024-04,2024-04-30,CVE-2024-44990,,
2024-04,2024-04-30,CVE-2024-45016,,
2024-04,2024-04-30,CVE-2024-45018,,
2024-04,2024-04-30,CVE-2024-46679,,
2024-04,2024-04-30,CVE-2024-46743,,
2024-04,2024-04-30,CVE-2024-46744,,
2024-04,2024-04-30,CVE-2024-46745,,
2024-04,2024-04-30,CVE-2024-46750,,
2024-04,2024-04-30,CVE-2024-46759,,
2024-04,2024-04-30,CVE-2024-46783,,
2024-04,2024-04-30,CVE-2024-46854,,
2024-04,2024-04-30,CVE-2024-46865,,
2024-04,2024-04-30,CVE-2024-47660,,
2024-04,2024-04-30,CVE-2024-47684,,
2024-04,2024-04-30,CVE-2024-47685,,
2024-04,2024-04-30,CVE-2024-47692,,
2024-04,2024-04-30,CVE-2024-47696,,
2024-04,2024-04-30,CVE-2024-47697,,
2024-04,2024-04-30,CVE-2024-47699,,
2024-04,2024-04-30,CVE-2024-47701,,
2024-04,2024-04-30,CVE-2024-47705,,
2024-04,2024-04-30,CVE-2024-47706,,
2024-04,2024-04-30,CVE-2024-47707,,
2024-04,2024-04-30,CVE-2024-47709,,
2024-04,2024-04-30,CVE-2024-47710,,
2024-04,2024-04-30,CVE-2024-47713,,
2024-04,2024-04-30,CVE-2024-47718,,
2024-04,2024-04-30,CVE-2024-47723,,
2024-04,2024-04-30,CVE-2024-47735,,
2024-04,2024-04-30,CVE-2024-47737,,
2024-04,2024-04-30,CVE-2024-47747,,
2024-04,2024-04-30,CVE-2024-49851,,
2024-04,2024-04-30,CVE-2024-49889,,
2024-04,2024-04-30,CVE-2024-49890,,
2024-04,2024-04-30,CVE-2024-49892,,
2024-04,2024-04-30,CVE-2024-49894,,
2024-04,2024-04-30,CVE-2024-49900,,
2024-04,2024-04-30,CVE-2024-49902,,
2024-04,2024-04-30,CVE-2024-49903,,
2024-04,2024-04-30,CVE-2024-49930,,
2024-04,2024-04-30,CVE-2024-49938,,
2024-04,2024-04-30,CVE-2024-49944,,
2024-04,2024-04-30,CVE-2024-49948,,
2024-04,2024-04-30,CVE-2024-49949,,
2024-04,2024-04-30,CVE-2024-49952,,
2024-04,2024-04-30,CVE-2024-49955,,
2024-04,2024-04-30,CVE-2024-49973,,
2024-04,2024-04-30,CVE-2024-49977,,
2024-04,2024-04-30,CVE-2024-49997,,
2024-04,2024-04-30,CVE-2024-50001,,
2024-04,2024-04-30,CVE-2024-50006,,
2024-04,2024-04-30,CVE-2024-50008,,
2024-04,2024-04-30,CVE-2024-50010,,
2024-04,2024-04-30,CVE-2024-50015,,
2024-04,2024-04-30,CVE-2024-50033,,
2024-04,2024-04-30,CVE-2024-50035,,
2024-04,2024-04-30,CVE-2024-50039,,
2024-04,2024-04-30,CVE-2024-50040,,
2024-04,2024-04-30,CVE-2024-50044,,
2024-04,2024-04-30,CVE-2024-50045,,
2024-04,2024-04-30,CVE-2024-50046,,
2024-04,2024-04-30,CVE-2024-50058,,
2024-04,2024-04-30,CVE-2024-50095,,
2024-04,2024-04-30,CVE-2024-50121,,
2024-04,2024-04-30,CVE-2024-50127,,
2024-04,2024-04-30,CVE-2024-50142,,
2024-04,2024-04-30,CVE-2024-50148,,
2024-04,2024-04-30,CVE-2024-50150,,
2024-04,2024-04-30,CVE-2024-50151,,
2024-04,2024-04-30,CVE-2024-50153,,
2024-04,2024-04-30,CVE-2024-50188,,
2024-04,2024-04-30,CVE-2024-50205,,
2024-04,2024-04-30,CVE-2024-50210,,
2024-04,2024-04-30,CVE-2024-50262,,
2024-04,2024-04-30,CVE-2024-50299,,
2024-04,2024-04-30,CVE-2024-50301,,
2024-04,2024-04-30,CVE-2024-50302,,
2024-04,2024-04-30,CVE-2024-53042,,
2024-04,2024-04-30,CVE-2024-53057,,
2024-04,2024-04-30,CVE-2024-53059,,
2024-04,2024-04-30,CVE-2024-53101,,
2024-04,2024-04-30,CVE-2024-5535,,
2024-04,2024-04-30,CVE-2024-56631,,
2024-04,2024-04-30,CVE-2024-56672,,
2024-04,2024-04-30,CVE-2024-57901,,
2024-04,2024-04-30,CVE-2024-57902,,
2024-04,2024-04-30,CVE-2024-57913,,
2024-04,2024-04-30,CVE-2024-57951,,
2024-04,2024-04-30,CVE-2024-57979,,
2024-04,2024-04-30,CVE-2024-58058,,
2024-04,2024-04-30,CVE-2024-58063,,
2024-04,2024-04-30,CVE-2024-58071,,
2024-04,2024-04-30,CVE-2024-5911,,
2024-04,2024-04-30,CVE-2024-5916,,
2024-04,2024-04-30,CVE-2024-5917,,
2024-04,2024-04-30,CVE-2024-5919,,
2024-04,2024-04-30,CVE-2024-8688,,
2024-04,2024-04-30,CVE-2024-9143,,
2024-04,2024-04-30,CVE-2025-0127,,
2024-04,2024-04-30,CVE-2025-21639,,
2024-04,2024-04-30,CVE-2025-21666,,
2024-04,2024-04-30,CVE-2025-21669,,
2024-04,2024-04-30,CVE-2025-21683,,
2024-04,2024-04-30,CVE-2025-21692,,
2024-04,2024-04-30,CVE-2025-21694,,
2024-04,2024-04-30,CVE-2025-21726,,
2024-04,2024-04-30,CVE-2025-21727,,
2024-04,2024-04-30,CVE-2025-21753,,
2024-04,2024-04-30,CVE-2025-21756,,
2024-04,2024-04-30,CVE-2025-21760,,
2024-04,2024-04-30,CVE-2025-21761,,
2024-04,2024-04-30,CVE-2025-21762,,
2024-04,2024-04-30,CVE-2025-21763,,
2024-04,2024-04-30,CVE-2025-21764,,
2024-04,2024-04-30,CVE-2025-21796,,
2024-04,2024-04-30,CVE-2025-21844,,
2024-04,2024-04-30,CVE-2025-21846,,
2024-04,2024-04-30,CVE-2025-21858,,
2024-04,2024-04-30,CVE-2025-21859,,
2024-04,2024-04-30,CVE-2025-21862,,
2024-04,2024-04-30,CVE-2025-21865,,
2024-04,2024-04-30,CVE-2025-3198,,
2024-04,2024-04-30,CVE-2025-5244,,
2024-04,2024-04-30,CVE-2025-5245,,
2024-04,2024-04-30,CVE-2025-58319,,
2024-04,2024-04-30,CVE-2025-68160,,
2024-04,2024-04-30,CVE-2025-69418,,
2024-04,2024-04-30,CVE-2025-69419,,
2024-04,2024-04-30,CVE-2025-69420,,
2024-04,2024-04-30,CVE-2025-69421,,
2024-04,2024-04-30,CVE-2025-7425,,
2024-04,2024-04-30,CVE-2025-7545,,
2024-04,2024-04-30,CVE-2025-7546,,
2024-04,2024-04-30,CVE-2025-8224,,
2024-04,2024-04-30,CVE-2025-9230,,
2024-04,2024-04-30,CVE-2026-22795,,
2024-04,2024-04-30,CVE-2026-22796,,
2024-04,2024-04-30,CVE-2026-28387,,
2024-04,2024-04-30,CVE-2026-28388,,
2024-04,2024-04-30,CVE-2026-28389,,
2024-04,2024-04-30,CVE-2026-28390,,
2024-04,2024-04-30,CVE-2026-31431,,
2024-05,2024-05-31,CVE-2023-29409,0.00060,0.25521
2024-05,2024-05-31,CVE-2023-31274,0.00052,0.20223
2024-05,2024-05-31,CVE-2023-31468,0.00053,0.20557
2024-05,2024-05-31,CVE-2023-33953,0.00044,0.12337
2024-05,2024-05-31,CVE-2023-34348,0.00052,0.20223
2024-05,2024-05-31,CVE-2023-38039,0.00929,0.82993
2024-05,2024-05-31,CVE-2023-38545,0.00319,0.70487
2024-05,2024-05-31,CVE-2023-38546,0.00081,0.34620
2024-05,2024-05-31,CVE-2023-46218,0.00071,0.30692
2024-05,2024-05-31,CVE-2023-46219,0.00052,0.20037
2024-05,2024-05-31,CVE-2023-46280,0.00043,0.08743
2024-05,2024-05-31,CVE-2023-46604,0.92279,0.98948
2024-05,2024-05-31,CVE-2023-4807,0.00043,0.09572
2024-05,2024-05-31,CVE-2023-51776,,
2024-05,2024-05-31,CVE-2023-51777,,
2024-05,2024-05-31,CVE-2023-51778,,
2024-05,2024-05-31,CVE-2023-5363,0.00115,0.45054
2024-05,2024-05-31,CVE-2023-5678,0.00111,0.44402
2024-05,2024-05-31,CVE-2023-6916,0.00043,0.08743
2024-05,2024-05-31,CVE-2024-0218,0.00043,0.08743
2024-05,2024-05-31,CVE-2024-0912,,
2024-05,2024-05-31,CVE-2024-21785,0.00091,0.38933
2024-05,2024-05-31,CVE-2024-22039,0.00077,0.32937
2024-05,2024-05-31,CVE-2024-22040,0.00043,0.08743
2024-05,2024-05-31,CVE-2024-22041,0.00043,0.08743
2024-05,2024-05-31,CVE-2024-22102,,
2024-05,2024-05-31,CVE-2024-22103,,
2024-05,2024-05-31,CVE-2024-22104,,
2024-05,2024-05-31,CVE-2024-22105,,
2024-05,2024-05-31,CVE-2024-22106,,
2024-05,2024-05-31,CVE-2024-22187,0.00048,0.17484
2024-05,2024-05-31,CVE-2024-23315,0.00087,0.36952
2024-05,2024-05-31,CVE-2024-23601,0.00091,0.38933
2024-05,2024-05-31,CVE-2024-2420,0.00043,0.08743
2024-05,2024-05-31,CVE-2024-2421,0.00043,0.09389
2024-05,2024-05-31,CVE-2024-2422,0.00043,0.08743
2024-05,2024-05-31,CVE-2024-24851,0.00046,0.16630
2024-05,2024-05-31,CVE-2024-24946,0.00046,0.16630
2024-05,2024-05-31,CVE-2024-24947,0.00043,0.08743
2024-05,2024-05-31,CVE-2024-24954,0.00046,0.16630
2024-05,2024-05-31,CVE-2024-24955,0.00046,0.16630
2024-05,2024-05-31,CVE-2024-24956,0.00046,0.16630
2024-05,2024-05-31,CVE-2024-24957,0.00046,0.16630
2024-05,2024-05-31,CVE-2024-24958,0.00046,0.16630
2024-05,2024-05-31,CVE-2024-24959,0.00046,0.16630
2024-05,2024-05-31,CVE-2024-24962,0.00088,0.37759
2024-05,2024-05-31,CVE-2024-24963,0.00088,0.37759
2024-05,2024-05-31,CVE-2024-25086,,
2024-05,2024-05-31,CVE-2024-25087,,
2024-05,2024-05-31,CVE-2024-25088,,
2024-05,2024-05-31,CVE-2024-26024,0.00043,0.08743
2024-05,2024-05-31,CVE-2024-26314,,
2024-05,2024-05-31,CVE-2024-27939,0.00043,0.08743
2024-05,2024-05-31,CVE-2024-27940,0.00043,0.08743
2024-05,2024-05-31,CVE-2024-27941,0.00043,0.08743
2024-05,2024-05-31,CVE-2024-27942,0.00043,0.08743
2024-05,2024-05-31,CVE-2024-27943,0.00043,0.08743
2024-05,2024-05-31,CVE-2024-27944,0.00043,0.08743
2024-05,2024-05-31,CVE-2024-27945,0.00043,0.08743
2024-05,2024-05-31,CVE-2024-27946,0.00044,0.10230
2024-05,2024-05-31,CVE-2024-27947,0.00043,0.08743
2024-05,2024-05-31,CVE-2024-28042,0.00043,0.08743
2024-05,2024-05-31,CVE-2024-30206,0.00043,0.08743
2024-05,2024-05-31,CVE-2024-30207,0.00043,0.08743
2024-05,2024-05-31,CVE-2024-30208,0.00043,0.08743
2024-05,2024-05-31,CVE-2024-30209,0.00043,0.08743
2024-05,2024-05-31,CVE-2024-31409,0.00043,0.08743
2024-05,2024-05-31,CVE-2024-31410,0.00043,0.08743
2024-05,2024-05-31,CVE-2024-31484,0.00043,0.08743
2024-05,2024-05-31,CVE-2024-31485,0.00043,0.08743
2024-05,2024-05-31,CVE-2024-31486,0.00043,0.08743
2024-05,2024-05-31,CVE-2024-31856,0.00043,0.08743
2024-05,2024-05-31,CVE-2024-32042,0.00043,0.08743
2024-05,2024-05-31,CVE-2024-32047,0.00043,0.08743
2024-05,2024-05-31,CVE-2024-32053,0.00043,0.08743
2024-05,2024-05-31,CVE-2024-32055,0.00043,0.08743
2024-05,2024-05-31,CVE-2024-32057,0.00065,0.28591
2024-05,2024-05-31,CVE-2024-32058,0.00132,0.48271
2024-05,2024-05-31,CVE-2024-32059,0.00065,0.28591
2024-05,2024-05-31,CVE-2024-32060,0.00065,0.28591
2024-05,2024-05-31,CVE-2024-32061,0.00065,0.28591
2024-05,2024-05-31,CVE-2024-32062,0.00065,0.28591
2024-05,2024-05-31,CVE-2024-32063,0.00065,0.28591
2024-05,2024-05-31,CVE-2024-32064,0.00065,0.28591
2024-05,2024-05-31,CVE-2024-32065,0.00065,0.28591
2024-05,2024-05-31,CVE-2024-32066,0.00065,0.28591
2024-05,2024-05-31,CVE-2024-32635,0.00043,0.08743
2024-05,2024-05-31,CVE-2024-32636,0.00043,0.08743
2024-05,2024-05-31,CVE-2024-32637,0.00043,0.08743
2024-05,2024-05-31,CVE-2024-32740,0.00043,0.08743
2024-05,2024-05-31,CVE-2024-32741,0.00043,0.08743
2024-05,2024-05-31,CVE-2024-32742,0.00043,0.08743
2024-05,2024-05-31,CVE-2024-33489,0.00043,0.08743
2024-05,2024-05-31,CVE-2024-33490,0.00043,0.08743
2024-05,2024-05-31,CVE-2024-33491,0.00043,0.08743
2024-05,2024-05-31,CVE-2024-33492,0.00043,0.08743
2024-05,2024-05-31,CVE-2024-33493,0.00043,0.08743
2024-05,2024-05-31,CVE-2024-33494,0.00043,0.08743
2024-05,2024-05-31,CVE-2024-33495,0.00043,0.08743
2024-05,2024-05-31,CVE-2024-33496,0.00043,0.08743
2024-05,2024-05-31,CVE-2024-33497,0.00043,0.08743
2024-05,2024-05-31,CVE-2024-33498,0.00043,0.08743
2024-05,2024-05-31,CVE-2024-33499,0.00043,0.08743
2024-05,2024-05-31,CVE-2024-33577,0.00043,0.08743
2024-05,2024-05-31,CVE-2024-33583,0.00043,0.08743
2024-05,2024-05-31,CVE-2024-33615,0.00043,0.08743
2024-05,2024-05-31,CVE-2024-33625,0.00043,0.08743
2024-05,2024-05-31,CVE-2024-33647,0.00043,0.08743
2024-05,2024-05-31,CVE-2024-34025,0.00043,0.08743
2024-05,2024-05-31,CVE-2024-34031,0.00043,0.08743
2024-05,2024-05-31,CVE-2024-34032,0.00043,0.08743
2024-05,2024-05-31,CVE-2024-34033,0.00044,0.10230
2024-05,2024-05-31,CVE-2024-34085,0.00043,0.08743
2024-05,2024-05-31,CVE-2024-34086,0.00043,0.08743
2024-05,2024-05-31,CVE-2024-34171,0.00043,0.08743
2024-05,2024-05-31,CVE-2024-34771,0.00043,0.08743
2024-05,2024-05-31,CVE-2024-34772,0.00043,0.08743
2024-05,2024-05-31,CVE-2024-34773,0.00043,0.08743
2024-05,2024-05-31,CVE-2024-36080,,
2024-05,2024-05-31,CVE-2024-36081,,
2024-05,2024-05-31,CVE-2024-3640,0.00043,0.08743
2024-05,2024-05-31,CVE-2024-3951,0.00043,0.08743
2024-05,2024-05-31,CVE-2024-4609,0.00043,0.08743
2024-05,2024-05-31,CVE-2024-4622,0.00043,0.08743
2024-05,2024-05-31,CVE-2024-5040,0.00133,0.48352
2024-05,2024-05-31,CVE-2024-5271,0.00043,0.08743
2024-05,2024-05-31,CVE-2024-5433,0.00044,0.10230
2024-05,2024-05-31,CVE-2024-5434,0.00043,0.08743
2024-05,2024-05-31,CVE-2024-5597,,
2024-06,2024-06-30,CVE-2019-6268,0.00043,0.09109
2024-06,2024-06-30,CVE-2021-47178,0.00045,0.15704
2024-06,2024-06-30,CVE-2022-2097,0.00366,0.72604
2024-06,2024-06-30,CVE-2022-3435,0.00205,0.58810
2024-06,2024-06-30,CVE-2022-3623,0.00221,0.60528
2024-06,2024-06-30,CVE-2022-39189,0.00045,0.14323
2024-06,2024-06-30,CVE-2022-40225,0.00046,0.17107
2024-06,2024-06-30,CVE-2022-40303,0.00473,0.75837
2024-06,2024-06-30,CVE-2022-40304,0.00089,0.38606
2024-06,2024-06-30,CVE-2022-41742,0.00042,0.05105
2024-06,2024-06-30,CVE-2022-42328,0.00063,0.27725
2024-06,2024-06-30,CVE-2022-42329,0.00063,0.27725
2024-06,2024-06-30,CVE-2022-4304,0.00157,0.52390
2024-06,2024-06-30,CVE-2022-4450,0.00122,0.46956
2024-06,2024-06-30,CVE-2022-44792,0.00326,0.70972
2024-06,2024-06-30,CVE-2022-44793,0.00326,0.70972
2024-06,2024-06-30,CVE-2022-45887,0.00042,0.05105
2024-06,2024-06-30,CVE-2023-0160,0.00042,0.05105
2024-06,2024-06-30,CVE-2023-0215,0.00415,0.74195
2024-06,2024-06-30,CVE-2023-0286,0.00255,0.65613
2024-06,2024-06-30,CVE-2023-0464,0.00297,0.69559
2024-06,2024-06-30,CVE-2023-0465,0.00125,0.47433
2024-06,2024-06-30,CVE-2023-0466,0.00127,0.47827
2024-06,2024-06-30,CVE-2023-21808,0.00118,0.46122
2024-06,2024-06-30,CVE-2023-24895,0.00125,0.47373
2024-06,2024-06-30,CVE-2023-24897,0.00207,0.58931
2024-06,2024-06-30,CVE-2023-24936,0.00202,0.58465
2024-06,2024-06-30,CVE-2023-2650,0.00123,0.47008
2024-06,2024-06-30,CVE-2023-26552,0.00079,0.34372
2024-06,2024-06-30,CVE-2023-26553,0.00079,0.34372
2024-06,2024-06-30,CVE-2023-26554,0.00079,0.34372
2024-06,2024-06-30,CVE-2023-27321,0.00046,0.16375
2024-06,2024-06-30,CVE-2023-28260,0.00183,0.55814
2024-06,2024-06-30,CVE-2023-28319,0.00214,0.59729
2024-06,2024-06-30,CVE-2023-28484,0.00115,0.45389
2024-06,2024-06-30,CVE-2023-29331,0.00128,0.47870
2024-06,2024-06-30,CVE-2023-29469,0.00120,0.46623
2024-06,2024-06-30,CVE-2023-32032,0.00123,0.47043
2024-06,2024-06-30,CVE-2023-33126,0.00097,0.40995
2024-06,2024-06-30,CVE-2023-33127,0.00126,0.47645
2024-06,2024-06-30,CVE-2023-33128,0.00068,0.30187
2024-06,2024-06-30,CVE-2023-33135,0.00248,0.65080
2024-06,2024-06-30,CVE-2023-33170,0.00117,0.45866
2024-06,2024-06-30,CVE-2023-3446,0.00255,0.65608
2024-06,2024-06-30,CVE-2023-35390,0.00753,0.81136
2024-06,2024-06-30,CVE-2023-35391,0.00121,0.46743
2024-06,2024-06-30,CVE-2023-35823,0.00042,0.05105
2024-06,2024-06-30,CVE-2023-35824,0.00042,0.05105
2024-06,2024-06-30,CVE-2023-35828,0.00042,0.05105
2024-06,2024-06-30,CVE-2023-36038,0.00063,0.27551
2024-06,2024-06-30,CVE-2023-36435,0.00063,0.27551
2024-06,2024-06-30,CVE-2023-36558,0.00048,0.17778
2024-06,2024-06-30,CVE-2023-36792,0.00113,0.45169
2024-06,2024-06-30,CVE-2023-36793,0.00113,0.45169
2024-06,2024-06-30,CVE-2023-36794,0.00113,0.45169
2024-06,2024-06-30,CVE-2023-36796,0.00113,0.45169
2024-06,2024-06-30,CVE-2023-36799,0.00065,0.28990
2024-06,2024-06-30,CVE-2023-38171,0.00234,0.61792
2024-06,2024-06-30,CVE-2023-38178,0.00063,0.27551
2024-06,2024-06-30,CVE-2023-38180,0.00710,0.80558
2024-06,2024-06-30,CVE-2023-38533,0.00043,0.09109
2024-06,2024-06-30,CVE-2023-39615,0.00046,0.17107
2024-06,2024-06-30,CVE-2023-41910,0.00063,0.27070
2024-06,2024-06-30,CVE-2023-44317,0.00071,0.31088
2024-06,2024-06-30,CVE-2023-44318,0.00058,0.24963
2024-06,2024-06-30,CVE-2023-44374,0.00060,0.25678
2024-06,2024-06-30,CVE-2023-44487,0.73185,0.98123
2024-06,2024-06-30,CVE-2023-4807,0.00043,0.09936
2024-06,2024-06-30,CVE-2023-50763,0.00045,0.15704
2024-06,2024-06-30,CVE-2023-52474,0.00042,0.05105
2024-06,2024-06-30,CVE-2023-5678,0.00111,0.44731
2024-06,2024-06-30,CVE-2024-0775,0.00042,0.05105
2024-06,2024-06-30,CVE-2024-1182,,
2024-06,2024-06-30,CVE-2024-1573,,
2024-06,2024-06-30,CVE-2024-1574,,
2024-06,2024-06-30,CVE-2024-1839,0.00043,0.09109
2024-06,2024-06-30,CVE-2024-2011,0.00043,0.09109
2024-06,2024-06-30,CVE-2024-2012,0.00043,0.09109
2024-06,2024-06-30,CVE-2024-2013,0.00043,0.09109
2024-06,2024-06-30,CVE-2024-2461,0.00043,0.09109
2024-06,2024-06-30,CVE-2024-2462,0.00043,0.09109
2024-06,2024-06-30,CVE-2024-26275,0.00043,0.09109
2024-06,2024-06-30,CVE-2024-26276,0.00043,0.09109
2024-06,2024-06-30,CVE-2024-26277,0.00043,0.09109
2024-06,2024-06-30,CVE-2024-28020,0.00043,0.09109
2024-06,2024-06-30,CVE-2024-28021,0.00043,0.09109
2024-06,2024-06-30,CVE-2024-28022,0.00043,0.09109
2024-06,2024-06-30,CVE-2024-28023,0.00043,0.09109
2024-06,2024-06-30,CVE-2024-28024,0.00043,0.09109
2024-06,2024-06-30,CVE-2024-2882,0.00043,0.09109
2024-06,2024-06-30,CVE-2024-3036,0.00043,0.09109
2024-06,2024-06-30,CVE-2024-31484,0.00043,0.09109
2024-06,2024-06-30,CVE-2024-32752,0.00043,0.09109
2024-06,2024-06-30,CVE-2024-32755,,
2024-06,2024-06-30,CVE-2024-32756,,
2024-06,2024-06-30,CVE-2024-32757,,
2024-06,2024-06-30,CVE-2024-32932,,
2024-06,2024-06-30,CVE-2024-32943,0.00043,0.09109
2024-06,2024-06-30,CVE-2024-33500,0.00043,0.09109
2024-06,2024-06-30,CVE-2024-3467,0.00043,0.09109
2024-06,2024-06-30,CVE-2024-3468,0.00043,0.09109
2024-06,2024-06-30,CVE-2024-35206,0.00043,0.09109
2024-06,2024-06-30,CVE-2024-35207,0.00043,0.09109
2024-06,2024-06-30,CVE-2024-35208,0.00043,0.09109
2024-06,2024-06-30,CVE-2024-35209,0.00043,0.09109
2024-06,2024-06-30,CVE-2024-35210,0.00043,0.09109
2024-06,2024-06-30,CVE-2024-35211,0.00043,0.09109
2024-06,2024-06-30,CVE-2024-35212,0.00043,0.09109
2024-06,2024-06-30,CVE-2024-35246,0.00043,0.09109
2024-06,2024-06-30,CVE-2024-35292,0.00043,0.09109
2024-06,2024-06-30,CVE-2024-36266,0.00043,0.09109
2024-06,2024-06-30,CVE-2024-37022,0.00075,0.32659
2024-06,2024-06-30,CVE-2024-37029,0.00065,0.28976
2024-06,2024-06-30,CVE-2024-37036,0.00043,0.09109
2024-06,2024-06-30,CVE-2024-37037,0.00044,0.10616
2024-06,2024-06-30,CVE-2024-37038,0.00043,0.09109
2024-06,2024-06-30,CVE-2024-37039,0.00043,0.09109
2024-06,2024-06-30,CVE-2024-37040,0.00043,0.09109
2024-06,2024-06-30,CVE-2024-37183,0.00043,0.09109
2024-06,2024-06-30,CVE-2024-37367,0.00043,0.09109
2024-06,2024-06-30,CVE-2024-37368,0.00043,0.09109
2024-06,2024-06-30,CVE-2024-37369,0.00043,0.09109
2024-06,2024-06-30,CVE-2024-38279,0.00043,0.09109
2024-06,2024-06-30,CVE-2024-38280,0.00043,0.09109
2024-06,2024-06-30,CVE-2024-38281,0.00043,0.09109
2024-06,2024-06-30,CVE-2024-38282,0.00043,0.09109
2024-06,2024-06-30,CVE-2024-38283,0.00043,0.09109
2024-06,2024-06-30,CVE-2024-38284,0.00043,0.09109
2024-06,2024-06-30,CVE-2024-38285,0.00043,0.09109
2024-06,2024-06-30,CVE-2024-3850,0.00045,0.14167
2024-06,2024-06-30,CVE-2024-39373,0.00043,0.09109
2024-06,2024-06-30,CVE-2024-39374,0.00043,0.09109
2024-06,2024-06-30,CVE-2024-39375,0.00043,0.09109
2024-06,2024-06-30,CVE-2024-39376,0.00043,0.09109
2024-06,2024-06-30,CVE-2024-4105,0.00043,0.09109
2024-06,2024-06-30,CVE-2024-4106,0.00043,0.09109
2024-06,2024-06-30,CVE-2024-5056,0.00043,0.09109
2024-06,2024-06-30,CVE-2024-5559,0.00043,0.09109
2024-06,2024-06-30,CVE-2024-5560,0.00043,0.09109
2024-06,2024-06-30,CVE-2024-5650,0.00043,0.09109
2024-06,2024-06-30,CVE-2024-5659,0.00043,0.09109
2024-06,2024-06-30,CVE-2024-6071,0.00043,0.09109
2024-07,2024-07-31,CVE-2022-32260,0.00170,0.54461
2024-07,2024-07-31,CVE-2022-4304,0.00169,0.54302
2024-07,2024-07-31,CVE-2022-4450,0.00135,0.49438
2024-07,2024-07-31,CVE-2022-45147,0.00043,0.09398
2024-07,2024-07-31,CVE-2023-0215,0.00494,0.76464
2024-07,2024-07-31,CVE-2023-0286,0.00300,0.69888
2024-07,2024-07-31,CVE-2023-26136,0.00125,0.47610
2024-07,2024-07-31,CVE-2023-32735,0.00043,0.09398
2024-07,2024-07-31,CVE-2023-32737,0.00043,0.09398
2024-07,2024-07-31,CVE-2023-46720,0.00043,0.09398
2024-07,2024-07-31,CVE-2023-4807,0.00043,0.10223
2024-07,2024-07-31,CVE-2023-48795,0.96466,0.99615
2024-07,2024-07-31,CVE-2023-50176,,
2024-07,2024-07-31,CVE-2023-52237,0.00043,0.09398
2024-07,2024-07-31,CVE-2023-52238,0.00043,0.09398
2024-07,2024-07-31,CVE-2023-52891,0.00043,0.09398
2024-07,2024-07-31,CVE-2023-7066,,
2024-07,2024-07-31,CVE-2024-11316,,
2024-07,2024-07-31,CVE-2024-11317,,
2024-07,2024-07-31,CVE-2024-21754,0.00043,0.09398
2024-07,2024-07-31,CVE-2024-23111,0.00043,0.09398
2024-07,2024-07-31,CVE-2024-26006,,
2024-07,2024-07-31,CVE-2024-26008,,
2024-07,2024-07-31,CVE-2024-26010,0.00043,0.09398
2024-07,2024-07-31,CVE-2024-26011,,
2024-07,2024-07-31,CVE-2024-26015,0.00043,0.09398
2024-07,2024-07-31,CVE-2024-2602,0.00055,0.23545
2024-07,2024-07-31,CVE-2024-30321,0.00043,0.09398
2024-07,2024-07-31,CVE-2024-32055,0.00043,0.09398
2024-07,2024-07-31,CVE-2024-32056,0.00043,0.09398
2024-07,2024-07-31,CVE-2024-32057,0.00046,0.16887
2024-07,2024-07-31,CVE-2024-32058,0.00046,0.16887
2024-07,2024-07-31,CVE-2024-32059,0.00046,0.16887
2024-07,2024-07-31,CVE-2024-32060,0.00046,0.16887
2024-07,2024-07-31,CVE-2024-32061,0.00046,0.16887
2024-07,2024-07-31,CVE-2024-32062,0.00046,0.16887
2024-07,2024-07-31,CVE-2024-32063,0.00046,0.16887
2024-07,2024-07-31,CVE-2024-32064,0.00046,0.16887
2024-07,2024-07-31,CVE-2024-32065,0.00046,0.16887
2024-07,2024-07-31,CVE-2024-32066,0.00046,0.16887
2024-07,2024-07-31,CVE-2024-32753,0.00043,0.09398
2024-07,2024-07-31,CVE-2024-32754,0.00043,0.09398
2024-07,2024-07-31,CVE-2024-32759,0.00043,0.09398
2024-07,2024-07-31,CVE-2024-32861,0.00043,0.09398
2024-07,2024-07-31,CVE-2024-33510,,
2024-07,2024-07-31,CVE-2024-33577,0.00043,0.09398
2024-07,2024-07-31,CVE-2024-33653,0.00043,0.09398
2024-07,2024-07-31,CVE-2024-33654,0.00043,0.09398
2024-07,2024-07-31,CVE-2024-3596,0.00044,0.10732
2024-07,2024-07-31,CVE-2024-36505,,
2024-07,2024-07-31,CVE-2024-37996,0.00043,0.09398
2024-07,2024-07-31,CVE-2024-37997,0.00043,0.09398
2024-07,2024-07-31,CVE-2024-37998,0.00043,0.09398
2024-07,2024-07-31,CVE-2024-38278,0.00043,0.09398
2024-07,2024-07-31,CVE-2024-38867,0.00043,0.09398
2024-07,2024-07-31,CVE-2024-3904,0.00045,0.16208
2024-07,2024-07-31,CVE-2024-39567,0.00043,0.09398
2024-07,2024-07-31,CVE-2024-39568,0.00043,0.09398
2024-07,2024-07-31,CVE-2024-39569,0.00043,0.09398
2024-07,2024-07-31,CVE-2024-39570,0.00043,0.09398
2024-07,2024-07-31,CVE-2024-39571,0.00043,0.09398
2024-07,2024-07-31,CVE-2024-39601,0.00043,0.09398
2024-07,2024-07-31,CVE-2024-39675,0.00043,0.09398
2024-07,2024-07-31,CVE-2024-39865,0.00043,0.09398
2024-07,2024-07-31,CVE-2024-39866,0.00043,0.09398
2024-07,2024-07-31,CVE-2024-39867,0.00043,0.09398
2024-07,2024-07-31,CVE-2024-39868,0.00043,0.09398
2024-07,2024-07-31,CVE-2024-39869,0.00043,0.09398
2024-07,2024-07-31,CVE-2024-39870,0.00043,0.09398
2024-07,2024-07-31,CVE-2024-39871,0.00043,0.09398
2024-07,2024-07-31,CVE-2024-39872,0.00043,0.09398
2024-07,2024-07-31,CVE-2024-39873,0.00043,0.09398
2024-07,2024-07-31,CVE-2024-39874,0.00043,0.09398
2024-07,2024-07-31,CVE-2024-39875,0.00043,0.09398
2024-07,2024-07-31,CVE-2024-39876,0.00043,0.09398
2024-07,2024-07-31,CVE-2024-39880,0.00065,0.29392
2024-07,2024-07-31,CVE-2024-39881,0.00075,0.33029
2024-07,2024-07-31,CVE-2024-39882,0.00065,0.29392
2024-07,2024-07-31,CVE-2024-39883,0.00065,0.29392
2024-07,2024-07-31,CVE-2024-39888,0.00043,0.09398
2024-07,2024-07-31,CVE-2024-4079,0.00043,0.09398
2024-07,2024-07-31,CVE-2024-4080,0.00043,0.09398
2024-07,2024-07-31,CVE-2024-4081,0.00043,0.09398
2024-07,2024-07-31,CVE-2024-4708,0.00043,0.09398
2024-07,2024-07-31,CVE-2024-47570,,
2024-07,2024-07-31,CVE-2024-48839,,
2024-07,2024-07-31,CVE-2024-48840,,
2024-07,2024-07-31,CVE-2024-48843,,
2024-07,2024-07-31,CVE-2024-48844,,
2024-07,2024-07-31,CVE-2024-48845,,
2024-07,2024-07-31,CVE-2024-48846,,
2024-07,2024-07-31,CVE-2024-48847,,
2024-07,2024-07-31,CVE-2024-50568,,
2024-07,2024-07-31,CVE-2024-51541,,
2024-07,2024-07-31,CVE-2024-51542,,
2024-07,2024-07-31,CVE-2024-51543,,
2024-07,2024-07-31,CVE-2024-51544,,
2024-07,2024-07-31,CVE-2024-51545,,
2024-07,2024-07-31,CVE-2024-51546,,
2024-07,2024-07-31,CVE-2024-51548,,
2024-07,2024-07-31,CVE-2024-51549,,
2024-07,2024-07-31,CVE-2024-51550,,
2024-07,2024-07-31,CVE-2024-51551,,
2024-07,2024-07-31,CVE-2024-51554,,
2024-07,2024-07-31,CVE-2024-51555,,
2024-07,2024-07-31,CVE-2024-5602,0.00043,0.09398
2024-07,2024-07-31,CVE-2024-5679,0.00045,0.16346
2024-07,2024-07-31,CVE-2024-5680,0.00045,0.16346
2024-07,2024-07-31,CVE-2024-5681,0.00045,0.16346
2024-07,2024-07-31,CVE-2024-5913,0.00043,0.09398
2024-07,2024-07-31,CVE-2024-5920,,
2024-07,2024-07-31,CVE-2024-5988,0.00043,0.09398
2024-07,2024-07-31,CVE-2024-5989,0.00043,0.09398
2024-07,2024-07-31,CVE-2024-5990,0.00043,0.09398
2024-07,2024-07-31,CVE-2024-6209,0.00087,0.37594
2024-07,2024-07-31,CVE-2024-6236,0.00043,0.09398
2024-07,2024-07-31,CVE-2024-6298,0.00122,0.47137
2024-07,2024-07-31,CVE-2024-6325,0.00043,0.09398
2024-07,2024-07-31,CVE-2024-6407,0.00087,0.37594
2024-07,2024-07-31,CVE-2024-6435,0.00043,0.09398
2024-07,2024-07-31,CVE-2024-6515,,
2024-07,2024-07-31,CVE-2024-6516,,
2024-07,2024-07-31,CVE-2024-6558,0.00043,0.09398
2024-07,2024-07-31,CVE-2024-6784,,
2024-07,2024-07-31,CVE-2024-7007,0.00043,0.09398
2024-07,2024-07-31,CVE-2024-9468,,
2024-07,2024-07-31,CVE-2024-9471,,
2024-07,2024-07-31,CVE-2025-0114,,
2024-07,2024-07-31,CVE-2025-22880,,
2024-07,2024-07-31,CVE-2025-4231,,
2024-07,2024-07-31,CVE-2025-4619,,
2024-07,2024-07-31,CVE-2025-47295,,
2024-08,2024-08-31,CVE-2023-26495,0.00185,0.56398
2024-08,2024-08-31,CVE-2023-31122,0.01014,0.84032
2024-08,2024-08-31,CVE-2023-34050,0.00045,0.16557
2024-08,2024-08-31,CVE-2023-34873,,
2024-08,2024-08-31,CVE-2023-39615,0.00053,0.21698
2024-08,2024-08-31,CVE-2023-42795,0.00974,0.83687
2024-08,2024-08-31,CVE-2023-43622,0.00063,0.28162
2024-08,2024-08-31,CVE-2023-44321,0.00092,0.40067
2024-08,2024-08-31,CVE-2023-44487,0.81041,0.98409
2024-08,2024-08-31,CVE-2023-45648,0.00222,0.60931
2024-08,2024-08-31,CVE-2023-45802,0.00402,0.74070
2024-08,2024-08-31,CVE-2023-4611,0.00042,0.05053
2024-08,2024-08-31,CVE-2023-46120,0.00208,0.59179
2024-08,2024-08-31,CVE-2023-46280,0.00043,0.09543
2024-08,2024-08-31,CVE-2023-46589,0.00484,0.76405
2024-08,2024-08-31,CVE-2023-52425,0.00088,0.38553
2024-08,2024-08-31,CVE-2023-52426,0.00051,0.20747
2024-08,2024-08-31,CVE-2023-5868,0.00180,0.55863
2024-08,2024-08-31,CVE-2023-5870,0.00122,0.47347
2024-08,2024-08-31,CVE-2023-6378,0.00046,0.17690
2024-08,2024-08-31,CVE-2024-0056,0.00156,0.52694
2024-08,2024-08-31,CVE-2024-0985,0.00060,0.26485
2024-08,2024-08-31,CVE-2024-25062,0.00046,0.17690
2024-08,2024-08-31,CVE-2024-28182,0.00044,0.13931
2024-08,2024-08-31,CVE-2024-28757,0.00044,0.10901
2024-08,2024-08-31,CVE-2024-29082,0.00046,0.17690
2024-08,2024-08-31,CVE-2024-30045,0.00046,0.17690
2024-08,2024-08-31,CVE-2024-32635,0.00043,0.09543
2024-08,2024-08-31,CVE-2024-32636,0.00043,0.09543
2024-08,2024-08-31,CVE-2024-32637,0.00043,0.09543
2024-08,2024-08-31,CVE-2024-32758,0.00087,0.37713
2024-08,2024-08-31,CVE-2024-32862,0.00091,0.39646
2024-08,2024-08-31,CVE-2024-32863,0.00058,0.24743
2024-08,2024-08-31,CVE-2024-32864,0.00091,0.39646
2024-08,2024-08-31,CVE-2024-32865,0.00053,0.22121
2024-08,2024-08-31,CVE-2024-32931,0.00049,0.18803
2024-08,2024-08-31,CVE-2024-36398,0.00043,0.09543
2024-08,2024-08-31,CVE-2024-37023,0.00049,0.19543
2024-08,2024-08-31,CVE-2024-39287,0.00087,0.37713
2024-08,2024-08-31,CVE-2024-39776,0.00043,0.09543
2024-08,2024-08-31,CVE-2024-39791,0.00088,0.38490
2024-08,2024-08-31,CVE-2024-3980,0.00049,0.19681
2024-08,2024-08-31,CVE-2024-39815,0.00046,0.17690
2024-08,2024-08-31,CVE-2024-3982,0.00043,0.09543
2024-08,2024-08-31,CVE-2024-39922,0.00043,0.09543
2024-08,2024-08-31,CVE-2024-40619,0.00043,0.09543
2024-08,2024-08-31,CVE-2024-40620,0.00043,0.09543
2024-08,2024-08-31,CVE-2024-41161,0.00091,0.39646
2024-08,2024-08-31,CVE-2024-41681,0.00046,0.17705
2024-08,2024-08-31,CVE-2024-41682,0.00046,0.17690
2024-08,2024-08-31,CVE-2024-41683,0.00046,0.17690
2024-08,2024-08-31,CVE-2024-41903,0.00049,0.18870
2024-08,2024-08-31,CVE-2024-41904,0.00074,0.32690
2024-08,2024-08-31,CVE-2024-41905,0.00048,0.18368
2024-08,2024-08-31,CVE-2024-41906,0.00046,0.17690
2024-08,2024-08-31,CVE-2024-41907,0.00046,0.17690
2024-08,2024-08-31,CVE-2024-41908,0.00043,0.09543
2024-08,2024-08-31,CVE-2024-41936,0.00090,0.39131
2024-08,2024-08-31,CVE-2024-41938,0.00046,0.17009
2024-08,2024-08-31,CVE-2024-41939,0.00049,0.18870
2024-08,2024-08-31,CVE-2024-41940,0.00064,0.28775
2024-08,2024-08-31,CVE-2024-41941,0.00045,0.14669
2024-08,2024-08-31,CVE-2024-41976,0.00064,0.28775
2024-08,2024-08-31,CVE-2024-41977,0.00049,0.18870
2024-08,2024-08-31,CVE-2024-41978,0.00048,0.18368
2024-08,2024-08-31,CVE-2024-42001,0.00091,0.39646
2024-08,2024-08-31,CVE-2024-42408,0.00047,0.18300
2024-08,2024-08-31,CVE-2024-42418,0.00043,0.09543
2024-08,2024-08-31,CVE-2024-42493,0.00046,0.17690
2024-08,2024-08-31,CVE-2024-4872,0.00091,0.39646
2024-08,2024-08-31,CVE-2024-6078,0.00043,0.09543
2024-08,2024-08-31,CVE-2024-6079,0.00043,0.09543
2024-08,2024-08-31,CVE-2024-6089,0.00043,0.09543
2024-08,2024-08-31,CVE-2024-6098,0.00043,0.09543
2024-08,2024-08-31,CVE-2024-6242,0.00043,0.09543
2024-08,2024-08-31,CVE-2024-6456,0.00043,0.09543
2024-08,2024-08-31,CVE-2024-6618,0.00044,0.11088
2024-08,2024-08-31,CVE-2024-6619,0.00043,0.09543
2024-08,2024-08-31,CVE-2024-6918,0.00043,0.09543
2024-08,2024-08-31,CVE-2024-7029,0.00043,0.09543
2024-08,2024-08-31,CVE-2024-7113,0.00043,0.09543
2024-08,2024-08-31,CVE-2024-7502,0.00158,0.52931
2024-08,2024-08-31,CVE-2024-7507,0.00043,0.09543
2024-08,2024-08-31,CVE-2024-7513,0.00043,0.09543
2024-08,2024-08-31,CVE-2024-7515,0.00043,0.09543
2024-08,2024-08-31,CVE-2024-7567,0.00043,0.09543
2024-08,2024-08-31,CVE-2024-7940,0.00091,0.39646
2024-08,2024-08-31,CVE-2024-7941,0.00046,0.17690
2024-08,2024-08-31,CVE-2024-7986,0.00065,0.29555
2024-08,2024-08-31,CVE-2024-7987,0.00065,0.29555
2024-08,2024-08-31,CVE-2024-7988,0.00065,0.29555
2024-08,2024-08-31,CVE-2024-8255,0.00043,0.09543
2024-09,2024-09-30,CVE-2020-15782,0.00526,0.77250
2024-09,2024-09-30,CVE-2023-28827,0.00043,0.09599
2024-09,2024-09-30,CVE-2023-30755,0.00043,0.09599
2024-09,2024-09-30,CVE-2023-30756,0.00043,0.09599
2024-09,2024-09-30,CVE-2023-31102,0.00048,0.18401
2024-09,2024-09-30,CVE-2023-40481,0.00053,0.21975
2024-09,2024-09-30,CVE-2023-45852,0.03797,0.92016
2024-09,2024-09-30,CVE-2023-46380,0.00060,0.26636
2024-09,2024-09-30,CVE-2023-46381,0.00071,0.31624
2024-09,2024-09-30,CVE-2023-46387,0.00153,0.52081
2024-09,2024-09-30,CVE-2023-46850,0.00523,0.77180
2024-09,2024-09-30,CVE-2023-49069,0.00043,0.09599
2024-09,2024-09-30,CVE-2023-5222,0.17892,0.96242
2024-09,2024-09-30,CVE-2024-2004,0.00046,0.17770
2024-09,2024-09-30,CVE-2024-2379,0.00044,0.13768
2024-09,2024-09-30,CVE-2024-2398,0.00046,0.17770
2024-09,2024-09-30,CVE-2024-2466,0.00044,0.13768
2024-09,2024-09-30,CVE-2024-28948,0.00043,0.09599
2024-09,2024-09-30,CVE-2024-28957,0.00045,0.16322
2024-09,2024-09-30,CVE-2024-32006,0.00043,0.09599
2024-09,2024-09-30,CVE-2024-33698,0.00043,0.09599
2024-09,2024-09-30,CVE-2024-34057,0.00046,0.17702
2024-09,2024-09-30,CVE-2024-34542,0.00043,0.09599
2024-09,2024-09-30,CVE-2024-35783,0.00043,0.09599
2024-09,2024-09-30,CVE-2024-37187,0.00043,0.09599
2024-09,2024-09-30,CVE-2024-37990,0.00046,0.16742
2024-09,2024-09-30,CVE-2024-37991,0.00074,0.32743
2024-09,2024-09-30,CVE-2024-37992,0.00046,0.17702
2024-09,2024-09-30,CVE-2024-37993,0.00046,0.17702
2024-09,2024-09-30,CVE-2024-37994,0.00048,0.18380
2024-09,2024-09-30,CVE-2024-37995,0.00074,0.32743
2024-09,2024-09-30,CVE-2024-38308,0.00043,0.09599
2024-09,2024-09-30,CVE-2024-38355,0.00045,0.16322
2024-09,2024-09-30,CVE-2024-38380,0.00043,0.09599
2024-09,2024-09-30,CVE-2024-39275,0.00043,0.09599
2024-09,2024-09-30,CVE-2024-39278,0.00043,0.09599
2024-09,2024-09-30,CVE-2024-39364,0.00043,0.09599
2024-09,2024-09-30,CVE-2024-41170,0.00043,0.09599
2024-09,2024-09-30,CVE-2024-41171,0.00043,0.09599
2024-09,2024-09-30,CVE-2024-41715,0.00043,0.09599
2024-09,2024-09-30,CVE-2024-41716,0.00050,0.20143
2024-09,2024-09-30,CVE-2024-41722,0.00043,0.09599
2024-09,2024-09-30,CVE-2024-41725,0.00043,0.09599
2024-09,2024-09-30,CVE-2024-41927,0.00052,0.21375
2024-09,2024-09-30,CVE-2024-41931,0.00043,0.09599
2024-09,2024-09-30,CVE-2024-42344,0.00043,0.09599
2024-09,2024-09-30,CVE-2024-42345,0.00045,0.14712
2024-09,2024-09-30,CVE-2024-42495,0.00043,0.09599
2024-09,2024-09-30,CVE-2024-43099,0.00043,0.09599
2024-09,2024-09-30,CVE-2024-43108,0.00043,0.09599
2024-09,2024-09-30,CVE-2024-43423,0.00043,0.09599
2024-09,2024-09-30,CVE-2024-43647,0.00043,0.09599
2024-09,2024-09-30,CVE-2024-43692,0.00043,0.09599
2024-09,2024-09-30,CVE-2024-43693,0.00043,0.09599
2024-09,2024-09-30,CVE-2024-43694,0.00043,0.09599
2024-09,2024-09-30,CVE-2024-43781,0.00043,0.09599
2024-09,2024-09-30,CVE-2024-43814,0.00043,0.09599
2024-09,2024-09-30,CVE-2024-44087,0.00043,0.09599
2024-09,2024-09-30,CVE-2024-45032,0.00043,0.09599
2024-09,2024-09-30,CVE-2024-45066,0.00043,0.09599
2024-09,2024-09-30,CVE-2024-45368,0.00043,0.09599
2024-09,2024-09-30,CVE-2024-45373,0.00043,0.09599
2024-09,2024-09-30,CVE-2024-45374,0.00043,0.09599
2024-09,2024-09-30,CVE-2024-45682,0.00089,0.38648
2024-09,2024-09-30,CVE-2024-45723,0.00043,0.09599
2024-09,2024-09-30,CVE-2024-45823,0.00043,0.09599
2024-09,2024-09-30,CVE-2024-45824,0.00043,0.09599
2024-09,2024-09-30,CVE-2024-45825,0.00043,0.09599
2024-09,2024-09-30,CVE-2024-45826,0.00043,0.09599
2024-09,2024-09-30,CVE-2024-45838,0.00043,0.09599
2024-09,2024-09-30,CVE-2024-45861,0.00043,0.09599
2024-09,2024-09-30,CVE-2024-45862,0.00043,0.09599
2024-09,2024-09-30,CVE-2024-47121,0.00043,0.09599
2024-09,2024-09-30,CVE-2024-47122,0.00043,0.09599
2024-09,2024-09-30,CVE-2024-47123,0.00043,0.09599
2024-09,2024-09-30,CVE-2024-47124,0.00043,0.09599
2024-09,2024-09-30,CVE-2024-47125,0.00043,0.09599
2024-09,2024-09-30,CVE-2024-47126,0.00043,0.09599
2024-09,2024-09-30,CVE-2024-47127,0.00043,0.09599
2024-09,2024-09-30,CVE-2024-47128,0.00043,0.09599
2024-09,2024-09-30,CVE-2024-47129,0.00043,0.09599
2024-09,2024-09-30,CVE-2024-47130,0.00043,0.09599
2024-09,2024-09-30,CVE-2024-6077,0.00044,0.14100
2024-09,2024-09-30,CVE-2024-6387,0.00390,0.73602
2024-09,2024-09-30,CVE-2024-6436,0.00043,0.09599
2024-09,2024-09-30,CVE-2024-6785,0.00042,0.05202
2024-09,2024-09-30,CVE-2024-6786,0.00043,0.09599
2024-09,2024-09-30,CVE-2024-6787,0.00043,0.09599
2024-09,2024-09-30,CVE-2024-6981,0.00043,0.09599
2024-09,2024-09-30,CVE-2024-7847,,
2024-09,2024-09-30,CVE-2024-7960,0.00072,0.32149
2024-09,2024-09-30,CVE-2024-7961,0.00073,0.32401
2024-09,2024-09-30,CVE-2024-8110,0.00043,0.09599
2024-09,2024-09-30,CVE-2024-8232,0.00043,0.09599
2024-09,2024-09-30,CVE-2024-8306,0.00045,0.16455
2024-09,2024-09-30,CVE-2024-8310,0.00043,0.09599
2024-09,2024-09-30,CVE-2024-8401,,
2024-09,2024-09-30,CVE-2024-8497,0.00043,0.09599
2024-09,2024-09-30,CVE-2024-8533,0.00050,0.19998
2024-09,2024-09-30,CVE-2024-8630,0.00043,0.09599
2024-09,2024-09-30,CVE-2024-9166,0.00043,0.10257
2024-09,2024-09-30,CVE-2025-8769,,
2024-10,2024-10-31,CVE-2019-18276,0.00108,0.44611
2024-10,2024-10-31,CVE-2019-9923,0.01274,0.86100
2024-10,2024-10-31,CVE-2023-45857,0.00063,0.28741
2024-10,2024-10-31,CVE-2023-46344,0.00045,0.15025
2024-10,2024-10-31,CVE-2023-52952,0.00043,0.09914
2024-10,2024-10-31,CVE-2023-6874,0.00046,0.18037
2024-10,2024-10-31,CVE-2024-0727,0.00228,0.61397
2024-10,2024-10-31,CVE-2024-10313,0.00044,0.11458
2024-10,2024-10-31,CVE-2024-10386,0.00043,0.09914
2024-10,2024-10-31,CVE-2024-10387,0.00043,0.09914
2024-10,2024-10-31,CVE-2024-10456,0.00043,0.09914
2024-10,2024-10-31,CVE-2024-2398,0.00046,0.18106
2024-10,2024-10-31,CVE-2024-3506,0.00043,0.09914
2024-10,2024-10-31,CVE-2024-37996,0.00043,0.09914
2024-10,2024-10-31,CVE-2024-37997,0.00043,0.09914
2024-10,2024-10-31,CVE-2024-41717,0.00044,0.11458
2024-10,2024-10-31,CVE-2024-41798,0.00043,0.09914
2024-10,2024-10-31,CVE-2024-41902,0.00051,0.21191
2024-10,2024-10-31,CVE-2024-41925,0.00043,0.09914
2024-10,2024-10-31,CVE-2024-41981,0.00043,0.09914
2024-10,2024-10-31,CVE-2024-41987,0.00043,0.09914
2024-10,2024-10-31,CVE-2024-41988,0.00043,0.09914
2024-10,2024-10-31,CVE-2024-42417,0.00050,0.20322
2024-10,2024-10-31,CVE-2024-43698,0.00043,0.09914
2024-10,2024-10-31,CVE-2024-43699,0.00091,0.39970
2024-10,2024-10-31,CVE-2024-43812,0.00043,0.09914
2024-10,2024-10-31,CVE-2024-4465,0.00044,0.14416
2024-10,2024-10-31,CVE-2024-45181,0.00043,0.09914
2024-10,2024-10-31,CVE-2024-45182,0.00043,0.09914
2024-10,2024-10-31,CVE-2024-45367,0.00043,0.09914
2024-10,2024-10-31,CVE-2024-45463,0.00046,0.18058
2024-10,2024-10-31,CVE-2024-45464,0.00046,0.18058
2024-10,2024-10-31,CVE-2024-45465,0.00046,0.18058
2024-10,2024-10-31,CVE-2024-45466,0.00046,0.18058
2024-10,2024-10-31,CVE-2024-45467,0.00046,0.18058
2024-10,2024-10-31,CVE-2024-45468,0.00046,0.18058
2024-10,2024-10-31,CVE-2024-45469,0.00046,0.18058
2024-10,2024-10-31,CVE-2024-45470,0.00046,0.18058
2024-10,2024-10-31,CVE-2024-45471,0.00046,0.18058
2024-10,2024-10-31,CVE-2024-45472,0.00046,0.18058
2024-10,2024-10-31,CVE-2024-45473,0.00046,0.18058
2024-10,2024-10-31,CVE-2024-45474,0.00046,0.18058
2024-10,2024-10-31,CVE-2024-45475,0.00046,0.18058
2024-10,2024-10-31,CVE-2024-45476,0.00044,0.13752
2024-10,2024-10-31,CVE-2024-46886,0.00061,0.27003
2024-10,2024-10-31,CVE-2024-46887,0.00043,0.09914
2024-10,2024-10-31,CVE-2024-47046,0.00043,0.09914
2024-10,2024-10-31,CVE-2024-47194,0.00043,0.09914
2024-10,2024-10-31,CVE-2024-47195,0.00043,0.09914
2024-10,2024-10-31,CVE-2024-47196,0.00043,0.09914
2024-10,2024-10-31,CVE-2024-47553,0.00049,0.19245
2024-10,2024-10-31,CVE-2024-47562,0.00043,0.09914
2024-10,2024-10-31,CVE-2024-47563,0.00047,0.18641
2024-10,2024-10-31,CVE-2024-47565,0.00045,0.15025
2024-10,2024-10-31,CVE-2024-47901,0.00076,0.33908
2024-10,2024-10-31,CVE-2024-47902,0.00077,0.34264
2024-10,2024-10-31,CVE-2024-47903,0.00048,0.18863
2024-10,2024-10-31,CVE-2024-47904,0.00043,0.09914
2024-10,2024-10-31,CVE-2024-47962,0.00158,0.52910
2024-10,2024-10-31,CVE-2024-47963,0.00093,0.40759
2024-10,2024-10-31,CVE-2024-47964,0.00070,0.31747
2024-10,2024-10-31,CVE-2024-47965,0.00091,0.40085
2024-10,2024-10-31,CVE-2024-47966,0.00091,0.40085
2024-10,2024-10-31,CVE-2024-49396,0.00043,0.09914
2024-10,2024-10-31,CVE-2024-49397,0.00043,0.09914
2024-10,2024-10-31,CVE-2024-49398,0.00043,0.09914
2024-10,2024-10-31,CVE-2024-49399,0.00043,0.09914
2024-10,2024-10-31,CVE-2024-53041,,
2024-10,2024-10-31,CVE-2024-53242,,
2024-10,2024-10-31,CVE-2024-5947,0.00066,0.30436
2024-10,2024-10-31,CVE-2024-6207,0.00044,0.14420
2024-10,2024-10-31,CVE-2024-7316,0.00045,0.16664
2024-10,2024-10-31,CVE-2024-7587,0.00045,0.16664
2024-10,2024-10-31,CVE-2024-7755,0.00043,0.09914
2024-10,2024-10-31,CVE-2024-7952,,
2024-10,2024-10-31,CVE-2024-7953,,
2024-10,2024-10-31,CVE-2024-7956,,
2024-10,2024-10-31,CVE-2024-8070,0.00043,0.09914
2024-10,2024-10-31,CVE-2024-8422,0.00058,0.25152
2024-10,2024-10-31,CVE-2024-8518,0.00043,0.09914
2024-10,2024-10-31,CVE-2024-8530,0.00065,0.30051
2024-10,2024-10-31,CVE-2024-8531,0.00065,0.30051
2024-10,2024-10-31,CVE-2024-8626,0.00043,0.09914
2024-10,2024-10-31,CVE-2024-8884,0.00043,0.09914
2024-10,2024-10-31,CVE-2024-9002,0.00043,0.09914
2024-10,2024-10-31,CVE-2024-9005,0.00043,0.09914
2024-10,2024-10-31,CVE-2024-9124,0.00043,0.09914
2024-10,2024-10-31,CVE-2024-9412,0.00043,0.09914
2024-10,2024-10-31,CVE-2024-9414,0.00043,0.09914
2024-10,2024-10-31,CVE-2024-9692,0.00043,0.09914
2024-10,2024-10-31,CVE-2026-27661,,
2024-11,2024-11-30,CVE-2023-28450,0.00348,0.72534
2024-11,2024-11-30,CVE-2023-2975,0.00488,0.76771
2024-11,2024-11-30,CVE-2023-32002,0.00187,0.57243
2024-11,2024-11-30,CVE-2023-32003,0.00072,0.33111
2024-11,2024-11-30,CVE-2023-32004,0.00153,0.52748
2024-11,2024-11-30,CVE-2023-32005,0.00126,0.48699
2024-11,2024-11-30,CVE-2023-32006,0.00143,0.51418
2024-11,2024-11-30,CVE-2023-32559,0.00080,0.36015
2024-11,2024-11-30,CVE-2023-32736,0.00043,0.10425
2024-11,2024-11-30,CVE-2023-3341,0.00248,0.65176
2024-11,2024-11-30,CVE-2023-3446,0.00140,0.51078
2024-11,2024-11-30,CVE-2023-3817,0.00133,0.49827
2024-11,2024-11-30,CVE-2023-38552,0.01350,0.86712
2024-11,2024-11-30,CVE-2023-38709,0.00044,0.14638
2024-11,2024-11-30,CVE-2023-39331,0.00065,0.30262
2024-11,2024-11-30,CVE-2023-39332,0.00133,0.49905
2024-11,2024-11-30,CVE-2023-39333,0.00043,0.10425
2024-11,2024-11-30,CVE-2023-4408,0.00089,0.39542
2024-11,2024-11-30,CVE-2023-44487,0.83779,0.98578
2024-11,2024-11-30,CVE-2023-45143,0.02723,0.90875
2024-11,2024-11-30,CVE-2023-46218,0.00086,0.38093
2024-11,2024-11-30,CVE-2023-46219,0.00063,0.28587
2024-11,2024-11-30,CVE-2023-46280,0.00045,0.17269
2024-11,2024-11-30,CVE-2023-46809,0.00043,0.10425
2024-11,2024-11-30,CVE-2023-47038,0.00042,0.05096
2024-11,2024-11-30,CVE-2023-47039,0.00042,0.05096
2024-11,2024-11-30,CVE-2023-4807,0.00043,0.11263
2024-11,2024-11-30,CVE-2023-48795,0.96280,0.99596
2024-11,2024-11-30,CVE-2023-49441,,
2024-11,2024-11-30,CVE-2023-50387,0.05003,0.93131
2024-11,2024-11-30,CVE-2023-50868,0.00046,0.18718
2024-11,2024-11-30,CVE-2023-52389,0.00063,0.28986
2024-11,2024-11-30,CVE-2023-5363,0.00106,0.44767
2024-11,2024-11-30,CVE-2023-5517,0.00105,0.44336
2024-11,2024-11-30,CVE-2023-5678,0.00100,0.42853
2024-11,2024-11-30,CVE-2023-5679,0.00089,0.39542
2024-11,2024-11-30,CVE-2023-5680,0.00044,0.14846
2024-11,2024-11-30,CVE-2023-6129,0.00061,0.27479
2024-11,2024-11-30,CVE-2023-6237,0.00045,0.17269
2024-11,2024-11-30,CVE-2023-6516,0.00215,0.60233
2024-11,2024-11-30,CVE-2023-7104,0.00158,0.53465
2024-11,2024-11-30,CVE-2024-0012,0.97192,0.99862
2024-11,2024-11-30,CVE-2024-0232,0.00044,0.11776
2024-11,2024-11-30,CVE-2024-0727,0.00228,0.61709
2024-11,2024-11-30,CVE-2024-10575,0.00091,0.40485
2024-11,2024-11-30,CVE-2024-10943,0.00043,0.10425
2024-11,2024-11-30,CVE-2024-10944,0.00043,0.10425
2024-11,2024-11-30,CVE-2024-10945,0.00043,0.10425
2024-11,2024-11-30,CVE-2024-2004,0.00046,0.18718
2024-11,2024-11-30,CVE-2024-21890,0.00045,0.17269
2024-11,2024-11-30,CVE-2024-21891,0.00045,0.17269
2024-11,2024-11-30,CVE-2024-21892,0.00045,0.17269
2024-11,2024-11-30,CVE-2024-21896,0.00045,0.17269
2024-11,2024-11-30,CVE-2024-22017,0.00045,0.17269
2024-11,2024-11-30,CVE-2024-22019,0.00045,0.17269
2024-11,2024-11-30,CVE-2024-22025,0.00045,0.17269
2024-11,2024-11-30,CVE-2024-2379,0.00044,0.14638
2024-11,2024-11-30,CVE-2024-2398,0.00046,0.18718
2024-11,2024-11-30,CVE-2024-2466,0.00044,0.14638
2024-11,2024-11-30,CVE-2024-24758,0.00045,0.17269
2024-11,2024-11-30,CVE-2024-24795,0.00043,0.10425
2024-11,2024-11-30,CVE-2024-24806,0.00109,0.45437
2024-11,2024-11-30,CVE-2024-2511,0.00045,0.17269
2024-11,2024-11-30,CVE-2024-2550,0.00043,0.10425
2024-11,2024-11-30,CVE-2024-2552,0.00044,0.11996
2024-11,2024-11-30,CVE-2024-26306,0.00045,0.17269
2024-11,2024-11-30,CVE-2024-26925,0.00044,0.11762
2024-11,2024-11-30,CVE-2024-27316,0.00129,0.49128
2024-11,2024-11-30,CVE-2024-27980,,
2024-11,2024-11-30,CVE-2024-27982,0.00043,0.10425
2024-11,2024-11-30,CVE-2024-27983,0.00045,0.17269
2024-11,2024-11-30,CVE-2024-28882,0.00043,0.10425
2024-11,2024-11-30,CVE-2024-29119,0.00043,0.10425
2024-11,2024-11-30,CVE-2024-3393,,
2024-11,2024-11-30,CVE-2024-36140,0.00045,0.15556
2024-11,2024-11-30,CVE-2024-37287,0.00049,0.19785
2024-11,2024-11-30,CVE-2024-37365,0.00043,0.10425
2024-11,2024-11-30,CVE-2024-39354,0.00046,0.17941
2024-11,2024-11-30,CVE-2024-39605,0.00046,0.17941
2024-11,2024-11-30,CVE-2024-41153,0.00049,0.20455
2024-11,2024-11-30,CVE-2024-41156,0.00045,0.15556
2024-11,2024-11-30,CVE-2024-44102,0.00060,0.27288
2024-11,2024-11-30,CVE-2024-45369,0.00043,0.10425
2024-11,2024-11-30,CVE-2024-45490,0.00046,0.18647
2024-11,2024-11-30,CVE-2024-45491,0.00091,0.40485
2024-11,2024-11-30,CVE-2024-45492,0.00091,0.40485
2024-11,2024-11-30,CVE-2024-4603,0.00045,0.17269
2024-11,2024-11-30,CVE-2024-46888,0.00049,0.19723
2024-11,2024-11-30,CVE-2024-46889,0.00046,0.18647
2024-11,2024-11-30,CVE-2024-46890,0.00051,0.21584
2024-11,2024-11-30,CVE-2024-46891,0.00046,0.18647
2024-11,2024-11-30,CVE-2024-46892,0.00049,0.19789
2024-11,2024-11-30,CVE-2024-46894,0.00044,0.14949
2024-11,2024-11-30,CVE-2024-47131,0.00046,0.17941
2024-11,2024-11-30,CVE-2024-47138,0.00043,0.10425
2024-11,2024-11-30,CVE-2024-47253,0.00049,0.20591
2024-11,2024-11-30,CVE-2024-47254,0.00050,0.20877
2024-11,2024-11-30,CVE-2024-47255,0.00043,0.10425
2024-11,2024-11-30,CVE-2024-47256,,
2024-11,2024-11-30,CVE-2024-47407,0.00043,0.10425
2024-11,2024-11-30,CVE-2024-4741,0.00044,0.11762
2024-11,2024-11-30,CVE-2024-47783,0.00043,0.10425
2024-11,2024-11-30,CVE-2024-47808,0.00043,0.10425
2024-11,2024-11-30,CVE-2024-47940,0.00046,0.18671
2024-11,2024-11-30,CVE-2024-47941,0.00046,0.18671
2024-11,2024-11-30,CVE-2024-47942,0.00043,0.10425
2024-11,2024-11-30,CVE-2024-48989,0.00043,0.10425
2024-11,2024-11-30,CVE-2024-50054,0.00043,0.10425
2024-11,2024-11-30,CVE-2024-50310,0.00074,0.33691
2024-11,2024-11-30,CVE-2024-50313,0.00046,0.18647
2024-11,2024-11-30,CVE-2024-50557,0.00103,0.43528
2024-11,2024-11-30,CVE-2024-50558,0.00044,0.14949
2024-11,2024-11-30,CVE-2024-50559,0.00046,0.17969
2024-11,2024-11-30,CVE-2024-50560,0.00045,0.15556
2024-11,2024-11-30,CVE-2024-50561,0.00046,0.18647
2024-11,2024-11-30,CVE-2024-50572,0.00048,0.19548
2024-11,2024-11-30,CVE-2024-52034,0.00043,0.10425
2024-11,2024-11-30,CVE-2024-5535,0.00044,0.14638
2024-11,2024-11-30,CVE-2024-5594,,
2024-11,2024-11-30,CVE-2024-6068,0.00043,0.10425
2024-11,2024-11-30,CVE-2024-6876,0.00043,0.10425
2024-11,2024-11-30,CVE-2024-8403,0.00045,0.17269
2024-11,2024-11-30,CVE-2024-8525,0.00043,0.10425
2024-11,2024-11-30,CVE-2024-8526,0.00043,0.10425
2024-11,2024-11-30,CVE-2024-8933,0.00043,0.10425
2024-11,2024-11-30,CVE-2024-8934,0.00043,0.11106
2024-11,2024-11-30,CVE-2024-8935,0.00043,0.10425
2024-11,2024-11-30,CVE-2024-8936,0.00043,0.10425
2024-11,2024-11-30,CVE-2024-8937,0.00043,0.10425
2024-11,2024-11-30,CVE-2024-8938,0.00043,0.10425
2024-11,2024-11-30,CVE-2024-9409,0.00046,0.18647
2024-11,2024-11-30,CVE-2024-9474,0.97513,0.99990
2024-11,2024-11-30,CVE-2025-0108,,
2024-11,2024-11-30,CVE-2025-0109,,
2024-11,2024-11-30,CVE-2025-0110,,
2024-11,2024-11-30,CVE-2025-0111,,
2024-11,2024-11-30,CVE-2025-0115,,
2024-11,2024-11-30,CVE-2025-0116,,
2024-11,2024-11-30,CVE-2025-0123,,
2024-11,2024-11-30,CVE-2025-0124,,
2024-11,2024-11-30,CVE-2025-0125,,
2024-11,2024-11-30,CVE-2025-0126,,
2024-11,2024-11-30,CVE-2025-0128,,
2024-11,2024-11-30,CVE-2025-0130,,
2024-11,2024-11-30,CVE-2025-0137,,
2024-12,2024-12-31,CVE-2020-28398,0.00058,0.26142
2024-12,2024-12-31,CVE-2024-10494,0.00043,0.10957
2024-12,2024-12-31,CVE-2024-10495,0.00043,0.10957
2024-12,2024-12-31,CVE-2024-10496,0.00043,0.10957
2024-12,2024-12-31,CVE-2024-10511,0.00043,0.10957
2024-12,2024-12-31,CVE-2024-11155,0.00043,0.10957
2024-12,2024-12-31,CVE-2024-11156,0.00047,0.19264
2024-12,2024-12-31,CVE-2024-11157,0.00043,0.10957
2024-12,2024-12-31,CVE-2024-11158,0.00043,0.10957
2024-12,2024-12-31,CVE-2024-11220,0.00043,0.10957
2024-12,2024-12-31,CVE-2024-11364,0.00043,0.10957
2024-12,2024-12-31,CVE-2024-11609,,
2024-12,2024-12-31,CVE-2024-11610,,
2024-12,2024-12-31,CVE-2024-11611,,
2024-12,2024-12-31,CVE-2024-11737,0.00043,0.10957
2024-12,2024-12-31,CVE-2024-11787,0.00050,0.21514
2024-12,2024-12-31,CVE-2024-11789,0.00050,0.21514
2024-12,2024-12-31,CVE-2024-11790,0.00050,0.21514
2024-12,2024-12-31,CVE-2024-11791,0.00050,0.21514
2024-12,2024-12-31,CVE-2024-11792,0.00050,0.21514
2024-12,2024-12-31,CVE-2024-11793,0.00045,0.15835
2024-12,2024-12-31,CVE-2024-11794,0.00045,0.15835
2024-12,2024-12-31,CVE-2024-11795,0.00050,0.21514
2024-12,2024-12-31,CVE-2024-11796,0.00045,0.15835
2024-12,2024-12-31,CVE-2024-11797,0.00045,0.15835
2024-12,2024-12-31,CVE-2024-11799,0.00050,0.21514
2024-12,2024-12-31,CVE-2024-11800,0.00050,0.21514
2024-12,2024-12-31,CVE-2024-11801,0.00045,0.15835
2024-12,2024-12-31,CVE-2024-11802,0.00050,0.21514
2024-12,2024-12-31,CVE-2024-11803,0.00045,0.15835
2024-12,2024-12-31,CVE-2024-11999,0.00043,0.10957
2024-12,2024-12-31,CVE-2024-12130,0.00047,0.19264
2024-12,2024-12-31,CVE-2024-12175,0.00043,0.10957
2024-12,2024-12-31,CVE-2024-12212,0.00043,0.10957
2024-12,2024-12-31,CVE-2024-12286,0.00043,0.10957
2024-12,2024-12-31,CVE-2024-12371,0.00043,0.10957
2024-12,2024-12-31,CVE-2024-12372,0.00043,0.10957
2024-12,2024-12-31,CVE-2024-12373,0.00043,0.10957
2024-12,2024-12-31,CVE-2024-12672,0.00043,0.10957
2024-12,2024-12-31,CVE-2024-12677,0.00043,0.10957
2024-12,2024-12-31,CVE-2024-12700,0.00043,0.10957
2024-12,2024-12-31,CVE-2024-39703,0.00045,0.17436
2024-12,2024-12-31,CVE-2024-41981,0.00043,0.10957
2024-12,2024-12-31,CVE-2024-42494,0.00087,0.38664
2024-12,2024-12-31,CVE-2024-45463,0.00046,0.18919
2024-12,2024-12-31,CVE-2024-45464,0.00046,0.18919
2024-12,2024-12-31,CVE-2024-45465,0.00046,0.18919
2024-12,2024-12-31,CVE-2024-45466,0.00046,0.18919
2024-12,2024-12-31,CVE-2024-45467,0.00046,0.18919
2024-12,2024-12-31,CVE-2024-45468,0.00046,0.18919
2024-12,2024-12-31,CVE-2024-45469,0.00046,0.18919
2024-12,2024-12-31,CVE-2024-45470,0.00046,0.18919
2024-12,2024-12-31,CVE-2024-45471,0.00046,0.18919
2024-12,2024-12-31,CVE-2024-45472,0.00046,0.18919
2024-12,2024-12-31,CVE-2024-45473,0.00046,0.18919
2024-12,2024-12-31,CVE-2024-45474,0.00046,0.18919
2024-12,2024-12-31,CVE-2024-45475,0.00046,0.18919
2024-12,2024-12-31,CVE-2024-45476,0.00044,0.14518
2024-12,2024-12-31,CVE-2024-45722,0.00087,0.38664
2024-12,2024-12-31,CVE-2024-46874,0.00050,0.21062
2024-12,2024-12-31,CVE-2024-47043,0.00046,0.18897
2024-12,2024-12-31,CVE-2024-47046,0.00043,0.10957
2024-12,2024-12-31,CVE-2024-47146,0.00052,0.22906
2024-12,2024-12-31,CVE-2024-47547,0.00091,0.40194
2024-12,2024-12-31,CVE-2024-47791,0.00046,0.18897
2024-12,2024-12-31,CVE-2024-48871,0.00043,0.10957
2024-12,2024-12-31,CVE-2024-48874,0.00091,0.40194
2024-12,2024-12-31,CVE-2024-49704,0.00052,0.22967
2024-12,2024-12-31,CVE-2024-49775,0.00091,0.40194
2024-12,2024-12-31,CVE-2024-49849,0.00053,0.23610
2024-12,2024-12-31,CVE-2024-51727,0.00046,0.18897
2024-12,2024-12-31,CVE-2024-52051,0.00043,0.10957
2024-12,2024-12-31,CVE-2024-52320,0.00043,0.11230
2024-12,2024-12-31,CVE-2024-52324,0.00091,0.40194
2024-12,2024-12-31,CVE-2024-52558,0.00043,0.10957
2024-12,2024-12-31,CVE-2024-52565,0.00043,0.10957
2024-12,2024-12-31,CVE-2024-52566,0.00043,0.10957
2024-12,2024-12-31,CVE-2024-52567,0.00043,0.10957
2024-12,2024-12-31,CVE-2024-52568,0.00043,0.10957
2024-12,2024-12-31,CVE-2024-52569,0.00043,0.10957
2024-12,2024-12-31,CVE-2024-52570,0.00043,0.10957
2024-12,2024-12-31,CVE-2024-52571,0.00043,0.10957
2024-12,2024-12-31,CVE-2024-52572,0.00051,0.22351
2024-12,2024-12-31,CVE-2024-52573,0.00043,0.10957
2024-12,2024-12-31,CVE-2024-52574,0.00043,0.10957
2024-12,2024-12-31,CVE-2024-53041,0.00059,0.26776
2024-12,2024-12-31,CVE-2024-53242,0.00053,0.23610
2024-12,2024-12-31,CVE-2024-53832,0.00052,0.22967
2024-12,2024-12-31,CVE-2024-54005,0.00052,0.22967
2024-12,2024-12-31,CVE-2024-54091,0.00043,0.10957
2024-12,2024-12-31,CVE-2024-54093,0.00053,0.23610
2024-12,2024-12-31,CVE-2024-54094,0.00053,0.23610
2024-12,2024-12-31,CVE-2024-54095,0.00053,0.23610
2024-12,2024-12-31,CVE-2024-6528,0.00046,0.18897
2024-12,2024-12-31,CVE-2024-8299,0.00045,0.17436
2024-12,2024-12-31,CVE-2024-8300,0.00045,0.17436
2024-12,2024-12-31,CVE-2024-9508,0.00043,0.10957
2024-12,2024-12-31,CVE-2024-9852,0.00045,0.17436
2024-12,2024-12-31,CVE-2025-6376,,
2024-12,2024-12-31,CVE-2025-6377,,
2024-12,2024-12-31,CVE-2026-6071,,
2025-01,2025-01-31,CVE-2023-3825,0.00167,0.54350
2025-01,2025-01-31,CVE-2024-10497,0.00043,0.11433
2025-01,2025-01-31,CVE-2024-10498,0.00043,0.11433
2025-01,2025-01-31,CVE-2024-11139,0.00043,0.11433
2025-01,2025-01-31,CVE-2024-11425,0.00043,0.11433
2025-01,2025-01-31,CVE-2024-12054,,
2025-01,2025-01-31,CVE-2024-12142,0.00043,0.11433
2025-01,2025-01-31,CVE-2024-12399,0.00043,0.11433
2025-01,2025-01-31,CVE-2024-12569,0.00043,0.11433
2025-01,2025-01-31,CVE-2024-12703,0.00043,0.11433
2025-01,2025-01-31,CVE-2024-12757,0.00043,0.11433
2025-01,2025-01-31,CVE-2024-12834,0.00043,0.11433
2025-01,2025-01-31,CVE-2024-12835,0.00043,0.11433
2025-01,2025-01-31,CVE-2024-12836,0.00043,0.11433
2025-01,2025-01-31,CVE-2024-2658,0.00046,0.18633
2025-01,2025-01-31,CVE-2024-34579,0.00065,0.31218
2025-01,2025-01-31,CVE-2024-45385,0.00046,0.19285
2025-01,2025-01-31,CVE-2024-47100,0.00046,0.19285
2025-01,2025-01-31,CVE-2024-48510,0.00061,0.28565
2025-01,2025-01-31,CVE-2024-48841,0.00043,0.11433
2025-01,2025-01-31,CVE-2024-48849,0.00043,0.11433
2025-01,2025-01-31,CVE-2024-53649,0.00049,0.20589
2025-01,2025-01-31,CVE-2024-56841,0.00091,0.40690
2025-01,2025-01-31,CVE-2024-8603,0.00043,0.11433
2025-01,2025-01-31,CVE-2025-0430,0.00043,0.11433
2025-01,2025-01-31,CVE-2025-0432,0.00045,0.17796
2025-01,2025-01-31,CVE-2025-0477,0.00043,0.11433
2025-01,2025-01-31,CVE-2025-0497,0.00043,0.11433
2025-01,2025-01-31,CVE-2025-0498,0.00043,0.11433
2025-01,2025-01-31,CVE-2025-0659,0.00043,0.11433
2025-01,2025-01-31,CVE-2025-0680,0.00043,0.11720
2025-01,2025-01-31,CVE-2025-0681,0.00043,0.11433
2025-01,2025-01-31,CVE-2025-20014,0.00043,0.11720
2025-01,2025-01-31,CVE-2025-24479,0.00043,0.11433
2025-01,2025-01-31,CVE-2025-24480,0.00043,0.11720
2025-01,2025-01-31,CVE-2025-24482,0.00043,0.11433
2025-02,2025-02-28,CVE-2022-22128,0.00791,0.81671
2025-02,2025-02-28,CVE-2022-2588,0.00128,0.48868
2025-02,2025-02-28,CVE-2022-28615,0.01500,0.86926
2025-02,2025-02-28,CVE-2022-36760,0.03179,0.91191
2025-02,2025-02-28,CVE-2022-37436,0.00083,0.38051
2025-02,2025-02-28,CVE-2022-40303,0.00470,0.75750
2025-02,2025-02-28,CVE-2022-40304,0.00091,0.40898
2025-02,2025-02-28,CVE-2022-4203,0.00168,0.54805
2025-02,2025-02-28,CVE-2022-42475,0.25733,0.96790
2025-02,2025-02-28,CVE-2022-4304,0.00175,0.55611
2025-02,2025-02-28,CVE-2022-4450,0.00177,0.55779
2025-02,2025-02-28,CVE-2022-47069,0.00085,0.38845
2025-02,2025-02-28,CVE-2022-47929,0.00063,0.30515
2025-02,2025-02-28,CVE-2023-0045,0.00202,0.58625
2025-02,2025-02-28,CVE-2023-0215,0.00692,0.80344
2025-02,2025-02-28,CVE-2023-0216,0.00187,0.56958
2025-02,2025-02-28,CVE-2023-0217,0.00187,0.56958
2025-02,2025-02-28,CVE-2023-0286,0.00422,0.74393
2025-02,2025-02-28,CVE-2023-0401,0.00374,0.72858
2025-02,2025-02-28,CVE-2023-0464,0.01560,0.87216
2025-02,2025-02-28,CVE-2023-0465,0.00468,0.75705
2025-02,2025-02-28,CVE-2023-0466,0.00479,0.75956
2025-02,2025-02-28,CVE-2023-1073,0.00042,0.05004
2025-02,2025-02-28,CVE-2023-1074,0.00042,0.05004
2025-02,2025-02-28,CVE-2023-1206,0.00048,0.20541
2025-02,2025-02-28,CVE-2023-1670,0.00042,0.05004
2025-02,2025-02-28,CVE-2023-2194,0.00042,0.05004
2025-02,2025-02-28,CVE-2023-23454,0.00045,0.16738
2025-02,2025-02-28,CVE-2023-23455,0.00045,0.16738
2025-02,2025-02-28,CVE-2023-23559,0.00045,0.16738
2025-02,2025-02-28,CVE-2023-25690,0.01000,0.83785
2025-02,2025-02-28,CVE-2023-26545,0.00045,0.16738
2025-02,2025-02-28,CVE-2023-27522,0.00847,0.82299
2025-02,2025-02-28,CVE-2023-27997,0.08388,0.94535
2025-02,2025-02-28,CVE-2023-28388,0.00043,0.11771
2025-02,2025-02-28,CVE-2023-28484,0.00202,0.58655
2025-02,2025-02-28,CVE-2023-28578,0.00043,0.11771
2025-02,2025-02-28,CVE-2023-29469,0.00095,0.42176
2025-02,2025-02-28,CVE-2023-31122,0.05740,0.93398
2025-02,2025-02-28,CVE-2023-31315,0.00043,0.11771
2025-02,2025-02-28,CVE-2023-3446,0.00266,0.67709
2025-02,2025-02-28,CVE-2023-3611,0.00042,0.05004
2025-02,2025-02-28,CVE-2023-37482,0.00046,0.19758
2025-02,2025-02-28,CVE-2023-39192,0.00375,0.72886
2025-02,2025-02-28,CVE-2023-39193,0.00396,0.73614
2025-02,2025-02-28,CVE-2023-43522,0.00043,0.11771
2025-02,2025-02-28,CVE-2023-43622,0.00132,0.49571
2025-02,2025-02-28,CVE-2023-44320,0.00125,0.48497
2025-02,2025-02-28,CVE-2023-44322,0.00204,0.58828
2025-02,2025-02-28,CVE-2023-45802,0.00112,0.46185
2025-02,2025-02-28,CVE-2023-45853,0.00350,0.72020
2025-02,2025-02-28,CVE-2023-4623,0.00042,0.05004
2025-02,2025-02-28,CVE-2023-46604,0.97073,0.99880
2025-02,2025-02-28,CVE-2023-48795,0.95474,0.99558
2025-02,2025-02-28,CVE-2023-4921,0.00046,0.19943
2025-02,2025-02-28,CVE-2023-51384,0.00043,0.12177
2025-02,2025-02-28,CVE-2023-51385,0.00341,0.71598
2025-02,2025-02-28,CVE-2023-5363,0.00088,0.39884
2025-02,2025-02-28,CVE-2023-5678,0.00140,0.51007
2025-02,2025-02-28,CVE-2023-5717,0.00042,0.05004
2025-02,2025-02-28,CVE-2023-6129,0.00126,0.48640
2025-02,2025-02-28,CVE-2023-6237,0.00045,0.18251
2025-02,2025-02-28,CVE-2023-7250,0.00045,0.18251
2025-02,2025-02-28,CVE-2024-0727,0.00271,0.68011
2025-02,2025-02-28,CVE-2024-10083,0.00043,0.11771
2025-02,2025-02-28,CVE-2024-10930,,
2025-02,2025-02-28,CVE-2024-12476,0.00043,0.11771
2025-02,2025-02-28,CVE-2024-21762,0.03347,0.91435
2025-02,2025-02-28,CVE-2024-23814,0.00046,0.19758
2025-02,2025-02-28,CVE-2024-2511,0.00045,0.18251
2025-02,2025-02-28,CVE-2024-26013,,
2025-02,2025-02-28,CVE-2024-26306,0.00045,0.18251
2025-02,2025-02-28,CVE-2024-33016,0.00053,0.24683
2025-02,2025-02-28,CVE-2024-35279,0.00043,0.11771
2025-02,2025-02-28,CVE-2024-3596,0.00159,0.53598
2025-02,2025-02-28,CVE-2024-36504,0.00043,0.11771
2025-02,2025-02-28,CVE-2024-3980,0.00049,0.21738
2025-02,2025-02-28,CVE-2024-3982,0.00043,0.11771
2025-02,2025-02-28,CVE-2024-40591,0.00043,0.11771
2025-02,2025-02-28,CVE-2024-45324,,
2025-02,2025-02-28,CVE-2024-45386,0.00091,0.41126
2025-02,2025-02-28,CVE-2024-4603,0.00045,0.18251
2025-02,2025-02-28,CVE-2024-46665,0.00046,0.19758
2025-02,2025-02-28,CVE-2024-46666,0.00043,0.11771
2025-02,2025-02-28,CVE-2024-46668,0.00046,0.19758
2025-02,2025-02-28,CVE-2024-46669,0.00044,0.15998
2025-02,2025-02-28,CVE-2024-46670,0.00046,0.19758
2025-02,2025-02-28,CVE-2024-4741,0.00044,0.12710
2025-02,2025-02-28,CVE-2024-47569,,
2025-02,2025-02-28,CVE-2024-48510,0.00061,0.28972
2025-02,2025-02-28,CVE-2024-4872,0.00050,0.22027
2025-02,2025-02-28,CVE-2024-48884,0.00048,0.20901
2025-02,2025-02-28,CVE-2024-48885,0.00048,0.20901
2025-02,2025-02-28,CVE-2024-48886,0.00091,0.41126
2025-02,2025-02-28,CVE-2024-50560,0.00045,0.16620
2025-02,2025-02-28,CVE-2024-50561,0.00046,0.19758
2025-02,2025-02-28,CVE-2024-50563,0.00091,0.41126
2025-02,2025-02-28,CVE-2024-50565,,
2025-02,2025-02-28,CVE-2024-50571,,
2025-02,2025-02-28,CVE-2024-50572,0.00043,0.11771
2025-02,2025-02-28,CVE-2024-51547,0.00043,0.11771
2025-02,2025-02-28,CVE-2024-52965,,
2025-02,2025-02-28,CVE-2024-53648,0.00053,0.24683
2025-02,2025-02-28,CVE-2024-53651,0.00052,0.23993
2025-02,2025-02-28,CVE-2024-53977,0.00043,0.11771
2025-02,2025-02-28,CVE-2024-54015,0.00087,0.39565
2025-02,2025-02-28,CVE-2024-54021,0.00091,0.41126
2025-02,2025-02-28,CVE-2024-54089,0.00087,0.39565
2025-02,2025-02-28,CVE-2024-54090,0.00046,0.19758
2025-02,2025-02-28,CVE-2024-5410,0.00043,0.11771
2025-02,2025-02-28,CVE-2024-5411,0.00043,0.11771
2025-02,2025-02-28,CVE-2024-5535,0.00044,0.15631
2025-02,2025-02-28,CVE-2024-6119,0.00045,0.18251
2025-02,2025-02-28,CVE-2024-7940,0.00091,0.41126
2025-02,2025-02-28,CVE-2024-9143,0.00044,0.12710
2025-02,2025-02-28,CVE-2025-0327,0.00043,0.11771
2025-02,2025-02-28,CVE-2025-0352,0.00043,0.11771
2025-02,2025-02-28,CVE-2025-0630,0.00043,0.11771
2025-02,2025-02-28,CVE-2025-0631,0.00043,0.11771
2025-02,2025-02-28,CVE-2025-0674,0.00043,0.11771
2025-02,2025-02-28,CVE-2025-0675,0.00043,0.11771
2025-02,2025-02-28,CVE-2025-0815,0.00043,0.11771
2025-02,2025-02-28,CVE-2025-0816,0.00043,0.11771
2025-02,2025-02-28,CVE-2025-0960,0.00043,0.11771
2025-02,2025-02-28,CVE-2025-0994,0.05395,0.93174
2025-02,2025-02-28,CVE-2025-1058,0.00043,0.11771
2025-02,2025-02-28,CVE-2025-1059,0.00043,0.11771
2025-02,2025-02-28,CVE-2025-1060,0.00043,0.11771
2025-02,2025-02-28,CVE-2025-1070,0.00043,0.11771
2025-02,2025-02-28,CVE-2025-1265,0.00043,0.12058
2025-02,2025-02-28,CVE-2025-1283,0.00043,0.11771
2025-02,2025-02-28,CVE-2025-22251,,
2025-02,2025-02-28,CVE-2025-22252,,
2025-02,2025-02-28,CVE-2025-22254,,
2025-02,2025-02-28,CVE-2025-22258,,
2025-02,2025-02-28,CVE-2025-22896,0.00045,0.18251
2025-02,2025-02-28,CVE-2025-23363,0.00061,0.28459
2025-02,2025-02-28,CVE-2025-23403,0.00043,0.11771
2025-02,2025-02-28,CVE-2025-23411,0.00045,0.18251
2025-02,2025-02-28,CVE-2025-24478,0.00043,0.11771
2025-02,2025-02-28,CVE-2025-24499,0.00066,0.31702
2025-02,2025-02-28,CVE-2025-24532,0.00045,0.16620
2025-02,2025-02-28,CVE-2025-24811,0.00046,0.19758
2025-02,2025-02-28,CVE-2025-24812,0.00044,0.15998
2025-02,2025-02-28,CVE-2025-24861,0.00043,0.11771
2025-02,2025-02-28,CVE-2025-24865,0.00045,0.18695
2025-02,2025-02-28,CVE-2025-24956,0.00044,0.15316
2025-02,2025-02-28,CVE-2025-25067,0.00046,0.19145
2025-02,2025-02-28,CVE-2025-25252,,
2025-02,2025-02-28,CVE-2025-25281,0.00043,0.11771
2025-02,2025-02-28,CVE-2025-26473,0.00043,0.11771
2025-02,2025-02-28,CVE-2025-26490,0.00043,0.11771
2025-02,2025-02-28,CVE-2025-58325,,
2025-02,2025-02-28,CVE-2025-68686,,
2025-03,2025-03-31,CVE-2022-24999,0.01671,0.80434
2025-03,2025-03-31,CVE-2022-4046,0.01198,0.77006
2025-03,2025-03-31,CVE-2023-37545,0.00301,0.50434
2025-03,2025-03-31,CVE-2023-37546,0.00301,0.50434
2025-03,2025-03-31,CVE-2023-37547,0.00301,0.50434
2025-03,2025-03-31,CVE-2023-37548,0.00301,0.50434
2025-03,2025-03-31,CVE-2023-37549,0.00301,0.50434
2025-03,2025-03-31,CVE-2023-37550,0.00301,0.50434
2025-03,2025-03-31,CVE-2023-37552,0.00301,0.50434
2025-03,2025-03-31,CVE-2023-37553,0.00301,0.50434
2025-03,2025-03-31,CVE-2023-37554,0.00301,0.50434
2025-03,2025-03-31,CVE-2023-37555,0.00301,0.50434
2025-03,2025-03-31,CVE-2023-37556,0.00301,0.50434
2025-03,2025-03-31,CVE-2023-37557,0.00227,0.42621
2025-03,2025-03-31,CVE-2023-37558,0.00301,0.50434
2025-03,2025-03-31,CVE-2023-37559,0.00301,0.50434
2025-03,2025-03-31,CVE-2024-10037,0.00056,0.14252
2025-03,2025-03-31,CVE-2024-10206,0.00054,0.13666
2025-03,2025-03-31,CVE-2024-10207,0.00043,0.09918
2025-03,2025-03-31,CVE-2024-10208,0.00062,0.16255
2025-03,2025-03-31,CVE-2024-10209,0.00015,0.01386
2025-03,2025-03-31,CVE-2024-10210,0.00047,0.1122
2025-03,2025-03-31,CVE-2024-10930,0.00069,0.18245
2025-03,2025-03-31,CVE-2024-11499,0.00032,0.05773
2025-03,2025-03-31,CVE-2024-12169,0.00044,0.10288
2025-03,2025-03-31,CVE-2024-1305,0.00464,0.6145
2025-03,2025-03-31,CVE-2024-24974,0.00277,0.48209
2025-03,2025-03-31,CVE-2024-26982,0.0009,0.22943
2025-03,2025-03-31,CVE-2024-27459,0.00855,0.72868
2025-03,2025-03-31,CVE-2024-27903,0.0031,0.51123
2025-03,2025-03-31,CVE-2024-28882,0.0018,0.36548
2025-03,2025-03-31,CVE-2024-41046,0.00072,0.19048
2025-03,2025-03-31,CVE-2024-41049,0.00072,0.19048
2025-03,2025-03-31,CVE-2024-41055,0.00055,0.1405
2025-03,2025-03-31,CVE-2024-42154,0.00057,0.14595
2025-03,2025-03-31,CVE-2024-42161,0.00054,0.13827
2025-03,2025-03-31,CVE-2024-42512,0.00083,0.2128
2025-03,2025-03-31,CVE-2024-42513,0.00053,0.13362
2025-03,2025-03-31,CVE-2024-45480,0.00059,0.15314
2025-03,2025-03-31,CVE-2024-45481,0.00014,0.0118
2025-03,2025-03-31,CVE-2024-45482,0.00014,0.0118
2025-03,2025-03-31,CVE-2024-45483,0.00033,0.05982
2025-03,2025-03-31,CVE-2024-45484,0.0002,0.02859
2025-03,2025-03-31,CVE-2024-4877,,
2025-03,2025-03-31,CVE-2024-50684,0.00044,0.10252
2025-03,2025-03-31,CVE-2024-50685,0.00043,0.09819
2025-03,2025-03-31,CVE-2024-50686,0.00043,0.09819
2025-03,2025-03-31,CVE-2024-50687,0.00043,0.09819
2025-03,2025-03-31,CVE-2024-50688,0.00059,0.15473
2025-03,2025-03-31,CVE-2024-50689,0.00043,0.09819
2025-03,2025-03-31,CVE-2024-50690,0.00038,0.08212
2025-03,2025-03-31,CVE-2024-50691,0.00021,0.03137
2025-03,2025-03-31,CVE-2024-50692,0.00027,0.0435
2025-03,2025-03-31,CVE-2024-50693,0.00043,0.09819
2025-03,2025-03-31,CVE-2024-50694,0.00061,0.16089
2025-03,2025-03-31,CVE-2024-50695,0.00079,0.20591
2025-03,2025-03-31,CVE-2024-50696,0.00021,0.03091
2025-03,2025-03-31,CVE-2024-50697,0.00061,0.16089
2025-03,2025-03-31,CVE-2024-50698,0.00061,0.16089
2025-03,2025-03-31,CVE-2024-52285,0.00037,0.07908
2025-03,2025-03-31,CVE-2024-5594,0.0005,0.12343
2025-03,2025-03-31,CVE-2024-56181,0.00021,0.03086
2025-03,2025-03-31,CVE-2024-56182,0.00021,0.03086
2025-03,2025-03-31,CVE-2024-56336,0.00065,0.17121
2025-03,2025-03-31,CVE-2024-8313,0.0002,0.02859
2025-03,2025-03-31,CVE-2024-8314,0.0005,0.12391
2025-03,2025-03-31,CVE-2024-8315,0.00012,0.00822
2025-03,2025-03-31,CVE-2025-0731,0.00093,0.23603
2025-03,2025-03-31,CVE-2025-0813,0.00029,0.04901
2025-03,2025-03-31,CVE-2025-1316,0.50609,0.97614
2025-03,2025-03-31,CVE-2025-1445,0.00045,0.10672
2025-03,2025-03-31,CVE-2025-1449,,
2025-03,2025-03-31,CVE-2025-1960,0.00056,0.14402
2025-03,2025-03-31,CVE-2025-20002,0.00038,0.08017
2025-03,2025-03-31,CVE-2025-2002,0.00015,0.01489
2025-03,2025-03-31,CVE-2025-2079,0.00053,0.13497
2025-03,2025-03-31,CVE-2025-2080,0.0006,0.15673
2025-03,2025-03-31,CVE-2025-2081,0.00053,0.13497
2025-03,2025-03-31,CVE-2025-21092,0.00027,0.04396
2025-03,2025-03-31,CVE-2025-21095,0.0006,0.15789
2025-03,2025-03-31,CVE-2025-21703,0.00017,0.01971
2025-03,2025-03-31,CVE-2025-21762,0.00018,0.02624
2025-03,2025-03-31,CVE-2025-22224,0.24221,0.95622
2025-03,2025-03-31,CVE-2025-22225,0.08446,0.91521
2025-03,2025-03-31,CVE-2025-22226,0.08346,0.91472
2025-03,2025-03-31,CVE-2025-22881,0.00021,0.03097
2025-03,2025-03-31,CVE-2025-23384,0.00042,0.09576
2025-03,2025-03-31,CVE-2025-23396,0.00019,0.02821
2025-03,2025-03-31,CVE-2025-23397,0.00016,0.01626
2025-03,2025-03-31,CVE-2025-23398,0.00016,0.01626
2025-03,2025-03-31,CVE-2025-23399,0.00016,0.01626
2025-03,2025-03-31,CVE-2025-23400,0.00016,0.01626
2025-03,2025-03-31,CVE-2025-23401,0.00016,0.01626
2025-03,2025-03-31,CVE-2025-23402,0.00016,0.01626
2025-03,2025-03-31,CVE-2025-23410,0.00069,0.18169
2025-03,2025-03-31,CVE-2025-23416,0.00064,0.16821
2025-03,2025-03-31,CVE-2025-24494,0.00336,0.53488
2025-03,2025-03-31,CVE-2025-24517,0.00114,0.26935
2025-03,2025-03-31,CVE-2025-24521,0.00039,0.08444
2025-03,2025-03-31,CVE-2025-24525,,
2025-03,2025-03-31,CVE-2025-24852,0.00015,0.01512
2025-03,2025-03-31,CVE-2025-24924,0.00071,0.18655
2025-03,2025-03-31,CVE-2025-25175,0.00015,0.01445
2025-03,2025-03-31,CVE-2025-25211,0.00042,0.09685
2025-03,2025-03-31,CVE-2025-25266,0.00019,0.02797
2025-03,2025-03-31,CVE-2025-25267,0.00016,0.01833
2025-03,2025-03-31,CVE-2025-26689,0.0007,0.18539
2025-03,2025-03-31,CVE-2025-27392,0.00192,0.38087
2025-03,2025-03-31,CVE-2025-27393,0.00192,0.38087
2025-03,2025-03-31,CVE-2025-27394,0.00192,0.38087
2025-03,2025-03-31,CVE-2025-27395,0.00107,0.25832
2025-03,2025-03-31,CVE-2025-27396,0.0007,0.18348
2025-03,2025-03-31,CVE-2025-27397,0.00043,0.09761
2025-03,2025-03-31,CVE-2025-27398,0.00044,0.10255
2025-03,2025-03-31,CVE-2025-27438,0.00016,0.01626
2025-03,2025-03-31,CVE-2025-27493,0.00021,0.03068
2025-03,2025-03-31,CVE-2025-27494,0.00072,0.18993
2025-03,2025-03-31,CVE-2025-27631,0.00051,0.12729
2025-03,2025-03-31,CVE-2025-27632,0.00031,0.05553
2025-03,2025-03-31,CVE-2025-27633,0.00031,0.05553
2025-03,2025-03-31,CVE-2025-8058,,
2025-04,2025-04-30,CVE-2020-22218,0.00084,0.25753
2025-04,2025-04-30,CVE-2022-21658,0.00915,0.74641
2025-04,2025-04-30,CVE-2022-23521,0.10074,0.92618
2025-04,2025-04-30,CVE-2022-2795,0.00306,0.53086
2025-04,2025-04-30,CVE-2022-37434,0.92738,0.99733
2025-04,2025-04-30,CVE-2022-38177,0.00666,0.69979
2025-04,2025-04-30,CVE-2022-38178,0.00662,0.69894
2025-04,2025-04-30,CVE-2022-4046,0.00937,0.74956
2025-04,2025-04-30,CVE-2022-40674,0.00602,0.68236
2025-04,2025-04-30,CVE-2022-41903,0.1884,0.94917
2025-04,2025-04-30,CVE-2022-42898,0.06859,0.9082
2025-04,2025-04-30,CVE-2022-4378,0.00018,0.02898
2025-04,2025-04-30,CVE-2023-0286,0.91013,0.99598
2025-04,2025-04-30,CVE-2023-20593,0.05876,0.90037
2025-04,2025-04-30,CVE-2023-22809,0.54063,0.97826
2025-04,2025-04-30,CVE-2023-24329,0.0105,0.76338
2025-04,2025-04-30,CVE-2023-25652,0.03601,0.87093
2025-04,2025-04-30,CVE-2023-25690,0.73308,0.98699
2025-04,2025-04-30,CVE-2023-2828,0.00558,0.66862
2025-04,2025-04-30,CVE-2023-2975,0.00141,0.35343
2025-04,2025-04-30,CVE-2023-32233,0.00507,0.64998
2025-04,2025-04-30,CVE-2023-3341,0.0016,0.37899
2025-04,2025-04-30,CVE-2023-3446,0.00807,0.72893
2025-04,2025-04-30,CVE-2023-3609,0.00014,0.0164
2025-04,2025-04-30,CVE-2023-37545,0.00061,0.19365
2025-04,2025-04-30,CVE-2023-37546,0.00061,0.19365
2025-04,2025-04-30,CVE-2023-37547,0.00061,0.19365
2025-04,2025-04-30,CVE-2023-37548,0.00061,0.19365
2025-04,2025-04-30,CVE-2023-37549,0.00061,0.19365
2025-04,2025-04-30,CVE-2023-37550,0.00061,0.19365
2025-04,2025-04-30,CVE-2023-37552,0.00061,0.19365
2025-04,2025-04-30,CVE-2023-37553,0.00061,0.19365
2025-04,2025-04-30,CVE-2023-37554,0.00061,0.19365
2025-04,2025-04-30,CVE-2023-37555,0.00061,0.19365
2025-04,2025-04-30,CVE-2023-37556,0.00061,0.19365
2025-04,2025-04-30,CVE-2023-37557,0.00052,0.16391
2025-04,2025-04-30,CVE-2023-37558,0.00061,0.19365
2025-04,2025-04-30,CVE-2023-37559,0.00061,0.19365
2025-04,2025-04-30,CVE-2023-38408,0.58235,0.98026
2025-04,2025-04-30,CVE-2023-40217,0.00284,0.51343
2025-04,2025-04-30,CVE-2023-42753,0.00014,0.01489
2025-04,2025-04-30,CVE-2023-47610,0.02613,0.84782
2025-04,2025-04-30,CVE-2023-47612,0.00046,0.13703
2025-04,2025-04-30,CVE-2023-47613,0.00053,0.16445
2025-04,2025-04-30,CVE-2023-47614,0.00023,0.04659
2025-04,2025-04-30,CVE-2023-47615,0.00024,0.04931
2025-04,2025-04-30,CVE-2023-47616,0.00033,0.07989
2025-04,2025-04-30,CVE-2023-4807,0.01473,0.79855
2025-04,2025-04-30,CVE-2023-48795,0.56918,0.9796
2025-04,2025-04-30,CVE-2023-5363,0.02052,0.82849
2025-04,2025-04-30,CVE-2023-5678,0.00126,0.33242
2025-04,2025-04-30,CVE-2023-7104,0.00083,0.25327
2025-04,2025-04-30,CVE-2024-0056,0.00349,0.56434
2025-04,2025-04-30,CVE-2024-0232,0.00021,0.03842
2025-04,2025-04-30,CVE-2024-0727,0.00165,0.38443
2025-04,2025-04-30,CVE-2024-21319,0.00325,0.5461
2025-04,2025-04-30,CVE-2024-23814,0.00111,0.3078
2025-04,2025-04-30,CVE-2024-30105,0.00896,0.74347
2025-04,2025-04-30,CVE-2024-41788,0.0027,0.50098
2025-04,2025-04-30,CVE-2024-41789,0.0027,0.50098
2025-04,2025-04-30,CVE-2024-41790,0.0027,0.50098
2025-04,2025-04-30,CVE-2024-41791,0.00088,0.26435
2025-04,2025-04-30,CVE-2024-41792,0.00138,0.34942
2025-04,2025-04-30,CVE-2024-41793,0.00044,0.13104
2025-04,2025-04-30,CVE-2024-41794,0.00111,0.30801
2025-04,2025-04-30,CVE-2024-41795,0.00027,0.0588
2025-04,2025-04-30,CVE-2024-41796,0.00059,0.18712
2025-04,2025-04-30,CVE-2024-54091,0.00031,0.0728
2025-04,2025-04-30,CVE-2024-54092,0.00201,0.42709
2025-04,2025-04-30,CVE-2024-5535,0.05152,0.89281
2025-04,2025-04-30,CVE-2024-6387,0.54043,0.97825
2025-04,2025-04-30,CVE-2024-9143,0.00372,0.57849
2025-04,2025-04-30,CVE-2024-9441,0.5736,0.97985
2025-04,2025-04-30,CVE-2025-1097,0.05497,0.89644
2025-04,2025-04-30,CVE-2025-1098,0.26921,0.96035
2025-04,2025-04-30,CVE-2025-1484,,
2025-04,2025-04-30,CVE-2025-1974,0.77709,0.98916
2025-04,2025-04-30,CVE-2025-2185,0.00036,0.09301
2025-04,2025-04-30,CVE-2025-2222,0.00025,0.05221
2025-04,2025-04-30,CVE-2025-2223,0.00022,0.04117
2025-04,2025-04-30,CVE-2025-2285,0.00022,0.04126
2025-04,2025-04-30,CVE-2025-2286,0.00022,0.04126
2025-04,2025-04-30,CVE-2025-2287,0.00022,0.04126
2025-04,2025-04-30,CVE-2025-2288,0.00022,0.04126
2025-04,2025-04-30,CVE-2025-22882,0.00015,0.01907
2025-04,2025-04-30,CVE-2025-22883,0.00015,0.01907
2025-04,2025-04-30,CVE-2025-22884,0.00015,0.01907
2025-04,2025-04-30,CVE-2025-2293,0.00022,0.04126
2025-04,2025-04-30,CVE-2025-23120,0.00406,0.59921
2025-04,2025-04-30,CVE-2025-24297,0.00063,0.19951
2025-04,2025-04-30,CVE-2025-24315,0.0005,0.15408
2025-04,2025-04-30,CVE-2025-2440,0.0002,0.03777
2025-04,2025-04-30,CVE-2025-2441,0.0002,0.03777
2025-04,2025-04-30,CVE-2025-2442,0.00029,0.06539
2025-04,2025-04-30,CVE-2025-24487,0.00038,0.10732
2025-04,2025-04-30,CVE-2025-24513,0.00029,0.06642
2025-04,2025-04-30,CVE-2025-24514,0.29063,0.96264
2025-04,2025-04-30,CVE-2025-24850,0.00037,0.10129
2025-04,2025-04-30,CVE-2025-2500,,
2025-04,2025-04-30,CVE-2025-25276,0.0005,0.15408
2025-04,2025-04-30,CVE-2025-2567,0.00054,0.17172
2025-04,2025-04-30,CVE-2025-2631,0.0002,0.03789
2025-04,2025-04-30,CVE-2025-2632,0.0002,0.03789
2025-04,2025-04-30,CVE-2025-26382,0.00055,0.17433
2025-04,2025-04-30,CVE-2025-26857,0.00051,0.16047
2025-04,2025-04-30,CVE-2025-27495,0.00133,0.34365
2025-04,2025-04-30,CVE-2025-27539,0.00133,0.34365
2025-04,2025-04-30,CVE-2025-27540,0.00133,0.34365
2025-04,2025-04-30,CVE-2025-27561,0.0005,0.15408
2025-04,2025-04-30,CVE-2025-27565,0.00067,0.21136
2025-04,2025-04-30,CVE-2025-27568,0.00051,0.16047
2025-04,2025-04-30,CVE-2025-27575,0.00051,0.16047
2025-04,2025-04-30,CVE-2025-27719,0.00051,0.16047
2025-04,2025-04-30,CVE-2025-27927,0.00038,0.10732
2025-04,2025-04-30,CVE-2025-27929,0.00038,0.10732
2025-04,2025-04-30,CVE-2025-27938,0.00038,0.10732
2025-04,2025-04-30,CVE-2025-27939,0.00037,0.10007
2025-04,2025-04-30,CVE-2025-2829,0.00022,0.04126
2025-04,2025-04-30,CVE-2025-29905,0.00107,0.30115
2025-04,2025-04-30,CVE-2025-29999,0.00012,0.01034
2025-04,2025-04-30,CVE-2025-30000,0.0001,0.0074
2025-04,2025-04-30,CVE-2025-30002,0.00107,0.30115
2025-04,2025-04-30,CVE-2025-30003,0.00107,0.30115
2025-04,2025-04-30,CVE-2025-30030,0.00107,0.30115
2025-04,2025-04-30,CVE-2025-30031,0.00107,0.30115
2025-04,2025-04-30,CVE-2025-30257,0.00038,0.10732
2025-04,2025-04-30,CVE-2025-30280,0.00038,0.10671
2025-04,2025-04-30,CVE-2025-30511,0.00053,0.16611
2025-04,2025-04-30,CVE-2025-30512,0.00062,0.19827
2025-04,2025-04-30,CVE-2025-30514,0.00051,0.16047
2025-04,2025-04-30,CVE-2025-3128,,
2025-04,2025-04-30,CVE-2025-31343,0.00107,0.30115
2025-04,2025-04-30,CVE-2025-31350,0.00107,0.30115
2025-04,2025-04-30,CVE-2025-31351,0.00107,0.30115
2025-04,2025-04-30,CVE-2025-31352,0.00107,0.30115
2025-04,2025-04-30,CVE-2025-31353,0.00107,0.30115
2025-04,2025-04-30,CVE-2025-31354,0.00014,0.01625
2025-04,2025-04-30,CVE-2025-31357,0.00051,0.16047
2025-04,2025-04-30,CVE-2025-31360,0.00061,0.19275
2025-04,2025-04-30,CVE-2025-31654,0.00037,0.10129
2025-04,2025-04-30,CVE-2025-31933,0.00051,0.16047
2025-04,2025-04-30,CVE-2025-31935,0.00018,0.03018
2025-04,2025-04-30,CVE-2025-31941,0.00051,0.16047
2025-04,2025-04-30,CVE-2025-31949,0.00037,0.10129
2025-04,2025-04-30,CVE-2025-31950,0.00051,0.16047
2025-04,2025-04-30,CVE-2025-3232,,
2025-04,2025-04-30,CVE-2025-32475,0.00107,0.30115
2025-04,2025-04-30,CVE-2025-32822,0.00107,0.30115
2025-04,2025-04-30,CVE-2025-32823,0.00107,0.30115
2025-04,2025-04-30,CVE-2025-32824,0.00107,0.30115
2025-04,2025-04-30,CVE-2025-32825,0.00107,0.30115
2025-04,2025-04-30,CVE-2025-32826,0.00107,0.30115
2025-04,2025-04-30,CVE-2025-32827,0.00107,0.30115
2025-04,2025-04-30,CVE-2025-32828,0.00107,0.30115
2025-04,2025-04-30,CVE-2025-32829,0.00107,0.30115
2025-04,2025-04-30,CVE-2025-32830,0.00107,0.30115
2025-04,2025-04-30,CVE-2025-32831,0.00107,0.30115
2025-04,2025-04-30,CVE-2025-32832,0.00107,0.30115
2025-04,2025-04-30,CVE-2025-32833,0.00107,0.30115
2025-04,2025-04-30,CVE-2025-32834,0.00107,0.30115
2025-04,2025-04-30,CVE-2025-32835,0.00107,0.30115
2025-04,2025-04-30,CVE-2025-32836,0.00107,0.30115
2025-04,2025-04-30,CVE-2025-32837,0.00107,0.30115
2025-04,2025-04-30,CVE-2025-32838,0.00107,0.30115
2025-04,2025-04-30,CVE-2025-32839,0.00107,0.30115
2025-04,2025-04-30,CVE-2025-32840,0.00107,0.30115
2025-04,2025-04-30,CVE-2025-32841,0.00107,0.30115
2025-04,2025-04-30,CVE-2025-32842,0.00107,0.30115
2025-04,2025-04-30,CVE-2025-32843,0.00107,0.30115
2025-04,2025-04-30,CVE-2025-32844,0.00107,0.30115
2025-04,2025-04-30,CVE-2025-32845,0.00107,0.30115
2025-04,2025-04-30,CVE-2025-32846,0.00107,0.30115
2025-04,2025-04-30,CVE-2025-32847,0.00107,0.30115
2025-04,2025-04-30,CVE-2025-32848,0.00107,0.30115
2025-04,2025-04-30,CVE-2025-32849,0.00107,0.30115
2025-04,2025-04-30,CVE-2025-3285,0.00022,0.04126
2025-04,2025-04-30,CVE-2025-32850,0.00107,0.30115
2025-04,2025-04-30,CVE-2025-32851,0.00107,0.30115
2025-04,2025-04-30,CVE-2025-32852,0.00107,0.30115
2025-04,2025-04-30,CVE-2025-32853,0.00107,0.30115
2025-04,2025-04-30,CVE-2025-32854,0.00107,0.30115
2025-04,2025-04-30,CVE-2025-32855,0.00107,0.30115
2025-04,2025-04-30,CVE-2025-32856,0.00107,0.30115
2025-04,2025-04-30,CVE-2025-32857,0.00107,0.30115
2025-04,2025-04-30,CVE-2025-32858,0.00107,0.30115
2025-04,2025-04-30,CVE-2025-32859,0.00107,0.30115
2025-04,2025-04-30,CVE-2025-3286,0.00022,0.04126
2025-04,2025-04-30,CVE-2025-32860,0.00107,0.30115
2025-04,2025-04-30,CVE-2025-32861,0.00107,0.30115
2025-04,2025-04-30,CVE-2025-32862,0.00107,0.30115
2025-04,2025-04-30,CVE-2025-32863,0.00107,0.30115
2025-04,2025-04-30,CVE-2025-32864,0.00107,0.30115
2025-04,2025-04-30,CVE-2025-32865,0.00107,0.30115
2025-04,2025-04-30,CVE-2025-32866,0.00107,0.30115
2025-04,2025-04-30,CVE-2025-32867,0.00107,0.30115
2025-04,2025-04-30,CVE-2025-32869,0.00063,0.20006
2025-04,2025-04-30,CVE-2025-3287,0.00022,0.04126
2025-04,2025-04-30,CVE-2025-32870,0.00107,0.30115
2025-04,2025-04-30,CVE-2025-32871,0.00107,0.30115
2025-04,2025-04-30,CVE-2025-32872,0.00107,0.30115
2025-04,2025-04-30,CVE-2025-3288,0.00022,0.04126
2025-04,2025-04-30,CVE-2025-3289,0.00022,0.04126
2025-04,2025-04-30,CVE-2025-3394,,
2025-04,2025-04-30,CVE-2025-3395,,
2025-04,2025-04-30,CVE-2025-3465,,
2025-04,2025-04-30,CVE-2025-3495,0.00092,0.27271
2025-04,2025-04-30,CVE-2025-3511,0.00059,0.18808
2025-04,2025-04-30,CVE-2025-3606,0.00041,0.11704
2025-04,2025-04-30,CVE-2025-3617,0.00012,0.01116
2025-04,2025-04-30,CVE-2025-3618,0.00016,0.0221
2025-04,2025-04-30,CVE-2025-46271,0.0291,0.85592
2025-04,2025-04-30,CVE-2025-46272,0.0291,0.85592
2025-04,2025-04-30,CVE-2025-46273,0.00072,0.22805
2025-04,2025-04-30,CVE-2025-46274,0.00097,0.28331
2025-04,2025-04-30,CVE-2025-46275,0.0006,0.19142
2025-05,2025-05-31,CVE-2022-31807,0.00018,0.02857
2025-05,2025-05-31,CVE-2022-31812,0.00107,0.29934
2025-05,2025-05-31,CVE-2023-4041,0.00029,0.06366
2025-05,2025-05-31,CVE-2024-0056,0.00356,0.57037
2025-05,2025-05-31,CVE-2024-20672,0.0096,0.75361
2025-05,2025-05-31,CVE-2024-23815,0.00044,0.13082
2025-05,2025-05-31,CVE-2024-30105,0.01052,0.76477
2025-05,2025-05-31,CVE-2024-32122,0.00015,0.02014
2025-05,2025-05-31,CVE-2024-35264,0.00988,0.75736
2025-05,2025-05-31,CVE-2024-3596,0.00849,0.73745
2025-05,2025-05-31,CVE-2024-38081,0.00153,0.3708
2025-05,2025-05-31,CVE-2024-38095,0.01304,0.78749
2025-05,2025-05-31,CVE-2024-43483,0.00401,0.59788
2025-05,2025-05-31,CVE-2024-43485,0.00401,0.59788
2025-05,2025-05-31,CVE-2024-50562,,
2025-05,2025-05-31,CVE-2024-51444,0.00057,0.17778
2025-05,2025-05-31,CVE-2024-51445,0.0006,0.19002
2025-05,2025-05-31,CVE-2024-51446,0.00089,0.26608
2025-05,2025-05-31,CVE-2024-51447,0.00038,0.1065
2025-05,2025-05-31,CVE-2024-52963,0.00063,0.2007
2025-05,2025-05-31,CVE-2024-54085,0.00246,0.47917
2025-05,2025-05-31,CVE-2024-55599,,
2025-05,2025-05-31,CVE-2025-0921,0.00012,0.011
2025-05,2025-05-31,CVE-2025-1688,0.0002,0.0378
2025-05,2025-05-31,CVE-2025-1907,0.00114,0.31108
2025-05,2025-05-31,CVE-2025-22862,,
2025-05,2025-05-31,CVE-2025-24007,0.00017,0.02687
2025-05,2025-05-31,CVE-2025-24008,0.00014,0.01668
2025-05,2025-05-31,CVE-2025-24009,0.00045,0.13484
2025-05,2025-05-31,CVE-2025-24471,,
2025-05,2025-05-31,CVE-2025-24510,0.00018,0.03134
2025-05,2025-05-31,CVE-2025-24522,0.00138,0.34906
2025-05,2025-05-31,CVE-2025-25248,,
2025-05,2025-05-31,CVE-2025-25249,,
2025-05,2025-05-31,CVE-2025-25250,,
2025-05,2025-05-31,CVE-2025-25253,,
2025-05,2025-05-31,CVE-2025-26383,,
2025-05,2025-05-31,CVE-2025-26389,0.0028,0.51103
2025-05,2025-05-31,CVE-2025-26390,0.00087,0.26208
2025-05,2025-05-31,CVE-2025-2875,0.00082,0.25147
2025-05,2025-05-31,CVE-2025-30174,0.00068,0.21332
2025-05,2025-05-31,CVE-2025-30175,0.00068,0.21332
2025-05,2025-05-31,CVE-2025-30176,0.00068,0.21332
2025-05,2025-05-31,CVE-2025-30198,,
2025-05,2025-05-31,CVE-2025-30199,,
2025-05,2025-05-31,CVE-2025-30200,,
2025-05,2025-05-31,CVE-2025-30417,0.0002,0.03733
2025-05,2025-05-31,CVE-2025-30418,0.0002,0.03733
2025-05,2025-05-31,CVE-2025-30419,0.00016,0.02316
2025-05,2025-05-31,CVE-2025-30420,0.00016,0.02316
2025-05,2025-05-31,CVE-2025-30421,0.00016,0.02316
2025-05,2025-05-31,CVE-2025-31366,,
2025-05,2025-05-31,CVE-2025-31514,,
2025-05,2025-05-31,CVE-2025-31929,0.00026,0.05467
2025-05,2025-05-31,CVE-2025-31930,0.0002,0.03575
2025-05,2025-05-31,CVE-2025-32011,0.00399,0.59699
2025-05,2025-05-31,CVE-2025-32433,0.50208,0.97667
2025-05,2025-05-31,CVE-2025-32454,0.00016,0.02316
2025-05,2025-05-31,CVE-2025-32469,0.00274,0.50584
2025-05,2025-05-31,CVE-2025-33024,0.00274,0.50584
2025-05,2025-05-31,CVE-2025-33025,0.00274,0.50584
2025-05,2025-05-31,CVE-2025-35996,0.00076,0.23799
2025-05,2025-05-31,CVE-2025-36535,0.001,0.28746
2025-05,2025-05-31,CVE-2025-36558,0.00057,0.17699
2025-05,2025-05-31,CVE-2025-3916,0.00022,0.0415
2025-05,2025-05-31,CVE-2025-3925,0.00015,0.01993
2025-05,2025-05-31,CVE-2025-4041,0.00074,0.2321
2025-05,2025-05-31,CVE-2025-4043,0.00032,0.07572
2025-05,2025-05-31,CVE-2025-40555,0.0002,0.03584
2025-05,2025-05-31,CVE-2025-40556,0.00018,0.03134
2025-05,2025-05-31,CVE-2025-40566,0.00084,0.25508
2025-05,2025-05-31,CVE-2025-40571,0.0003,0.07075
2025-05,2025-05-31,CVE-2025-40572,0.00011,0.00837
2025-05,2025-05-31,CVE-2025-40573,0.0002,0.03714
2025-05,2025-05-31,CVE-2025-40574,0.00011,0.00952
2025-05,2025-05-31,CVE-2025-40575,0.00123,0.32597
2025-05,2025-05-31,CVE-2025-40576,0.00044,0.12998
2025-05,2025-05-31,CVE-2025-40577,0.00051,0.15747
2025-05,2025-05-31,CVE-2025-40578,0.00051,0.15747
2025-05,2025-05-31,CVE-2025-40579,0.00013,0.01364
2025-05,2025-05-31,CVE-2025-40580,0.00013,0.01364
2025-05,2025-05-31,CVE-2025-40581,0.00017,0.02759
2025-05,2025-05-31,CVE-2025-40582,0.00022,0.04418
2025-05,2025-05-31,CVE-2025-40583,7e-05,0.00307
2025-05,2025-05-31,CVE-2025-40591,,
2025-05,2025-05-31,CVE-2025-4098,0.00022,0.0415
2025-05,2025-05-31,CVE-2025-41426,0.00102,0.29052
2025-05,2025-05-31,CVE-2025-41438,0.00044,0.13031
2025-05,2025-05-31,CVE-2025-41450,0.0005,0.15347
2025-05,2025-05-31,CVE-2025-41451,,
2025-05,2025-05-31,CVE-2025-41452,,
2025-05,2025-05-31,CVE-2025-4338,0.0002,0.03553
2025-05,2025-05-31,CVE-2025-4364,0.00091,0.26983
2025-05,2025-05-31,CVE-2025-46352,0.00041,0.12135
2025-05,2025-05-31,CVE-2025-46412,0.00075,0.23543
2025-05,2025-05-31,CVE-2025-4692,0.00035,0.08928
2025-05,2025-05-31,CVE-2025-47890,,
2025-05,2025-05-31,CVE-2025-53744,,
2025-05,2025-05-31,CVE-2025-53843,,
2025-05,2025-05-31,CVE-2025-53844,,
2025-05,2025-05-31,CVE-2025-54756,,
2025-05,2025-05-31,CVE-2025-54821,,
2025-05,2025-05-31,CVE-2025-57740,,
2025-05,2025-05-31,CVE-2025-58413,,
2025-05,2025-05-31,CVE-2025-58903,,
2025-05,2025-05-31,CVE-2025-59718,,
2025-05,2025-05-31,CVE-2025-59719,,
2025-06,2025-06-30,CVE-2023-28531,0.00107,0.29793
2025-06,2025-06-30,CVE-2023-38545,0.18014,0.94845
2025-06,2025-06-30,CVE-2023-38546,0.00217,0.44456
2025-06,2025-06-30,CVE-2023-4041,0.00039,0.10698
2025-06,2025-06-30,CVE-2023-44487,0.94474,0.99997
2025-06,2025-06-30,CVE-2023-4527,0.00108,0.29982
2025-06,2025-06-30,CVE-2023-46218,0.00337,0.55807
2025-06,2025-06-30,CVE-2023-46219,0.00198,0.4226
2025-06,2025-06-30,CVE-2023-4806,0.01106,0.77086
2025-06,2025-06-30,CVE-2023-48795,0.80705,0.99078
2025-06,2025-06-30,CVE-2023-4911,0.66736,0.98425
2025-06,2025-06-30,CVE-2023-51384,0.00046,0.1393
2025-06,2025-06-30,CVE-2023-51385,0.06438,0.9059
2025-06,2025-06-30,CVE-2023-5363,0.02052,0.83045
2025-06,2025-06-30,CVE-2023-6246,0.22699,0.95579
2025-06,2025-06-30,CVE-2023-6779,0.00624,0.69175
2025-06,2025-06-30,CVE-2023-6780,0.00241,0.473
2025-06,2025-06-30,CVE-2024-12133,0.00271,0.50271
2025-06,2025-06-30,CVE-2024-12243,0.00623,0.6913
2025-06,2025-06-30,CVE-2024-24855,0.0001,0.00735
2025-06,2025-06-30,CVE-2024-26596,0.00014,0.01703
2025-06,2025-06-30,CVE-2024-28085,0.1148,0.93252
2025-06,2025-06-30,CVE-2024-2961,0.91923,0.99673
2025-06,2025-06-30,CVE-2024-33599,0.00426,0.6137
2025-06,2025-06-30,CVE-2024-33600,0.00208,0.43486
2025-06,2025-06-30,CVE-2024-33601,0.00041,0.11702
2025-06,2025-06-30,CVE-2024-33602,0.00263,0.49576
2025-06,2025-06-30,CVE-2024-34397,0.00085,0.25655
2025-06,2025-06-30,CVE-2024-37370,0.0009,0.26596
2025-06,2025-06-30,CVE-2024-37371,0.00725,0.71575
2025-06,2025-06-30,CVE-2024-41797,0.00073,0.2293
2025-06,2025-06-30,CVE-2024-45490,0.00069,0.21572
2025-06,2025-06-30,CVE-2024-45491,0.00107,0.29864
2025-06,2025-06-30,CVE-2024-45492,0.00225,0.4521
2025-06,2025-06-30,CVE-2024-53166,0.00032,0.07661
2025-06,2025-06-30,CVE-2024-6119,0.00506,0.65235
2025-06,2025-06-30,CVE-2024-6387,0.56143,0.97948
2025-06,2025-06-30,CVE-2024-8956,0.86905,0.99381
2025-06,2025-06-30,CVE-2024-8957,0.4604,0.97479
2025-06,2025-06-30,CVE-2025-0133,0.02102,0.83272
2025-06,2025-06-30,CVE-2025-11082,,
2025-06,2025-06-30,CVE-2025-11083,,
2025-06,2025-06-30,CVE-2025-11412,,
2025-06,2025-06-30,CVE-2025-11413,,
2025-06,2025-06-30,CVE-2025-11414,,
2025-06,2025-06-30,CVE-2025-11494,,
2025-06,2025-06-30,CVE-2025-11495,,
2025-06,2025-06-30,CVE-2025-11839,,
2025-06,2025-06-30,CVE-2025-11840,,
2025-06,2025-06-30,CVE-2025-1718,0.00044,0.13172
2025-06,2025-06-30,CVE-2025-21701,0.00099,0.28513
2025-06,2025-06-30,CVE-2025-21756,0.00022,0.04224
2025-06,2025-06-30,CVE-2025-21796,0.00029,0.06409
2025-06,2025-06-30,CVE-2025-21848,0.0004,0.11412
2025-06,2025-06-30,CVE-2025-21862,0.0004,0.11412
2025-06,2025-06-30,CVE-2025-21864,0.0003,0.06856
2025-06,2025-06-30,CVE-2025-21865,0.00037,0.10176
2025-06,2025-06-30,CVE-2025-2403,0.00052,0.16329
2025-06,2025-06-30,CVE-2025-2566,0.0013,0.33484
2025-06,2025-06-30,CVE-2025-26465,0.56742,0.97975
2025-06,2025-06-30,CVE-2025-26468,0.00048,0.14941
2025-06,2025-06-30,CVE-2025-2745,0.00033,0.07778
2025-06,2025-06-30,CVE-2025-30183,0.00042,0.12008
2025-06,2025-06-30,CVE-2025-30184,0.00105,0.29403
2025-06,2025-06-30,CVE-2025-30507,0.00055,0.17389
2025-06,2025-06-30,CVE-2025-30515,0.00078,0.24191
2025-06,2025-06-30,CVE-2025-31115,0.00095,0.27628
2025-06,2025-06-30,CVE-2025-3112,0.00044,0.131
2025-06,2025-06-30,CVE-2025-3116,0.00049,0.15195
2025-06,2025-06-30,CVE-2025-3117,0.00029,0.06524
2025-06,2025-06-30,CVE-2025-3198,0.00016,0.02376
2025-06,2025-06-30,CVE-2025-32412,0.00016,0.02302
2025-06,2025-06-30,CVE-2025-32454,0.00018,0.02791
2025-06,2025-06-30,CVE-2025-32988,,
2025-06,2025-06-30,CVE-2025-32989,,
2025-06,2025-06-30,CVE-2025-35451,,
2025-06,2025-06-30,CVE-2025-35452,,
2025-06,2025-06-30,CVE-2025-36539,0.00044,0.131
2025-06,2025-06-30,CVE-2025-3699,0.0017,0.3898
2025-06,2025-06-30,CVE-2025-3755,0.00036,0.09048
2025-06,2025-06-30,CVE-2025-38079,0.00032,0.07505
2025-06,2025-06-30,CVE-2025-38350,,
2025-06,2025-06-30,CVE-2025-38477,,
2025-06,2025-06-30,CVE-2025-38498,,
2025-06,2025-06-30,CVE-2025-38724,,
2025-06,2025-06-30,CVE-2025-3898,0.00049,0.15195
2025-06,2025-06-30,CVE-2025-3899,0.00017,0.02659
2025-06,2025-06-30,CVE-2025-3905,0.00029,0.06524
2025-06,2025-06-30,CVE-2025-39697,,
2025-06,2025-06-30,CVE-2025-40567,0.00037,0.09943
2025-06,2025-06-30,CVE-2025-40568,0.00097,0.27948
2025-06,2025-06-30,CVE-2025-40569,0.00033,0.07872
2025-06,2025-06-30,CVE-2025-40585,0.00047,0.14541
2025-06,2025-06-30,CVE-2025-40592,0.00029,0.06406
2025-06,2025-06-30,CVE-2025-41388,0.00016,0.02302
2025-06,2025-06-30,CVE-2025-41413,0.0002,0.03682
2025-06,2025-06-30,CVE-2025-4229,0.00055,0.17399
2025-06,2025-06-30,CVE-2025-4230,0.00178,0.39914
2025-06,2025-06-30,CVE-2025-4373,0.00056,0.17474
2025-06,2025-06-30,CVE-2025-44019,0.00042,0.12113
2025-06,2025-06-30,CVE-2025-4417,0.00019,0.03221
2025-06,2025-06-30,CVE-2025-4418,8e-05,0.00458
2025-06,2025-06-30,CVE-2025-4598,0.00011,0.01024
2025-06,2025-06-30,CVE-2025-4614,,
2025-06,2025-06-30,CVE-2025-4615,,
2025-06,2025-06-30,CVE-2025-46836,0.00045,0.13844
2025-06,2025-06-30,CVE-2025-47724,0.0002,0.03543
2025-06,2025-06-30,CVE-2025-47725,0.0002,0.03543
2025-06,2025-06-30,CVE-2025-47726,0.0002,0.03543
2025-06,2025-06-30,CVE-2025-47727,0.0002,0.03543
2025-06,2025-06-30,CVE-2025-49151,0.00093,0.27316
2025-06,2025-06-30,CVE-2025-49152,0.00028,0.06008
2025-06,2025-06-30,CVE-2025-49153,0.00167,0.38627
2025-06,2025-06-30,CVE-2025-49848,0.00022,0.04177
2025-06,2025-06-30,CVE-2025-49849,0.00022,0.04177
2025-06,2025-06-30,CVE-2025-49851,0.00067,0.21075
2025-06,2025-06-30,CVE-2025-49852,0.00058,0.18499
2025-06,2025-06-30,CVE-2025-49853,0.00046,0.14144
2025-06,2025-06-30,CVE-2025-5015,0.00063,0.19976
2025-06,2025-06-30,CVE-2025-5087,0.00023,0.0451
2025-06,2025-06-30,CVE-2025-5244,0.00019,0.03336
2025-06,2025-06-30,CVE-2025-5245,0.00019,0.03336
2025-06,2025-06-30,CVE-2025-5310,0.0025,0.48129
2025-06,2025-06-30,CVE-2025-5484,0.0004,0.11414
2025-06,2025-06-30,CVE-2025-5485,0.00055,0.17194
2025-06,2025-06-30,CVE-2025-5740,0.00089,0.26462
2025-06,2025-06-30,CVE-2025-5741,0.00049,0.15092
2025-06,2025-06-30,CVE-2025-5742,0.00029,0.06524
2025-06,2025-06-30,CVE-2025-5743,0.00562,0.67325
2025-06,2025-06-30,CVE-2025-59375,,
2025-06,2025-06-30,CVE-2025-6395,,
2025-06,2025-06-30,CVE-2025-6521,5e-05,0.0022
2025-06,2025-06-30,CVE-2025-6522,0.00034,0.08362
2025-06,2025-06-30,CVE-2025-66382,,
2025-06,2025-06-30,CVE-2025-7425,,
2025-06,2025-06-30,CVE-2025-7545,,
2025-06,2025-06-30,CVE-2025-7546,,
2025-06,2025-06-30,CVE-2025-8224,,
2025-06,2025-06-30,CVE-2025-9230,,
2025-06,2025-06-30,CVE-2025-9232,,
2025-06,2025-06-30,CVE-2026-0227,,
2025-06,2025-06-30,CVE-2026-0228,,
2025-06,2025-06-30,CVE-2026-0229,,
2025-06,2025-06-30,CVE-2026-31431,,
2025-07,2025-07-31,CVE-2020-11023,0.21987,0.95535
2025-07,2025-07-31,CVE-2022-31491,,
2025-07,2025-07-31,CVE-2023-35945,0.00095,0.27586
2025-07,2025-07-31,CVE-2023-44487,0.9441,0.99975
2025-07,2025-07-31,CVE-2023-50447,0.00554,0.67065
2025-07,2025-07-31,CVE-2023-5217,0.01679,0.81414
2025-07,2025-07-31,CVE-2023-52236,0.0002,0.03456
2025-07,2025-07-31,CVE-2024-11477,0.32051,0.96642
2025-07,2025-07-31,CVE-2024-28219,0.00095,0.27535
2025-07,2025-07-31,CVE-2025-0411,0.43908,0.97422
2025-07,2025-07-31,CVE-2025-1727,0.00028,0.06191
2025-07,2025-07-31,CVE-2025-23364,4e-05,0.00176
2025-07,2025-07-31,CVE-2025-23365,0.00013,0.01491
2025-07,2025-07-31,CVE-2025-2520,0.00052,0.16195
2025-07,2025-07-31,CVE-2025-2521,0.00265,0.49865
2025-07,2025-07-31,CVE-2025-2522,0.00036,0.08977
2025-07,2025-07-31,CVE-2025-2523,0.00265,0.49865
2025-07,2025-07-31,CVE-2025-2633,0.00025,0.0504
2025-07,2025-07-31,CVE-2025-2634,0.00025,0.0504
2025-07,2025-07-31,CVE-2025-27127,0.00043,0.12281
2025-07,2025-07-31,CVE-2025-39201,0.00031,0.06935
2025-07,2025-07-31,CVE-2025-39202,0.00015,0.01788
2025-07,2025-07-31,CVE-2025-39203,0.00023,0.04398
2025-07,2025-07-31,CVE-2025-39204,0.00039,0.10857
2025-07,2025-07-31,CVE-2025-39205,0.00018,0.03011
2025-07,2025-07-31,CVE-2025-3946,0.00278,0.50919
2025-07,2025-07-31,CVE-2025-3947,0.00052,0.16195
2025-07,2025-07-31,CVE-2025-40593,0.00049,0.15025
2025-07,2025-07-31,CVE-2025-40735,0.0009,0.26541
2025-07,2025-07-31,CVE-2025-40736,0.00097,0.27953
2025-07,2025-07-31,CVE-2025-40737,0.00094,0.27396
2025-07,2025-07-31,CVE-2025-40738,0.00094,0.27396
2025-07,2025-07-31,CVE-2025-40739,0.00016,0.02234
2025-07,2025-07-31,CVE-2025-40740,0.00016,0.02234
2025-07,2025-07-31,CVE-2025-40741,0.00016,0.02234
2025-07,2025-07-31,CVE-2025-40742,0.0004,0.11062
2025-07,2025-07-31,CVE-2025-41222,0.00051,0.15718
2025-07,2025-07-31,CVE-2025-41223,0.00015,0.01972
2025-07,2025-07-31,CVE-2025-41224,0.0004,0.11142
2025-07,2025-07-31,CVE-2025-41236,0.00022,0.04098
2025-07,2025-07-31,CVE-2025-41237,0.00022,0.04098
2025-07,2025-07-31,CVE-2025-41238,0.00022,0.04098
2025-07,2025-07-31,CVE-2025-41239,0.00018,0.03025
2025-07,2025-07-31,CVE-2025-41425,0.00049,0.15148
2025-07,2025-07-31,CVE-2025-41442,0.00032,0.07417
2025-07,2025-07-31,CVE-2025-41646,0.16474,0.94611
2025-07,2025-07-31,CVE-2025-46358,0.00025,0.05269
2025-07,2025-07-31,CVE-2025-46704,0.00036,0.08963
2025-07,2025-07-31,CVE-2025-48496,0.00015,0.0184
2025-07,2025-07-31,CVE-2025-48733,0.0007,0.22047
2025-07,2025-07-31,CVE-2025-48891,0.00046,0.13931
2025-07,2025-07-31,CVE-2025-50109,6e-05,0.00283
2025-07,2025-07-31,CVE-2025-50121,0.00917,0.74971
2025-07,2025-07-31,CVE-2025-50122,0.00023,0.04376
2025-07,2025-07-31,CVE-2025-50123,0.00039,0.10718
2025-07,2025-07-31,CVE-2025-50124,0.0002,0.03697
2025-07,2025-07-31,CVE-2025-50125,0.00089,0.2639
2025-07,2025-07-31,CVE-2025-5241,0.00098,0.28125
2025-07,2025-07-31,CVE-2025-52459,0.00036,0.08828
2025-07,2025-07-31,CVE-2025-52577,0.00142,0.35124
2025-07,2025-07-31,CVE-2025-52579,0.00021,0.03933
2025-07,2025-07-31,CVE-2025-53077,0.00075,0.23158
2025-07,2025-07-31,CVE-2025-53078,0.00073,0.22851
2025-07,2025-07-31,CVE-2025-53079,0.00037,0.09861
2025-07,2025-07-31,CVE-2025-53080,0.00039,0.10585
2025-07,2025-07-31,CVE-2025-53081,0.00019,0.03203
2025-07,2025-07-31,CVE-2025-53082,0.00059,0.18597
2025-07,2025-07-31,CVE-2025-53397,0.00031,0.07185
2025-07,2025-07-31,CVE-2025-53415,0.00285,0.51585
2025-07,2025-07-31,CVE-2025-53416,0.00285,0.51585
2025-07,2025-07-31,CVE-2025-53471,0.00019,0.03431
2025-07,2025-07-31,CVE-2025-53475,0.00142,0.35124
2025-07,2025-07-31,CVE-2025-53509,0.00036,0.08828
2025-07,2025-07-31,CVE-2025-53515,0.00129,0.33238
2025-07,2025-07-31,CVE-2025-53519,0.00032,0.07417
2025-07,2025-07-31,CVE-2025-53703,0.0001,0.00756
2025-07,2025-07-31,CVE-2025-6071,0.00037,0.09782
2025-07,2025-07-31,CVE-2025-6072,0.00052,0.16267
2025-07,2025-07-31,CVE-2025-6073,0.00059,0.18701
2025-07,2025-07-31,CVE-2025-6074,0.00046,0.13992
2025-07,2025-07-31,CVE-2025-6185,0.00035,0.08651
2025-07,2025-07-31,CVE-2025-6260,0.00078,0.23994
2025-07,2025-07-31,CVE-2025-6438,0.00069,0.21633
2025-07,2025-07-31,CVE-2025-6788,0.00047,0.1413
2025-07,2025-07-31,CVE-2025-7357,0.00054,0.16837
2025-07,2025-07-31,CVE-2025-7705,0.00025,0.05275
2025-07,2025-07-31,CVE-2025-7742,0.00305,0.53279
2025-07,2025-07-31,CVE-2025-7745,0.00036,0.08977
2025-07,2025-07-31,CVE-2025-7766,0.00049,0.14992
2025-07,2025-07-31,CVE-2025-8286,,
2025-08,2025-08-31,CVE-2020-2883,0.93729,0.99845
2025-08,2025-08-31,CVE-2021-3712,0.01139,0.77547
2025-08,2025-08-31,CVE-2022-0778,0.06163,0.90458
2025-08,2025-08-31,CVE-2022-45868,0.00093,0.26983
2025-08,2025-08-31,CVE-2022-48655,0.00039,0.1053
2025-08,2025-08-31,CVE-2022-48772,0.0001,0.00729
2025-08,2025-08-31,CVE-2023-0286,0.88099,0.99456
2025-08,2025-08-31,CVE-2023-0464,0.0137,0.79453
2025-08,2025-08-31,CVE-2023-4039,0.00153,0.36552
2025-08,2025-08-31,CVE-2023-52882,0.00068,0.21303
2025-08,2025-08-31,CVE-2023-52887,0.00145,0.35385
2025-08,2025-08-31,CVE-2023-52918,0.00047,0.13987
2025-08,2025-08-31,CVE-2023-6378,0.00652,0.69958
2025-08,2025-08-31,CVE-2024-13089,0.00165,0.37955
2025-08,2025-08-31,CVE-2024-13090,0.00017,0.02527
2025-08,2025-08-31,CVE-2024-22262,0.04703,0.88946
2025-08,2025-08-31,CVE-2024-24989,0.00664,0.70282
2025-08,2025-08-31,CVE-2024-24990,0.00187,0.40682
2025-08,2025-08-31,CVE-2024-2511,0.02723,0.85371
2025-08,2025-08-31,CVE-2024-25741,9e-05,0.00541
2025-08,2025-08-31,CVE-2024-26900,0.0001,0.00679
2025-08,2025-08-31,CVE-2024-26923,0.00073,0.2276
2025-08,2025-08-31,CVE-2024-26924,0.00088,0.26004
2025-08,2025-08-31,CVE-2024-26926,0.00301,0.52864
2025-08,2025-08-31,CVE-2024-26988,0.00057,0.17752
2025-08,2025-08-31,CVE-2024-26993,0.00013,0.01473
2025-08,2025-08-31,CVE-2024-26994,0.00012,0.01154
2025-08,2025-08-31,CVE-2024-26997,0.00075,0.23071
2025-08,2025-08-31,CVE-2024-26999,0.00011,0.00982
2025-08,2025-08-31,CVE-2024-27000,0.00046,0.13384
2025-08,2025-08-31,CVE-2024-27001,0.00069,0.21418
2025-08,2025-08-31,CVE-2024-27004,0.0005,0.15189
2025-08,2025-08-31,CVE-2024-27013,0.00014,0.01753
2025-08,2025-08-31,CVE-2024-27019,5e-05,0.00189
2025-08,2025-08-31,CVE-2024-27020,8e-05,0.00507
2025-08,2025-08-31,CVE-2024-27395,0.00012,0.01098
2025-08,2025-08-31,CVE-2024-27396,0.00014,0.01631
2025-08,2025-08-31,CVE-2024-31076,0.00055,0.17008
2025-08,2025-08-31,CVE-2024-33621,0.00056,0.17401
2025-08,2025-08-31,CVE-2024-34397,0.00098,0.28007
2025-08,2025-08-31,CVE-2024-35247,0.00019,0.03174
2025-08,2025-08-31,CVE-2024-35847,0.00021,0.03918
2025-08,2025-08-31,CVE-2024-35848,0.00094,0.27132
2025-08,2025-08-31,CVE-2024-35852,0.00031,0.06978
2025-08,2025-08-31,CVE-2024-35853,0.00188,0.40861
2025-08,2025-08-31,CVE-2024-35854,0.00194,0.41505
2025-08,2025-08-31,CVE-2024-35855,0.00021,0.03747
2025-08,2025-08-31,CVE-2024-35947,0.00021,0.03759
2025-08,2025-08-31,CVE-2024-35955,0.00268,0.4999
2025-08,2025-08-31,CVE-2024-35958,0.0003,0.06731
2025-08,2025-08-31,CVE-2024-35960,0.01748,0.818
2025-08,2025-08-31,CVE-2024-35962,0.00025,0.05194
2025-08,2025-08-31,CVE-2024-35969,7e-05,0.00392
2025-08,2025-08-31,CVE-2024-35973,8e-05,0.00442
2025-08,2025-08-31,CVE-2024-35976,0.00012,0.01216
2025-08,2025-08-31,CVE-2024-35983,8e-05,0.00464
2025-08,2025-08-31,CVE-2024-35984,7e-05,0.00392
2025-08,2025-08-31,CVE-2024-35990,0.00012,0.01155
2025-08,2025-08-31,CVE-2024-35996,0.00151,0.36331
2025-08,2025-08-31,CVE-2024-36005,0.00046,0.13434
2025-08,2025-08-31,CVE-2024-36006,0.00044,0.12562
2025-08,2025-08-31,CVE-2024-36007,0.00011,0.01018
2025-08,2025-08-31,CVE-2024-36008,0.00015,0.0209
2025-08,2025-08-31,CVE-2024-36015,0.00101,0.28429
2025-08,2025-08-31,CVE-2024-36016,0.00018,0.02893
2025-08,2025-08-31,CVE-2024-36017,0.00171,0.38743
2025-08,2025-08-31,CVE-2024-36031,0.00027,0.05738
2025-08,2025-08-31,CVE-2024-36270,0.0001,0.00683
2025-08,2025-08-31,CVE-2024-36286,9e-05,0.00624
2025-08,2025-08-31,CVE-2024-36288,8e-05,0.0049
2025-08,2025-08-31,CVE-2024-36484,0.00042,0.11658
2025-08,2025-08-31,CVE-2024-36489,0.0001,0.00811
2025-08,2025-08-31,CVE-2024-36883,0.00074,0.22947
2025-08,2025-08-31,CVE-2024-36886,0.00935,0.75233
2025-08,2025-08-31,CVE-2024-36889,0.00057,0.17752
2025-08,2025-08-31,CVE-2024-36901,0.0001,0.00823
2025-08,2025-08-31,CVE-2024-36902,0.0001,0.00807
2025-08,2025-08-31,CVE-2024-36904,0.00528,0.66214
2025-08,2025-08-31,CVE-2024-36905,0.00061,0.19245
2025-08,2025-08-31,CVE-2024-36916,0.00133,0.33616
2025-08,2025-08-31,CVE-2024-36929,0.00054,0.16887
2025-08,2025-08-31,CVE-2024-36933,0.00073,0.22583
2025-08,2025-08-31,CVE-2024-36934,0.00073,0.22583
2025-08,2025-08-31,CVE-2024-36938,0.0001,0.00729
2025-08,2025-08-31,CVE-2024-36940,0.0002,0.03409
2025-08,2025-08-31,CVE-2024-36946,0.00123,0.32177
2025-08,2025-08-31,CVE-2024-36954,0.00018,0.02808
2025-08,2025-08-31,CVE-2024-36957,0.00097,0.27728
2025-08,2025-08-31,CVE-2024-36959,0.00018,0.02841
2025-08,2025-08-31,CVE-2024-36964,0.0005,0.14991
2025-08,2025-08-31,CVE-2024-36971,0.00055,0.17095
2025-08,2025-08-31,CVE-2024-36974,0.00046,0.13325
2025-08,2025-08-31,CVE-2024-36978,0.00024,0.04633
2025-08,2025-08-31,CVE-2024-37356,0.00103,0.28839
2025-08,2025-08-31,CVE-2024-38381,0.00012,0.01081
2025-08,2025-08-31,CVE-2024-38555,0.00013,0.01372
2025-08,2025-08-31,CVE-2024-38558,0.0008,0.24285
2025-08,2025-08-31,CVE-2024-38578,0.00069,0.21418
2025-08,2025-08-31,CVE-2024-38579,0.00078,0.2392
2025-08,2025-08-31,CVE-2024-38586,0.0006,0.18924
2025-08,2025-08-31,CVE-2024-38587,0.00103,0.28831
2025-08,2025-08-31,CVE-2024-38589,9e-05,0.00523
2025-08,2025-08-31,CVE-2024-38590,0.0001,0.00683
2025-08,2025-08-31,CVE-2024-38596,0.00126,0.32694
2025-08,2025-08-31,CVE-2024-38597,0.00015,0.01909
2025-08,2025-08-31,CVE-2024-38598,0.00014,0.01646
2025-08,2025-08-31,CVE-2024-38601,0.00137,0.34298
2025-08,2025-08-31,CVE-2024-38612,0.00131,0.33461
2025-08,2025-08-31,CVE-2024-38615,0.00093,0.26978
2025-08,2025-08-31,CVE-2024-38619,0.00102,0.28617
2025-08,2025-08-31,CVE-2024-38627,0.00021,0.03709
2025-08,2025-08-31,CVE-2024-38633,0.00017,0.02527
2025-08,2025-08-31,CVE-2024-38634,0.00093,0.26978
2025-08,2025-08-31,CVE-2024-38637,0.00093,0.26978
2025-08,2025-08-31,CVE-2024-38659,0.00093,0.26978
2025-08,2025-08-31,CVE-2024-38662,0.00029,0.06464
2025-08,2025-08-31,CVE-2024-38780,0.00013,0.01429
2025-08,2025-08-31,CVE-2024-39276,0.00011,0.00981
2025-08,2025-08-31,CVE-2024-39292,0.00017,0.0267
2025-08,2025-08-31,CVE-2024-39301,0.00018,0.02938
2025-08,2025-08-31,CVE-2024-39468,0.00015,0.02032
2025-08,2025-08-31,CVE-2024-39475,0.00017,0.02527
2025-08,2025-08-31,CVE-2024-39480,0.00022,0.04202
2025-08,2025-08-31,CVE-2024-39482,0.00018,0.02873
2025-08,2025-08-31,CVE-2024-39487,0.00013,0.01393
2025-08,2025-08-31,CVE-2024-39489,0.00017,0.02463
2025-08,2025-08-31,CVE-2024-39493,0.00017,0.02463
2025-08,2025-08-31,CVE-2024-39495,0.00019,0.03327
2025-08,2025-08-31,CVE-2024-39499,0.00056,0.17485
2025-08,2025-08-31,CVE-2024-39502,0.00054,0.16788
2025-08,2025-08-31,CVE-2024-39503,0.00073,0.22679
2025-08,2025-08-31,CVE-2024-39506,0.0001,0.00795
2025-08,2025-08-31,CVE-2024-40904,0.0001,0.00822
2025-08,2025-08-31,CVE-2024-40905,0.00011,0.00894
2025-08,2025-08-31,CVE-2024-40931,0.00011,0.00945
2025-08,2025-08-31,CVE-2024-40945,0.00014,0.01765
2025-08,2025-08-31,CVE-2024-40947,0.0001,0.00729
2025-08,2025-08-31,CVE-2024-40958,0.00013,0.01546
2025-08,2025-08-31,CVE-2024-40959,0.0001,0.00822
2025-08,2025-08-31,CVE-2024-40960,0.0001,0.00822
2025-08,2025-08-31,CVE-2024-40961,0.00011,0.00945
2025-08,2025-08-31,CVE-2024-40980,8e-05,0.00492
2025-08,2025-08-31,CVE-2024-40983,0.0006,0.18924
2025-08,2025-08-31,CVE-2024-40984,0.00019,0.03216
2025-08,2025-08-31,CVE-2024-40990,0.00073,0.22788
2025-08,2025-08-31,CVE-2024-40995,0.00011,0.00987
2025-08,2025-08-31,CVE-2024-41000,0.00022,0.04155
2025-08,2025-08-31,CVE-2024-41004,0.00108,0.29704
2025-08,2025-08-31,CVE-2024-41005,0.00111,0.30095
2025-08,2025-08-31,CVE-2024-41006,0.00017,0.02626
2025-08,2025-08-31,CVE-2024-41007,0.00019,0.03176
2025-08,2025-08-31,CVE-2024-41009,0.0004,0.1111
2025-08,2025-08-31,CVE-2024-41012,0.00012,0.0114
2025-08,2025-08-31,CVE-2024-41020,0.00358,0.57277
2025-08,2025-08-31,CVE-2024-41035,0.00263,0.49483
2025-08,2025-08-31,CVE-2024-41040,0.00048,0.14461
2025-08,2025-08-31,CVE-2024-41041,0.00263,0.49483
2025-08,2025-08-31,CVE-2024-41044,0.00286,0.51644
2025-08,2025-08-31,CVE-2024-41046,0.00045,0.12826
2025-08,2025-08-31,CVE-2024-41049,0.00045,0.12826
2025-08,2025-08-31,CVE-2024-41055,0.0007,0.21812
2025-08,2025-08-31,CVE-2024-41077,0.0007,0.21812
2025-08,2025-08-31,CVE-2024-41081,0.00263,0.49483
2025-08,2025-08-31,CVE-2024-41087,0.00049,0.14716
2025-08,2025-08-31,CVE-2024-41090,0.00286,0.51644
2025-08,2025-08-31,CVE-2024-41091,0.00263,0.49483
2025-08,2025-08-31,CVE-2024-41097,0.00048,0.14376
2025-08,2025-08-31,CVE-2024-41979,0.00024,0.04759
2025-08,2025-08-31,CVE-2024-41980,7e-05,0.00335
2025-08,2025-08-31,CVE-2024-41982,6e-05,0.00241
2025-08,2025-08-31,CVE-2024-41983,0.00019,0.0335
2025-08,2025-08-31,CVE-2024-41984,0.00013,0.01534
2025-08,2025-08-31,CVE-2024-41985,0.00022,0.04097
2025-08,2025-08-31,CVE-2024-41986,7e-05,0.00354
2025-08,2025-08-31,CVE-2024-42070,0.00046,0.13346
2025-08,2025-08-31,CVE-2024-42076,0.00067,0.20953
2025-08,2025-08-31,CVE-2024-42082,0.00048,0.14376
2025-08,2025-08-31,CVE-2024-42084,0.00197,0.41846
2025-08,2025-08-31,CVE-2024-42086,0.00197,0.41846
2025-08,2025-08-31,CVE-2024-42089,0.00048,0.14376
2025-08,2025-08-31,CVE-2024-42092,0.00145,0.35385
2025-08,2025-08-31,CVE-2024-42093,0.00048,0.14364
2025-08,2025-08-31,CVE-2024-42094,0.00049,0.14716
2025-08,2025-08-31,CVE-2024-42095,0.00109,0.29884
2025-08,2025-08-31,CVE-2024-42102,0.00077,0.23624
2025-08,2025-08-31,CVE-2024-42106,0.00064,0.2025
2025-08,2025-08-31,CVE-2024-42131,0.00075,0.23119
2025-08,2025-08-31,CVE-2024-42145,0.0007,0.21812
2025-08,2025-08-31,CVE-2024-42148,0.00045,0.12826
2025-08,2025-08-31,CVE-2024-42152,0.0007,0.21812
2025-08,2025-08-31,CVE-2024-42153,0.0005,0.1499
2025-08,2025-08-31,CVE-2024-42154,0.00066,0.20626
2025-08,2025-08-31,CVE-2024-42161,0.00068,0.21278
2025-08,2025-08-31,CVE-2024-42223,0.00064,0.2025
2025-08,2025-08-31,CVE-2024-42229,0.00035,0.0834
2025-08,2025-08-31,CVE-2024-42232,0.00077,0.23624
2025-08,2025-08-31,CVE-2024-42236,0.00064,0.2025
2025-08,2025-08-31,CVE-2024-42244,0.00064,0.2025
2025-08,2025-08-31,CVE-2024-42247,0.00075,0.23099
2025-08,2025-08-31,CVE-2024-43098,0.00029,0.06424
2025-08,2025-08-31,CVE-2024-43861,0.0007,0.21812
2025-08,2025-08-31,CVE-2024-43871,0.0007,0.21812
2025-08,2025-08-31,CVE-2024-43880,0.0021,0.43581
2025-08,2025-08-31,CVE-2024-43882,0.00064,0.20117
2025-08,2025-08-31,CVE-2024-43883,0.0021,0.43581
2025-08,2025-08-31,CVE-2024-43889,0.0007,0.21812
2025-08,2025-08-31,CVE-2024-43890,0.0007,0.21812
2025-08,2025-08-31,CVE-2024-43893,0.0007,0.21812
2025-08,2025-08-31,CVE-2024-44935,0.0007,0.21812
2025-08,2025-08-31,CVE-2024-44944,0.00066,0.20869
2025-08,2025-08-31,CVE-2024-44949,0.00047,0.1403
2025-08,2025-08-31,CVE-2024-44960,0.00064,0.2025
2025-08,2025-08-31,CVE-2024-44971,0.00064,0.2025
2025-08,2025-08-31,CVE-2024-44987,0.00048,0.14461
2025-08,2025-08-31,CVE-2024-44989,0.0007,0.21812
2025-08,2025-08-31,CVE-2024-44990,0.0007,0.21812
2025-08,2025-08-31,CVE-2024-44995,0.00054,0.16838
2025-08,2025-08-31,CVE-2024-44998,0.00048,0.14461
2025-08,2025-08-31,CVE-2024-44999,0.00048,0.14461
2025-08,2025-08-31,CVE-2024-45003,0.00054,0.16838
2025-08,2025-08-31,CVE-2024-45006,0.0007,0.21812
2025-08,2025-08-31,CVE-2024-45008,0.0021,0.43581
2025-08,2025-08-31,CVE-2024-45021,0.00084,0.25325
2025-08,2025-08-31,CVE-2024-45025,0.00069,0.21421
2025-08,2025-08-31,CVE-2024-45490,0.00069,0.21424
2025-08,2025-08-31,CVE-2024-45491,0.00107,0.2955
2025-08,2025-08-31,CVE-2024-45492,0.00276,0.50668
2025-08,2025-08-31,CVE-2024-4603,0.00067,0.21105
2025-08,2025-08-31,CVE-2024-46674,0.00058,0.18335
2025-08,2025-08-31,CVE-2024-46675,0.00084,0.25325
2025-08,2025-08-31,CVE-2024-46676,0.00063,0.19804
2025-08,2025-08-31,CVE-2024-46677,0.00078,0.2381
2025-08,2025-08-31,CVE-2024-46679,0.00069,0.21421
2025-08,2025-08-31,CVE-2024-46685,0.00084,0.25303
2025-08,2025-08-31,CVE-2024-46689,0.00063,0.19804
2025-08,2025-08-31,CVE-2024-46713,0.00084,0.25359
2025-08,2025-08-31,CVE-2024-46719,0.00067,0.20941
2025-08,2025-08-31,CVE-2024-46721,0.00084,0.25325
2025-08,2025-08-31,CVE-2024-46737,0.00069,0.21421
2025-08,2025-08-31,CVE-2024-46738,0.00058,0.18335
2025-08,2025-08-31,CVE-2024-46739,0.00084,0.25325
2025-08,2025-08-31,CVE-2024-46740,0.0005,0.14969
2025-08,2025-08-31,CVE-2024-46743,0.00058,0.18335
2025-08,2025-08-31,CVE-2024-46744,0.00049,0.14728
2025-08,2025-08-31,CVE-2024-46745,0.00193,0.41448
2025-08,2025-08-31,CVE-2024-46750,0.00065,0.20532
2025-08,2025-08-31,CVE-2024-46759,0.00058,0.18335
2025-08,2025-08-31,CVE-2024-46761,0.00084,0.25325
2025-08,2025-08-31,CVE-2024-46763,0.00047,0.13987
2025-08,2025-08-31,CVE-2024-46771,0.00047,0.13987
2025-08,2025-08-31,CVE-2024-46777,0.00036,0.08786
2025-08,2025-08-31,CVE-2024-46782,0.00048,0.14324
2025-08,2025-08-31,CVE-2024-46783,0.00036,0.08786
2025-08,2025-08-31,CVE-2024-46791,0.00037,0.0958
2025-08,2025-08-31,CVE-2024-46798,0.00048,0.14324
2025-08,2025-08-31,CVE-2024-46800,0.00055,0.17094
2025-08,2025-08-31,CVE-2024-46828,0.00036,0.08812
2025-08,2025-08-31,CVE-2024-46829,0.0004,0.10901
2025-08,2025-08-31,CVE-2024-46844,0.00048,0.14324
2025-08,2025-08-31,CVE-2024-47143,0.00029,0.06424
2025-08,2025-08-31,CVE-2024-4741,0.00116,0.31038
2025-08,2025-08-31,CVE-2024-47659,0.00574,0.67734
2025-08,2025-08-31,CVE-2024-47660,0.00037,0.0958
2025-08,2025-08-31,CVE-2024-47663,0.00047,0.13987
2025-08,2025-08-31,CVE-2024-47667,0.00047,0.13987
2025-08,2025-08-31,CVE-2024-47668,0.00037,0.0958
2025-08,2025-08-31,CVE-2024-47679,0.00035,0.08402
2025-08,2025-08-31,CVE-2024-47684,0.00045,0.12958
2025-08,2025-08-31,CVE-2024-47685,0.00824,0.73521
2025-08,2025-08-31,CVE-2024-47696,0.00046,0.13373
2025-08,2025-08-31,CVE-2024-47701,0.00046,0.13373
2025-08,2025-08-31,CVE-2024-47705,0.00057,0.17569
2025-08,2025-08-31,CVE-2024-47706,0.00045,0.12958
2025-08,2025-08-31,CVE-2024-47709,0.00045,0.12958
2025-08,2025-08-31,CVE-2024-47710,0.00047,0.13987
2025-08,2025-08-31,CVE-2024-47735,0.00037,0.0958
2025-08,2025-08-31,CVE-2024-47739,0.00047,0.13987
2025-08,2025-08-31,CVE-2024-47740,0.00326,0.54876
2025-08,2025-08-31,CVE-2024-47742,0.00028,0.06299
2025-08,2025-08-31,CVE-2024-47747,0.00046,0.13373
2025-08,2025-08-31,CVE-2024-47748,0.00048,0.14324
2025-08,2025-08-31,CVE-2024-47749,0.00045,0.12958
2025-08,2025-08-31,CVE-2024-47756,0.00047,0.13987
2025-08,2025-08-31,CVE-2024-48881,0.00028,0.06251
2025-08,2025-08-31,CVE-2024-49851,0.00047,0.13987
2025-08,2025-08-31,CVE-2024-49858,0.00057,0.17569
2025-08,2025-08-31,CVE-2024-49860,0.00046,0.13373
2025-08,2025-08-31,CVE-2024-49878,0.00057,0.17675
2025-08,2025-08-31,CVE-2024-49881,0.00047,0.13987
2025-08,2025-08-31,CVE-2024-49882,0.00046,0.13373
2025-08,2025-08-31,CVE-2024-49883,0.00046,0.13373
2025-08,2025-08-31,CVE-2024-49884,0.00046,0.13373
2025-08,2025-08-31,CVE-2024-49889,0.00048,0.14324
2025-08,2025-08-31,CVE-2024-49924,0.00046,0.13373
2025-08,2025-08-31,CVE-2024-49933,0.00047,0.13987
2025-08,2025-08-31,CVE-2024-49936,0.00048,0.14324
2025-08,2025-08-31,CVE-2024-49944,0.00045,0.12958
2025-08,2025-08-31,CVE-2024-49948,0.00045,0.12958
2025-08,2025-08-31,CVE-2024-49949,0.00041,0.11214
2025-08,2025-08-31,CVE-2024-49952,0.00045,0.12958
2025-08,2025-08-31,CVE-2024-49955,0.00046,0.13475
2025-08,2025-08-31,CVE-2024-49959,0.00045,0.12958
2025-08,2025-08-31,CVE-2024-49962,0.00045,0.12958
2025-08,2025-08-31,CVE-2024-49963,0.0006,0.18935
2025-08,2025-08-31,CVE-2024-49975,0.00045,0.12958
2025-08,2025-08-31,CVE-2024-49977,0.00047,0.13987
2025-08,2025-08-31,CVE-2024-49981,0.00035,0.08638
2025-08,2025-08-31,CVE-2024-49982,0.00046,0.13373
2025-08,2025-08-31,CVE-2024-49983,0.00048,0.14324
2025-08,2025-08-31,CVE-2024-49985,0.00037,0.0958
2025-08,2025-08-31,CVE-2024-49997,0.00439,0.62225
2025-08,2025-08-31,CVE-2024-50001,0.00017,0.02595
2025-08,2025-08-31,CVE-2024-50006,0.00035,0.08402
2025-08,2025-08-31,CVE-2024-50013,0.00047,0.13987
2025-08,2025-08-31,CVE-2024-50015,0.00047,0.13987
2025-08,2025-08-31,CVE-2024-50024,0.00047,0.13987
2025-08,2025-08-31,CVE-2024-50033,0.00048,0.14324
2025-08,2025-08-31,CVE-2024-50035,0.00048,0.14324
2025-08,2025-08-31,CVE-2024-50039,0.00047,0.13987
2025-08,2025-08-31,CVE-2024-50040,0.00047,0.13987
2025-08,2025-08-31,CVE-2024-50045,0.00047,0.13987
2025-08,2025-08-31,CVE-2024-50046,0.00047,0.13987
2025-08,2025-08-31,CVE-2024-50051,0.00039,0.10769
2025-08,2025-08-31,CVE-2024-50059,0.00048,0.14324
2025-08,2025-08-31,CVE-2024-50095,0.00045,0.12918
2025-08,2025-08-31,CVE-2024-50179,0.00043,0.11982
2025-08,2025-08-31,CVE-2024-50180,0.00046,0.13339
2025-08,2025-08-31,CVE-2024-50184,0.00045,0.12918
2025-08,2025-08-31,CVE-2024-50185,0.00045,0.12918
2025-08,2025-08-31,CVE-2024-50188,0.00053,0.1603
2025-08,2025-08-31,CVE-2024-50195,0.00045,0.12918
2025-08,2025-08-31,CVE-2024-50198,0.00045,0.12918
2025-08,2025-08-31,CVE-2024-50201,0.00045,0.12918
2025-08,2025-08-31,CVE-2024-50262,0.00055,0.17233
2025-08,2025-08-31,CVE-2024-50264,0.00048,0.1417
2025-08,2025-08-31,CVE-2024-50267,0.00055,0.17192
2025-08,2025-08-31,CVE-2024-50268,0.00041,0.11527
2025-08,2025-08-31,CVE-2024-50269,0.00055,0.17192
2025-08,2025-08-31,CVE-2024-50278,0.00055,0.17192
2025-08,2025-08-31,CVE-2024-50279,0.00055,0.17192
2025-08,2025-08-31,CVE-2024-50287,0.00079,0.2402
2025-08,2025-08-31,CVE-2024-50290,0.00183,0.40216
2025-08,2025-08-31,CVE-2024-50292,0.0006,0.18748
2025-08,2025-08-31,CVE-2024-50296,0.0008,0.24272
2025-08,2025-08-31,CVE-2024-50299,0.0008,0.24272
2025-08,2025-08-31,CVE-2024-50301,0.0005,0.15019
2025-08,2025-08-31,CVE-2024-50602,0.00068,0.21382
2025-08,2025-08-31,CVE-2024-52504,0.00107,0.29463
2025-08,2025-08-31,CVE-2024-53052,0.00033,0.07646
2025-08,2025-08-31,CVE-2024-53057,0.00055,0.17192
2025-08,2025-08-31,CVE-2024-53061,0.0004,0.11039
2025-08,2025-08-31,CVE-2024-53097,0.00045,0.12864
2025-08,2025-08-31,CVE-2024-53101,0.00045,0.12864
2025-08,2025-08-31,CVE-2024-53103,0.00043,0.12267
2025-08,2025-08-31,CVE-2024-53145,0.00041,0.11456
2025-08,2025-08-31,CVE-2024-53157,0.00036,0.08858
2025-08,2025-08-31,CVE-2024-53158,0.00107,0.29466
2025-08,2025-08-31,CVE-2024-53161,0.00038,0.10125
2025-08,2025-08-31,CVE-2024-53165,0.00036,0.08836
2025-08,2025-08-31,CVE-2024-53171,0.00024,0.04606
2025-08,2025-08-31,CVE-2024-53173,0.00036,0.08836
2025-08,2025-08-31,CVE-2024-53174,0.00029,0.06378
2025-08,2025-08-31,CVE-2024-53194,0.00036,0.08836
2025-08,2025-08-31,CVE-2024-53214,0.00098,0.28011
2025-08,2025-08-31,CVE-2024-53226,0.00037,0.09813
2025-08,2025-08-31,CVE-2024-54678,0.00043,0.11996
2025-08,2025-08-31,CVE-2024-5535,0.04845,0.8912
2025-08,2025-08-31,CVE-2024-56548,0.00035,0.08635
2025-08,2025-08-31,CVE-2024-56567,0.00037,0.09813
2025-08,2025-08-31,CVE-2024-56568,0.00029,0.06424
2025-08,2025-08-31,CVE-2024-56569,0.00037,0.09813
2025-08,2025-08-31,CVE-2024-56572,0.00037,0.09813
2025-08,2025-08-31,CVE-2024-56574,0.00037,0.09813
2025-08,2025-08-31,CVE-2024-56587,0.00037,0.09813
2025-08,2025-08-31,CVE-2024-56600,0.00038,0.1009
2025-08,2025-08-31,CVE-2024-56601,0.00038,0.1009
2025-08,2025-08-31,CVE-2024-56602,0.00038,0.1009
2025-08,2025-08-31,CVE-2024-56603,0.00038,0.1009
2025-08,2025-08-31,CVE-2024-56606,0.00038,0.1009
2025-08,2025-08-31,CVE-2024-56615,0.00043,0.12235
2025-08,2025-08-31,CVE-2024-56634,0.0005,0.14923
2025-08,2025-08-31,CVE-2024-56642,0.00038,0.1009
2025-08,2025-08-31,CVE-2024-56643,0.00037,0.09813
2025-08,2025-08-31,CVE-2024-56648,0.00037,0.09813
2025-08,2025-08-31,CVE-2024-56650,0.00038,0.1009
2025-08,2025-08-31,CVE-2024-56659,0.00037,0.09813
2025-08,2025-08-31,CVE-2024-56661,0.00037,0.09813
2025-08,2025-08-31,CVE-2024-56662,0.00017,0.02618
2025-08,2025-08-31,CVE-2024-56670,0.00037,0.09813
2025-08,2025-08-31,CVE-2024-56688,0.0004,0.11103
2025-08,2025-08-31,CVE-2024-56698,0.0004,0.11103
2025-08,2025-08-31,CVE-2024-56720,0.00037,0.09813
2025-08,2025-08-31,CVE-2024-56723,0.00037,0.09813
2025-08,2025-08-31,CVE-2024-56724,0.0004,0.11103
2025-08,2025-08-31,CVE-2024-56728,0.0004,0.11103
2025-08,2025-08-31,CVE-2024-56739,0.00038,0.10248
2025-08,2025-08-31,CVE-2024-56746,0.00029,0.06486
2025-08,2025-08-31,CVE-2024-56754,0.0004,0.11103
2025-08,2025-08-31,CVE-2024-56756,0.0004,0.11103
2025-08,2025-08-31,CVE-2024-56770,0.00041,0.11472
2025-08,2025-08-31,CVE-2024-56780,0.00037,0.09813
2025-08,2025-08-31,CVE-2024-57951,0.00026,0.05652
2025-08,2025-08-31,CVE-2024-6119,0.00672,0.7045
2025-08,2025-08-31,CVE-2024-6197,0.03371,0.86864
2025-08,2025-08-31,CVE-2024-6232,0.01519,0.80526
2025-08,2025-08-31,CVE-2024-6874,0.00237,0.46664
2025-08,2025-08-31,CVE-2024-7264,0.02574,0.84982
2025-08,2025-08-31,CVE-2024-8176,0.00463,0.63314
2025-08,2025-08-31,CVE-2024-8894,0.00044,0.1261
2025-08,2025-08-31,CVE-2024-9681,0.00512,0.65468
2025-08,2025-08-31,CVE-2025-1501,0.00025,0.05238
2025-08,2025-08-31,CVE-2025-21689,0.00025,0.05027
2025-08,2025-08-31,CVE-2025-21692,0.00021,0.03937
2025-08,2025-08-31,CVE-2025-21694,0.00025,0.05027
2025-08,2025-08-31,CVE-2025-21699,0.00025,0.05027
2025-08,2025-08-31,CVE-2025-23184,0.00318,0.54234
2025-08,2025-08-31,CVE-2025-2521,0.002,0.42272
2025-08,2025-08-31,CVE-2025-2522,0.00039,0.10698
2025-08,2025-08-31,CVE-2025-2523,0.002,0.42272
2025-08,2025-08-31,CVE-2025-29087,0.00058,0.18159
2025-08,2025-08-31,CVE-2025-29088,0.00032,0.07542
2025-08,2025-08-31,CVE-2025-30033,0.00016,0.02367
2025-08,2025-08-31,CVE-2025-30034,0.00013,0.01327
2025-08,2025-08-31,CVE-2025-3277,0.00117,0.31172
2025-08,2025-08-31,CVE-2025-33023,0.00044,0.12679
2025-08,2025-08-31,CVE-2025-3718,,
2025-08,2025-08-31,CVE-2025-3719,,
2025-08,2025-08-31,CVE-2025-3946,0.0021,0.43483
2025-08,2025-08-31,CVE-2025-40570,0.00012,0.01228
2025-08,2025-08-31,CVE-2025-40584,0.00016,0.02358
2025-08,2025-08-31,CVE-2025-40743,0.00023,0.04288
2025-08,2025-08-31,CVE-2025-40746,0.00271,0.5023
2025-08,2025-08-31,CVE-2025-40751,0.00013,0.0137
2025-08,2025-08-31,CVE-2025-40752,6e-05,0.0027
2025-08,2025-08-31,CVE-2025-40753,6e-05,0.0027
2025-08,2025-08-31,CVE-2025-40759,0.00058,0.17989
2025-08,2025-08-31,CVE-2025-40761,0.00029,0.0637
2025-08,2025-08-31,CVE-2025-40762,0.0002,0.03644
2025-08,2025-08-31,CVE-2025-40764,0.00016,0.02367
2025-08,2025-08-31,CVE-2025-40766,0.00014,0.0183
2025-08,2025-08-31,CVE-2025-40767,0.00015,0.01849
2025-08,2025-08-31,CVE-2025-40768,0.00014,0.0165
2025-08,2025-08-31,CVE-2025-40769,0.0002,0.0346
2025-08,2025-08-31,CVE-2025-40770,0.00012,0.01178
2025-08,2025-08-31,CVE-2025-40885,,
2025-08,2025-08-31,CVE-2025-40886,,
2025-08,2025-08-31,CVE-2025-40887,,
2025-08,2025-08-31,CVE-2025-40888,,
2025-08,2025-08-31,CVE-2025-40889,,
2025-08,2025-08-31,CVE-2025-40890,,
2025-08,2025-08-31,CVE-2025-41392,0.00016,0.02367
2025-08,2025-08-31,CVE-2025-41415,0.00034,0.08231
2025-08,2025-08-31,CVE-2025-46269,0.00016,0.02367
2025-08,2025-08-31,CVE-2025-46414,0.00065,0.20454
2025-08,2025-08-31,CVE-2025-47728,0.00017,0.02605
2025-08,2025-08-31,CVE-2025-47809,0.00016,0.02452
2025-08,2025-08-31,CVE-2025-47872,0.00036,0.08891
2025-08,2025-08-31,CVE-2025-5095,0.001,0.28297
2025-08,2025-08-31,CVE-2025-52584,0.00016,0.02367
2025-08,2025-08-31,CVE-2025-52586,5e-05,0.0019
2025-08,2025-08-31,CVE-2025-52916,0.00037,0.09552
2025-08,2025-08-31,CVE-2025-52917,0.00043,0.1212
2025-08,2025-08-31,CVE-2025-52918,0.0004,0.10834
2025-08,2025-08-31,CVE-2025-52919,0.00023,0.04503
2025-08,2025-08-31,CVE-2025-5296,0.00017,0.02499
2025-08,2025-08-31,CVE-2025-53417,0.00269,0.50036
2025-08,2025-08-31,CVE-2025-53418,0.00038,0.10173
2025-08,2025-08-31,CVE-2025-53419,0.0002,0.03622
2025-08,2025-08-31,CVE-2025-53520,0.00019,0.03263
2025-08,2025-08-31,CVE-2025-53695,0.00471,0.63637
2025-08,2025-08-31,CVE-2025-53696,9e-05,0.00661
2025-08,2025-08-31,CVE-2025-53705,0.0002,0.03644
2025-08,2025-08-31,CVE-2025-54460,0.00043,0.12229
2025-08,2025-08-31,CVE-2025-54923,0.00396,0.5959
2025-08,2025-08-31,CVE-2025-54924,0.00067,0.21024
2025-08,2025-08-31,CVE-2025-54925,0.0005,0.14866
2025-08,2025-08-31,CVE-2025-54926,0.0031,0.53558
2025-08,2025-08-31,CVE-2025-54927,0.00058,0.18298
2025-08,2025-08-31,CVE-2025-5514,0.00208,0.43236
2025-08,2025-08-31,CVE-2025-6625,0.00052,0.15832
2025-08,2025-08-31,CVE-2025-7025,0.00025,0.05041
2025-08,2025-08-31,CVE-2025-7032,0.00025,0.05041
2025-08,2025-08-31,CVE-2025-7033,0.00025,0.05041
2025-08,2025-08-31,CVE-2025-7223,0.00069,0.21516
2025-08,2025-08-31,CVE-2025-7224,0.00069,0.21516
2025-08,2025-08-31,CVE-2025-7225,0.00069,0.21516
2025-08,2025-08-31,CVE-2025-7226,0.00069,0.21516
2025-08,2025-08-31,CVE-2025-7227,0.00069,0.21516
2025-08,2025-08-31,CVE-2025-7228,0.00069,0.21516
2025-08,2025-08-31,CVE-2025-7229,0.00069,0.21516
2025-08,2025-08-31,CVE-2025-7230,0.00055,0.17038
2025-08,2025-08-31,CVE-2025-7231,0.00069,0.21516
2025-08,2025-08-31,CVE-2025-7353,0.00344,0.56288
2025-08,2025-08-31,CVE-2025-7376,0.00014,0.01751
2025-08,2025-08-31,CVE-2025-7405,,
2025-08,2025-08-31,CVE-2025-7693,0.001,0.28261
2025-08,2025-08-31,CVE-2025-7719,,
2025-08,2025-08-31,CVE-2025-7731,,
2025-08,2025-08-31,CVE-2025-7768,0.00054,0.16609
2025-08,2025-08-31,CVE-2025-7769,0.0307,0.86217
2025-08,2025-08-31,CVE-2025-7770,0.00056,0.1736
2025-08,2025-08-31,CVE-2025-7773,0.00054,0.16609
2025-08,2025-08-31,CVE-2025-7774,0.00054,0.16609
2025-08,2025-08-31,CVE-2025-7971,0.00032,0.07308
2025-08,2025-08-31,CVE-2025-7972,0.00018,0.02998
2025-08,2025-08-31,CVE-2025-7973,0.00015,0.01908
2025-08,2025-08-31,CVE-2025-8007,,
2025-08,2025-08-31,CVE-2025-8008,,
2025-08,2025-08-31,CVE-2025-8284,0.0008,0.24337
2025-08,2025-08-31,CVE-2025-8393,8e-05,0.00486
2025-08,2025-08-31,CVE-2025-8448,0.00023,0.04443
2025-08,2025-08-31,CVE-2025-8449,0.00025,0.05274
2025-08,2025-08-31,CVE-2025-8453,0.00015,0.02047
2025-08,2025-08-31,CVE-2025-8754,0.00056,0.17461
2025-08,2025-08-31,CVE-2025-9036,0.00019,0.03154
2025-08,2025-08-31,CVE-2025-9041,0.001,0.28261
2025-08,2025-08-31,CVE-2025-9042,0.001,0.28261
2025-09,2025-09-30,CVE-2019-9011,0.00066,0.20773
2025-09,2025-09-30,CVE-2020-12067,0.00059,0.18699
2025-09,2025-09-30,CVE-2020-12069,0.00032,0.08094
2025-09,2025-09-30,CVE-2021-29241,0.00562,0.67425
2025-09,2025-09-30,CVE-2021-33485,0.00543,0.6682
2025-09,2025-09-30,CVE-2023-2953,0.0114,0.77713
2025-09,2025-09-30,CVE-2023-53155,0.00056,0.17451
2025-09,2025-09-30,CVE-2024-28757,0.00638,0.69626
2025-09,2025-09-30,CVE-2024-45490,0.00082,0.25013
2025-09,2025-09-30,CVE-2024-45491,0.00125,0.32583
2025-09,2025-09-30,CVE-2024-45492,0.00263,0.49517
2025-09,2025-09-30,CVE-2024-53429,0.00022,0.04422
2025-09,2025-09-30,CVE-2025-10127,0.0011,0.30119
2025-09,2025-09-30,CVE-2025-10217,,
2025-09,2025-09-30,CVE-2025-10504,0.00012,0.01218
2025-09,2025-09-30,CVE-2025-10538,,
2025-09,2025-09-30,CVE-2025-10659,,
2025-09,2025-09-30,CVE-2025-10879,0.00045,0.13384
2025-09,2025-09-30,CVE-2025-10880,0.0003,0.07342
2025-09,2025-09-30,CVE-2025-12142,,
2025-09,2025-09-30,CVE-2025-12143,,
2025-09,2025-09-30,CVE-2025-30519,0.00054,0.17119
2025-09,2025-09-30,CVE-2025-39201,0.00036,0.0936
2025-09,2025-09-30,CVE-2025-39203,0.00027,0.05854
2025-09,2025-09-30,CVE-2025-39205,0.00021,0.0406
2025-09,2025-09-30,CVE-2025-40594,0.00014,0.01689
2025-09,2025-09-30,CVE-2025-40757,0.00036,0.09521
2025-09,2025-09-30,CVE-2025-40795,0.00154,0.36824
2025-09,2025-09-30,CVE-2025-40796,0.00107,0.29552
2025-09,2025-09-30,CVE-2025-40797,0.00107,0.29552
2025-09,2025-09-30,CVE-2025-40798,0.00107,0.29552
2025-09,2025-09-30,CVE-2025-40802,0.00021,0.04024
2025-09,2025-09-30,CVE-2025-40803,0.00018,0.03313
2025-09,2025-09-30,CVE-2025-40804,0.00045,0.13503
2025-09,2025-09-30,CVE-2025-43715,0.00024,0.05037
2025-09,2025-09-30,CVE-2025-46418,,
2025-09,2025-09-30,CVE-2025-46419,0.00054,0.16814
2025-09,2025-09-30,CVE-2025-47698,0.0001,0.00758
2025-09,2025-09-30,CVE-2025-48976,0.00074,0.23072
2025-09,2025-09-30,CVE-2025-52873,0.00047,0.14378
2025-09,2025-09-30,CVE-2025-53187,0.00076,0.23493
2025-09,2025-09-30,CVE-2025-53947,0.00014,0.01746
2025-09,2025-09-30,CVE-2025-53969,0.00105,0.29272
2025-09,2025-09-30,CVE-2025-54497,0.00047,0.14378
2025-09,2025-09-30,CVE-2025-54754,0.00028,0.06345
2025-09,2025-09-30,CVE-2025-54807,0.0011,0.30119
2025-09,2025-09-30,CVE-2025-54810,0.00017,0.02973
2025-09,2025-09-30,CVE-2025-54811,,
2025-09,2025-09-30,CVE-2025-54818,8e-05,0.00455
2025-09,2025-09-30,CVE-2025-54855,5e-05,0.00241
2025-09,2025-09-30,CVE-2025-54860,0.00016,0.02412
2025-09,2025-09-30,CVE-2025-55038,0.00026,0.05589
2025-09,2025-09-30,CVE-2025-55068,0.0007,0.22105
2025-09,2025-09-30,CVE-2025-55069,0.00041,0.12088
2025-09,2025-09-30,CVE-2025-57704,0.00018,0.0311
2025-09,2025-09-30,CVE-2025-57882,0.00053,0.16746
2025-09,2025-09-30,CVE-2025-58069,0.00037,0.10351
2025-09,2025-09-30,CVE-2025-58320,0.00051,0.1584
2025-09,2025-09-30,CVE-2025-58321,0.00454,0.63005
2025-09,2025-09-30,CVE-2025-58473,0.00072,0.22592
2025-09,2025-09-30,CVE-2025-59484,0.0001,0.00813
2025-09,2025-09-30,CVE-2025-6021,0.00089,0.26347
2025-09,2025-09-30,CVE-2025-6033,,
2025-09,2025-09-30,CVE-2025-6034,,
2025-09,2025-09-30,CVE-2025-7350,0.00426,0.61523
2025-09,2025-09-30,CVE-2025-7677,0.00057,0.17962
2025-09,2025-09-30,CVE-2025-7679,0.00076,0.23493
2025-09,2025-09-30,CVE-2025-7746,0.00062,0.19656
2025-09,2025-09-30,CVE-2025-7970,0.00043,0.12935
2025-09,2025-09-30,CVE-2025-8531,0.00166,0.38267
2025-09,2025-09-30,CVE-2025-9065,0.00051,0.15635
2025-09,2025-09-30,CVE-2025-9160,0.00025,0.05219
2025-09,2025-09-30,CVE-2025-9161,0.00334,0.5566
2025-09,2025-09-30,CVE-2025-9166,0.00058,0.18115
2025-09,2025-09-30,CVE-2025-9364,8e-05,0.00479
2025-09,2025-09-30,CVE-2025-9365,0.00061,0.19325
2025-09,2025-09-30,CVE-2025-9494,0.00558,0.67263
2025-09,2025-09-30,CVE-2025-9495,0.00039,0.11113
2025-09,2025-09-30,CVE-2025-9696,0.00013,0.01393
2025-09,2025-09-30,CVE-2025-9996,0.00179,0.39889
2025-09,2025-09-30,CVE-2025-9997,0.00182,0.40247
2025-10,2025-10-31,CVE-2021-22291,0.00042,0.12391
2025-10,2025-10-31,CVE-2023-35002,0.00423,0.61385
2025-10,2025-10-31,CVE-2024-10085,,
2025-10,2025-10-31,CVE-2025-1036,0.00524,0.66105
2025-10,2025-10-31,CVE-2025-1037,0.0002,0.03987
2025-10,2025-10-31,CVE-2025-1038,0.00043,0.12893
2025-10,2025-10-31,CVE-2025-10653,0.00053,0.16529
2025-10,2025-10-31,CVE-2025-11498,0.00043,0.1276
2025-10,2025-10-31,CVE-2025-11534,0.001,0.28482
2025-10,2025-10-31,CVE-2025-11757,0.00055,0.17399
2025-10,2025-10-31,CVE-2025-12357,,
2025-10,2025-10-31,CVE-2025-20352,0.01211,0.78354
2025-10,2025-10-31,CVE-2025-3448,0.00039,0.11552
2025-10,2025-10-31,CVE-2025-3449,0.0003,0.07406
2025-10,2025-10-31,CVE-2025-3450,0.00047,0.14404
2025-10,2025-10-31,CVE-2025-40755,0.00032,0.08297
2025-10,2025-10-31,CVE-2025-40765,0.00111,0.30299
2025-10,2025-10-31,CVE-2025-40771,0.00111,0.30299
2025-10,2025-10-31,CVE-2025-40772,0.00055,0.17294
2025-10,2025-10-31,CVE-2025-40773,0.00041,0.12224
2025-10,2025-10-31,CVE-2025-40774,0.00016,0.02682
2025-10,2025-10-31,CVE-2025-40809,0.0002,0.04004
2025-10,2025-10-31,CVE-2025-40810,0.0002,0.04004
2025-10,2025-10-31,CVE-2025-40811,0.00016,0.02581
2025-10,2025-10-31,CVE-2025-40812,0.00016,0.02581
2025-10,2025-10-31,CVE-2025-55067,0.0008,0.24466
2025-10,2025-10-31,CVE-2025-5517,0.00044,0.13311
2025-10,2025-10-31,CVE-2025-58078,0.00233,0.46144
2025-10,2025-10-31,CVE-2025-58429,0.00759,0.72549
2025-10,2025-10-31,CVE-2025-58456,0.00085,0.25588
2025-10,2025-10-31,CVE-2025-59297,0.00016,0.02581
2025-10,2025-10-31,CVE-2025-59298,0.00016,0.02581
2025-10,2025-10-31,CVE-2025-59299,0.00016,0.02581
2025-10,2025-10-31,CVE-2025-59300,0.00016,0.02581
2025-10,2025-10-31,CVE-2025-59776,0.00075,0.23228
2025-10,2025-10-31,CVE-2025-60023,0.00075,0.23228
2025-10,2025-10-31,CVE-2025-61934,0.00299,0.52842
2025-10,2025-10-31,CVE-2025-61977,0.00012,0.01296
2025-10,2025-10-31,CVE-2025-62498,0.00037,0.10333
2025-10,2025-10-31,CVE-2025-62579,0.00014,0.01794
2025-10,2025-10-31,CVE-2025-62580,0.00014,0.01794
2025-10,2025-10-31,CVE-2025-62688,0.00012,0.01196
2025-10,2025-10-31,CVE-2025-6554,0.00164,0.38038
2025-10,2025-10-31,CVE-2025-7328,0.00021,0.04132
2025-10,2025-10-31,CVE-2025-7329,3e-05,0.00105
2025-10,2025-10-31,CVE-2025-7330,8e-05,0.00449
2025-10,2025-10-31,CVE-2025-9063,0.00017,0.02993
2025-10,2025-10-31,CVE-2025-9064,0.00144,0.35365
2025-10,2025-10-31,CVE-2025-9066,0.00164,0.37927
2025-10,2025-10-31,CVE-2025-9067,2e-05,0.00053
2025-10,2025-10-31,CVE-2025-9177,0.00055,0.17399
2025-10,2025-10-31,CVE-2025-9178,0.00055,0.17399
2025-10,2025-10-31,CVE-2025-9437,0.00055,0.17399
2025-10,2025-10-31,CVE-2025-9574,0.0008,0.24526
2025-10,2025-10-31,CVE-2025-9970,6e-05,0.00235
2025-11,2025-11-30,CVE-2022-41325,0.00075,0.22671
2025-11,2025-11-30,CVE-2023-30901,0.00141,0.34823
2025-11,2025-11-30,CVE-2023-31238,0.00102,0.2858
2025-11,2025-11-30,CVE-2023-45133,0.00095,0.27014
2025-11,2025-11-30,CVE-2023-46814,0.00107,0.29492
2025-11,2025-11-30,CVE-2023-47359,0.00126,0.32467
2025-11,2025-11-30,CVE-2023-47360,0.00094,0.26646
2025-11,2025-11-30,CVE-2024-0056,0.00394,0.59511
2025-11,2025-11-30,CVE-2024-22019,0.00196,0.41667
2025-11,2025-11-30,CVE-2024-32008,0.00013,0.01474
2025-11,2025-11-30,CVE-2024-32009,0.00011,0.00993
2025-11,2025-11-30,CVE-2024-32010,0.00013,0.01668
2025-11,2025-11-30,CVE-2024-32011,0.00071,0.21822
2025-11,2025-11-30,CVE-2024-32014,0.00014,0.01814
2025-11,2025-11-30,CVE-2024-3871,0.02873,0.85821
2025-11,2025-11-30,CVE-2024-46461,0.0026,0.48979
2025-11,2025-11-30,CVE-2024-48510,0.00713,0.71539
2025-11,2025-11-30,CVE-2024-48842,0.00025,0.05882
2025-11,2025-11-30,CVE-2024-48851,0.00304,0.53123
2025-11,2025-11-30,CVE-2024-8527,0.00018,0.03667
2025-11,2025-11-30,CVE-2024-8528,0.00025,0.05637
2025-11,2025-11-30,CVE-2025-10205,0.0001,0.00724
2025-11,2025-11-30,CVE-2025-10207,0.00087,0.25367
2025-11,2025-11-30,CVE-2025-10259,0.00023,0.05148
2025-11,2025-11-30,CVE-2025-10571,0.00034,0.09139
2025-11,2025-11-30,CVE-2025-11084,0.00019,0.03967
2025-11,2025-11-30,CVE-2025-11085,0.0007,0.21587
2025-11,2025-11-30,CVE-2025-11243,0.00019,0.03903
2025-11,2025-11-30,CVE-2025-11565,0.00016,0.02733
2025-11,2025-11-30,CVE-2025-11566,0.00079,0.23686
2025-11,2025-11-30,CVE-2025-11567,0.00012,0.01253
2025-11,2025-11-30,CVE-2025-11696,0.00019,0.03917
2025-11,2025-11-30,CVE-2025-11697,0.00022,0.04739
2025-11,2025-11-30,CVE-2025-11862,0.00043,0.12812
2025-11,2025-11-30,CVE-2025-11918,4e-05,0.00133
2025-11,2025-11-30,CVE-2025-12056,0.00021,0.04513
2025-11,2025-11-30,CVE-2025-12108,0.00054,0.16664
2025-11,2025-11-30,CVE-2025-12556,0.0008,0.23882
2025-11,2025-11-30,CVE-2025-12636,0.00038,0.1076
2025-11,2025-11-30,CVE-2025-13084,0.00036,0.10039
2025-11,2025-11-30,CVE-2025-13087,0.00255,0.48577
2025-11,2025-11-30,CVE-2025-13483,0.00112,0.3025
2025-11,2025-11-30,CVE-2025-40744,0.00021,0.04695
2025-11,2025-11-30,CVE-2025-40760,0.00016,0.02644
2025-11,2025-11-30,CVE-2025-40763,0.00015,0.02362
2025-11,2025-11-30,CVE-2025-40815,0.00051,0.15822
2025-11,2025-11-30,CVE-2025-40816,0.00053,0.16446
2025-11,2025-11-30,CVE-2025-40817,0.00033,0.08727
2025-11,2025-11-30,CVE-2025-40827,0.00016,0.02803
2025-11,2025-11-30,CVE-2025-41733,0.00111,0.30127
2025-11,2025-11-30,CVE-2025-41734,0.00116,0.30984
2025-11,2025-11-30,CVE-2025-41735,0.00233,0.45915
2025-11,2025-11-30,CVE-2025-41736,0.00322,0.54625
2025-11,2025-11-30,CVE-2025-41737,0.00045,0.13633
2025-11,2025-11-30,CVE-2025-53524,,
2025-11,2025-11-30,CVE-2025-54496,0.00018,0.03761
2025-11,2025-11-30,CVE-2025-54526,0.00018,0.03761
2025-11,2025-11-30,CVE-2025-54863,0.00052,0.15876
2025-11,2025-11-30,CVE-2025-55034,0.00047,0.14205
2025-11,2025-11-30,CVE-2025-58083,0.00091,0.26244
2025-11,2025-11-30,CVE-2025-58317,0.00018,0.03457
2025-11,2025-11-30,CVE-2025-58423,0.00054,0.16666
2025-11,2025-11-30,CVE-2025-59171,0.00097,0.2737
2025-11,2025-11-30,CVE-2025-59780,0.00051,0.1579
2025-11,2025-11-30,CVE-2025-61945,0.00185,0.4041
2025-11,2025-11-30,CVE-2025-61956,0.00099,0.28099
2025-11,2025-11-30,CVE-2025-62630,0.00086,0.25191
2025-11,2025-11-30,CVE-2025-62674,0.00029,0.07183
2025-11,2025-11-30,CVE-2025-62765,0.00017,0.03204
2025-11,2025-11-30,CVE-2025-64126,0.03177,0.86509
2025-11,2025-11-30,CVE-2025-64127,0.03177,0.86509
2025-11,2025-11-30,CVE-2025-64128,0.03177,0.86509
2025-11,2025-11-30,CVE-2025-64129,0.00113,0.30492
2025-11,2025-11-30,CVE-2025-64130,0.00108,0.29559
2025-11,2025-11-30,CVE-2025-64302,0.0003,0.0799
2025-11,2025-11-30,CVE-2025-64307,0.00034,0.09401
2025-11,2025-11-30,CVE-2025-64308,0.00039,0.11437
2025-11,2025-11-30,CVE-2025-64309,0.00075,0.22676
2025-11,2025-11-30,CVE-2025-64770,0.00029,0.07183
2025-11,2025-11-30,CVE-2025-65084,0.00087,0.25442
2025-11,2025-11-30,CVE-2025-65085,0.00056,0.17404
2025-11,2025-11-30,CVE-2025-65086,,
2025-11,2025-11-30,CVE-2025-65087,,
2025-11,2025-11-30,CVE-2025-65088,,
2025-11,2025-11-30,CVE-2025-8386,0.00019,0.0379
2025-11,2025-11-30,CVE-2025-9317,5e-05,0.00227
2025-12,2025-12-31,CVE-2018-12130,0.00405,0.60442
2025-12,2025-12-31,CVE-2022-31807,0.00017,0.0337
2025-12,2025-12-31,CVE-2024-11053,0.00337,0.56028
2025-12,2025-12-31,CVE-2024-3596,0.19012,0.9512
2025-12,2025-12-31,CVE-2024-47875,0.0053,0.66584
2025-12,2025-12-31,CVE-2024-56835,0.00055,0.17433
2025-12,2025-12-31,CVE-2024-56836,0.00055,0.17433
2025-12,2025-12-31,CVE-2024-56837,0.0006,0.1888
2025-12,2025-12-31,CVE-2024-56838,0.00056,0.17768
2025-12,2025-12-31,CVE-2024-56839,0.00098,0.27774
2025-12,2025-12-31,CVE-2024-56840,0.00098,0.27774
2025-12,2025-12-31,CVE-2025-10148,0.0007,0.21655
2025-12,2025-12-31,CVE-2025-10492,0.00331,0.55513
2025-12,2025-12-31,CVE-2025-11009,0.0001,0.0086
2025-12,2025-12-31,CVE-2025-11774,0.00038,0.11421
2025-12,2025-12-31,CVE-2025-13373,0.0004,0.12228
2025-12,2025-12-31,CVE-2025-13510,0.0011,0.30053
2025-12,2025-12-31,CVE-2025-13607,0.00055,0.17494
2025-12,2025-12-31,CVE-2025-13658,0.00102,0.28814
2025-12,2025-12-31,CVE-2025-13823,0.0002,0.04508
2025-12,2025-12-31,CVE-2025-13824,0.00055,0.17585
2025-12,2025-12-31,CVE-2025-13911,0.00021,0.0482
2025-12,2025-12-31,CVE-2025-13932,0.00043,0.13191
2025-12,2025-12-31,CVE-2025-13970,0.00015,0.02503
2025-12,2025-12-31,CVE-2025-14466,0.0012,0.31733
2025-12,2025-12-31,CVE-2025-14848,0.00047,0.14554
2025-12,2025-12-31,CVE-2025-14849,0.00062,0.19542
2025-12,2025-12-31,CVE-2025-14850,0.00283,0.5136
2025-12,2025-12-31,CVE-2025-24857,0.00025,0.06159
2025-12,2025-12-31,CVE-2025-26379,0.00021,0.0484
2025-12,2025-12-31,CVE-2025-26381,0.00064,0.20245
2025-12,2025-12-31,CVE-2025-2783,0.36142,0.96956
2025-12,2025-12-31,CVE-2025-30023,0.01916,0.82867
2025-12,2025-12-31,CVE-2025-30024,0.00026,0.0654
2025-12,2025-12-31,CVE-2025-30025,0.00037,0.10667
2025-12,2025-12-31,CVE-2025-30026,0.00034,0.09785
2025-12,2025-12-31,CVE-2025-3784,0.0001,0.00754
2025-12,2025-12-31,CVE-2025-40800,0.00019,0.04307
2025-12,2025-12-31,CVE-2025-40801,0.00026,0.06792
2025-12,2025-12-31,CVE-2025-40806,0.00038,0.11339
2025-12,2025-12-31,CVE-2025-40807,0.00044,0.13513
2025-12,2025-12-31,CVE-2025-40818,9e-05,0.00657
2025-12,2025-12-31,CVE-2025-40819,0.00031,0.08533
2025-12,2025-12-31,CVE-2025-40820,0.00082,0.24364
2025-12,2025-12-31,CVE-2025-40830,0.00015,0.02101
2025-12,2025-12-31,CVE-2025-40831,0.00053,0.16895
2025-12,2025-12-31,CVE-2025-40935,0.0006,0.191
2025-12,2025-12-31,CVE-2025-40937,0.00083,0.24585
2025-12,2025-12-31,CVE-2025-40938,0.00058,0.18221
2025-12,2025-12-31,CVE-2025-40939,0.00023,0.05648
2025-12,2025-12-31,CVE-2025-40940,0.00039,0.1172
2025-12,2025-12-31,CVE-2025-40941,0.00032,0.08975
2025-12,2025-12-31,CVE-2025-43873,0.00052,0.16537
2025-12,2025-12-31,CVE-2025-43875,0.00052,0.16537
2025-12,2025-12-31,CVE-2025-43876,0.00052,0.16537
2025-12,2025-12-31,CVE-2025-46268,0.00029,0.07818
2025-12,2025-12-31,CVE-2025-53704,0.00035,0.09931
2025-12,2025-12-31,CVE-2025-59287,0.75911,0.98867
2025-12,2025-12-31,CVE-2025-59392,0.00026,0.06519
2025-12,2025-12-31,CVE-2025-61738,0.00023,0.05632
2025-12,2025-12-31,CVE-2025-61739,0.00021,0.0484
2025-12,2025-12-31,CVE-2025-61740,0.00013,0.01654
2025-12,2025-12-31,CVE-2025-64461,0.0002,0.04701
2025-12,2025-12-31,CVE-2025-64462,0.00016,0.02884
2025-12,2025-12-31,CVE-2025-64463,0.00016,0.02884
2025-12,2025-12-31,CVE-2025-64464,0.00016,0.02884
2025-12,2025-12-31,CVE-2025-64465,0.00016,0.02884
2025-12,2025-12-31,CVE-2025-64466,0.00016,0.02884
2025-12,2025-12-31,CVE-2025-64467,0.00016,0.02884
2025-12,2025-12-31,CVE-2025-64468,0.00016,0.02884
2025-12,2025-12-31,CVE-2025-64469,0.00016,0.02884
2025-12,2025-12-31,CVE-2025-66237,0.00015,0.02101
2025-12,2025-12-31,CVE-2025-66238,0.00047,0.14838
2025-12,2025-12-31,CVE-2025-66585,0.00022,0.0503
2025-12,2025-12-31,CVE-2025-66586,0.00022,0.0503
2025-12,2025-12-31,CVE-2025-66588,0.00022,0.0503
2025-12,2025-12-31,CVE-2025-66589,0.00019,0.0417
2025-12,2025-12-31,CVE-2025-66590,0.00022,0.0503
2025-12,2025-12-31,CVE-2025-67653,0.00047,0.14554
2025-12,2025-12-31,CVE-2026-28205,,
2025-12,2025-12-31,CVE-2026-35063,,
2025-12,2025-12-31,CVE-2026-35556,,
2026-01,2026-01-31,CVE-2022-48174,0.00679,0.71073
2026-01,2026-01-31,CVE-2023-39810,0.00092,0.26167
2026-01,2026-01-31,CVE-2023-42364,0.00032,0.08819
2026-01,2026-01-31,CVE-2023-45229,0.00146,0.35218
2026-01,2026-01-31,CVE-2023-45230,0.00334,0.55713
2026-01,2026-01-31,CVE-2023-45231,0.00134,0.33365
2026-01,2026-01-31,CVE-2023-45232,0.00483,0.64669
2026-01,2026-01-31,CVE-2023-45233,0.00483,0.64669
2026-01,2026-01-31,CVE-2023-45234,0.00307,0.53436
2026-01,2026-01-31,CVE-2023-45235,0.00396,0.59879
2026-01,2026-01-31,CVE-2023-45236,0.00376,0.58663
2026-01,2026-01-31,CVE-2023-45237,0.00376,0.58663
2026-01,2026-01-31,CVE-2023-7256,0.00014,0.02121
2026-01,2026-01-31,CVE-2024-10106,0.00134,0.33513
2026-01,2026-01-31,CVE-2024-11053,0.00949,0.7591
2026-01,2026-01-31,CVE-2024-12718,0.0013,0.32836
2026-01,2026-01-31,CVE-2024-3596,0.21333,0.9554
2026-01,2026-01-31,CVE-2024-41996,0.00434,0.62328
2026-01,2026-01-31,CVE-2024-47619,0.00193,0.41222
2026-01,2026-01-31,CVE-2024-52533,0.03174,0.8659
2026-01,2026-01-31,CVE-2024-6197,0.01302,0.79354
2026-01,2026-01-31,CVE-2024-6350,0.00056,0.17623
2026-01,2026-01-31,CVE-2024-6351,0.00059,0.18435
2026-01,2026-01-31,CVE-2024-6352,0.00054,0.17074
2026-01,2026-01-31,CVE-2024-6874,0.0099,0.76445
2026-01,2026-01-31,CVE-2024-7264,0.00924,0.7557
2026-01,2026-01-31,CVE-2024-7322,0.00108,0.29459
2026-01,2026-01-31,CVE-2024-8006,0.00015,0.02166
2026-01,2026-01-31,CVE-2024-8096,0.00559,0.67677
2026-01,2026-01-31,CVE-2024-9681,0.0058,0.68332
2026-01,2026-01-31,CVE-2025-0167,0.00173,0.3888
2026-01,2026-01-31,CVE-2025-0665,0.1193,0.93561
2026-01,2026-01-31,CVE-2025-0725,0.00904,0.75276
2026-01,2026-01-31,CVE-2025-10148,0.00095,0.26684
2026-01,2026-01-31,CVE-2025-11043,0.00017,0.03123
2026-01,2026-01-31,CVE-2025-11044,0.00052,0.16406
2026-01,2026-01-31,CVE-2025-11743,0.00035,0.09989
2026-01,2026-01-31,CVE-2025-12807,0.0006,0.18861
2026-01,2026-01-31,CVE-2025-13844,0.00022,0.04988
2026-01,2026-01-31,CVE-2025-13845,0.00061,0.19095
2026-01,2026-01-31,CVE-2025-1390,0.00041,0.12233
2026-01,2026-01-31,CVE-2025-13905,0.00011,0.01039
2026-01,2026-01-31,CVE-2025-14027,0.00055,0.17374
2026-01,2026-01-31,CVE-2025-14376,0.00017,0.0332
2026-01,2026-01-31,CVE-2025-14377,0.00021,0.04781
2026-01,2026-01-31,CVE-2025-14510,0.0006,0.18826
2026-01,2026-01-31,CVE-2025-14750,0.00047,0.14342
2026-01,2026-01-31,CVE-2025-14751,0.00055,0.17223
2026-01,2026-01-31,CVE-2025-14988,0.00041,0.12252
2026-01,2026-01-31,CVE-2025-25051,0.00013,0.01563
2026-01,2026-01-31,CVE-2025-26385,0.00599,0.68871
2026-01,2026-01-31,CVE-2025-26386,0.00042,0.12677
2026-01,2026-01-31,CVE-2025-27587,0.00046,0.1392
2026-01,2026-01-31,CVE-2025-32433,0.47695,0.97612
2026-01,2026-01-31,CVE-2025-3360,0.00108,0.29419
2026-01,2026-01-31,CVE-2025-38085,0.00024,0.0557
2026-01,2026-01-31,CVE-2025-38350,0.00017,0.03316
2026-01,2026-01-31,CVE-2025-38498,0.00025,0.06135
2026-01,2026-01-31,CVE-2025-39841,0.00022,0.04958
2026-01,2026-01-31,CVE-2025-39864,0.00022,0.04958
2026-01,2026-01-31,CVE-2025-40805,0.00201,0.42203
2026-01,2026-01-31,CVE-2025-40891,0.00035,0.09951
2026-01,2026-01-31,CVE-2025-40892,0.00044,0.13167
2026-01,2026-01-31,CVE-2025-40893,0.00047,0.14504
2026-01,2026-01-31,CVE-2025-40894,,
2026-01,2026-01-31,CVE-2025-40897,,
2026-01,2026-01-31,CVE-2025-40898,0.00078,0.23218
2026-01,2026-01-31,CVE-2025-40899,,
2026-01,2026-01-31,CVE-2025-40900,,
2026-01,2026-01-31,CVE-2025-40901,,
2026-01,2026-01-31,CVE-2025-40902,,
2026-01,2026-01-31,CVE-2025-40903,,
2026-01,2026-01-31,CVE-2025-40904,,
2026-01,2026-01-31,CVE-2025-40942,0.00015,0.0217
2026-01,2026-01-31,CVE-2025-40944,0.00052,0.16406
2026-01,2026-01-31,CVE-2025-4138,0.00122,0.31646
2026-01,2026-01-31,CVE-2025-4330,0.00146,0.3529
2026-01,2026-01-31,CVE-2025-4373,0.00189,0.4077
2026-01,2026-01-31,CVE-2025-4435,0.00079,0.23488
2026-01,2026-01-31,CVE-2025-4516,0.0003,0.08252
2026-01,2026-01-31,CVE-2025-4517,0.00044,0.13462
2026-01,2026-01-31,CVE-2025-4675,0.00025,0.06188
2026-01,2026-01-31,CVE-2025-4676,0.00034,0.09567
2026-01,2026-01-31,CVE-2025-4677,0.00035,0.09785
2026-01,2026-01-31,CVE-2025-46817,0.27211,0.96255
2026-01,2026-01-31,CVE-2025-46818,0.04956,0.89372
2026-01,2026-01-31,CVE-2025-46819,0.0635,0.90741
2026-01,2026-01-31,CVE-2025-49844,0.05982,0.90429
2026-01,2026-01-31,CVE-2025-53968,0.00094,0.26375
2026-01,2026-01-31,CVE-2025-54816,0.00089,0.25486
2026-01,2026-01-31,CVE-2025-55705,0.00056,0.17644
2026-01,2026-01-31,CVE-2025-59375,0.00169,0.38343
2026-01,2026-01-31,CVE-2025-59448,0.0001,0.00894
2026-01,2026-01-31,CVE-2025-59449,0.0004,0.11801
2026-01,2026-01-31,CVE-2025-59451,0.0004,0.11804
2026-01,2026-01-31,CVE-2025-59452,0.00043,0.13093
2026-01,2026-01-31,CVE-2025-6141,0.00018,0.03584
2026-01,2026-01-31,CVE-2025-61937,0.00354,0.57228
2026-01,2026-01-31,CVE-2025-61939,0.00031,0.0829
2026-01,2026-01-31,CVE-2025-61943,0.00019,0.03928
2026-01,2026-01-31,CVE-2025-64305,9e-05,0.00734
2026-01,2026-01-31,CVE-2025-64691,0.0002,0.04363
2026-01,2026-01-31,CVE-2025-64729,0.00011,0.01058
2026-01,2026-01-31,CVE-2025-64769,6e-05,0.00321
2026-01,2026-01-31,CVE-2025-65117,0.00011,0.01062
2026-01,2026-01-31,CVE-2025-65118,0.00013,0.01599
2026-01,2026-01-31,CVE-2025-66620,0.00072,0.22122
2026-01,2026-01-31,CVE-2025-67652,9e-05,0.00782
2026-01,2026-01-31,CVE-2025-7740,5e-05,0.00233
2026-01,2026-01-31,CVE-2025-9086,0.00037,0.10921
2026-01,2026-01-31,CVE-2025-9230,0.00031,0.0853
2026-01,2026-01-31,CVE-2025-9231,0.00019,0.04006
2026-01,2026-01-31,CVE-2025-9232,0.00031,0.08588
2026-01,2026-01-31,CVE-2025-9278,0.00055,0.17374
2026-01,2026-01-31,CVE-2025-9279,0.00092,0.26044
2026-01,2026-01-31,CVE-2025-9280,0.00055,0.17374
2026-01,2026-01-31,CVE-2025-9281,0.00092,0.26044
2026-01,2026-01-31,CVE-2025-9282,0.00092,0.26044
2026-01,2026-01-31,CVE-2025-9283,0.00092,0.26044
2026-01,2026-01-31,CVE-2025-9368,0.0006,0.18929
2026-01,2026-01-31,CVE-2025-9464,0.00055,0.17374
2026-01,2026-01-31,CVE-2025-9465,0.00092,0.26044
2026-01,2026-01-31,CVE-2025-9466,0.00092,0.26044
2026-01,2026-01-31,CVE-2026-0936,0.00012,0.0146
2026-01,2026-01-31,CVE-2026-0975,0.00052,0.16245
2026-01,2026-01-31,CVE-2026-1201,0.00053,0.16667
2026-01,2026-01-31,CVE-2026-1453,0.00071,0.21754
2026-02,2026-02-28,CVE-2019-9011,0.00159,0.36835
2026-02,2026-02-28,CVE-2020-11023,0.36278,0.97017
2026-02,2026-02-28,CVE-2020-12067,0.0014,0.34051
2026-02,2026-02-28,CVE-2020-12069,0.00076,0.22773
2026-02,2026-02-28,CVE-2021-29241,0.00407,0.60689
2026-02,2026-02-28,CVE-2021-33485,0.00394,0.59841
2026-02,2026-02-28,CVE-2022-22508,0.00134,0.33207
2026-02,2026-02-28,CVE-2022-35737,0.51941,0.9785
2026-02,2026-02-28,CVE-2022-4046,0.00762,0.73046
2026-02,2026-02-28,CVE-2022-4048,0.0004,0.12099
2026-02,2026-02-28,CVE-2022-4224,0.00795,0.73662
2026-02,2026-02-28,CVE-2022-47378,0.00514,0.66138
2026-02,2026-02-28,CVE-2022-47379,0.06079,0.90578
2026-02,2026-02-28,CVE-2022-47380,0.0542,0.89968
2026-02,2026-02-28,CVE-2022-47381,0.0542,0.89968
2026-02,2026-02-28,CVE-2022-47382,0.0542,0.89968
2026-02,2026-02-28,CVE-2022-47383,0.0542,0.89968
2026-02,2026-02-28,CVE-2022-47384,0.0542,0.89968
2026-02,2026-02-28,CVE-2022-47385,0.0542,0.89968
2026-02,2026-02-28,CVE-2022-47386,0.0542,0.89968
2026-02,2026-02-28,CVE-2022-47387,0.0542,0.89968
2026-02,2026-02-28,CVE-2022-47388,0.0542,0.89968
2026-02,2026-02-28,CVE-2022-47391,0.00694,0.71563
2026-02,2026-02-28,CVE-2022-47392,0.00395,0.59914
2026-02,2026-02-28,CVE-2022-47393,0.00654,0.70569
2026-02,2026-02-28,CVE-2023-3662,0.0003,0.08413
2026-02,2026-02-28,CVE-2023-3663,0.00665,0.70858
2026-02,2026-02-28,CVE-2023-3669,0.00047,0.14402
2026-02,2026-02-28,CVE-2023-3670,0.00025,0.06639
2026-02,2026-02-28,CVE-2023-37545,0.00081,0.23822
2026-02,2026-02-28,CVE-2023-37546,0.00081,0.23822
2026-02,2026-02-28,CVE-2023-37547,0.00081,0.23822
2026-02,2026-02-28,CVE-2023-37548,0.00081,0.23822
2026-02,2026-02-28,CVE-2023-37549,0.00081,0.23822
2026-02,2026-02-28,CVE-2023-37550,0.00081,0.23822
2026-02,2026-02-28,CVE-2023-37551,0.00084,0.24488
2026-02,2026-02-28,CVE-2023-37552,0.00081,0.23822
2026-02,2026-02-28,CVE-2023-37553,0.00081,0.23822
2026-02,2026-02-28,CVE-2023-37554,0.00081,0.23822
2026-02,2026-02-28,CVE-2023-37555,0.00081,0.23822
2026-02,2026-02-28,CVE-2023-37556,0.00081,0.23822
2026-02,2026-02-28,CVE-2023-37557,0.00052,0.16206
2026-02,2026-02-28,CVE-2023-37558,0.00081,0.23822
2026-02,2026-02-28,CVE-2023-37559,0.00081,0.23822
2026-02,2026-02-28,CVE-2023-38545,0.26747,0.96234
2026-02,2026-02-28,CVE-2023-3935,0.00413,0.61095
2026-02,2026-02-28,CVE-2023-49675,0.00071,0.21729
2026-02,2026-02-28,CVE-2023-49676,0.00061,0.19083
2026-02,2026-02-28,CVE-2023-7104,0.00129,0.32387
2026-02,2026-02-28,CVE-2024-41975,0.001,0.27799
2026-02,2026-02-28,CVE-2024-5000,0.00808,0.73907
2026-02,2026-02-28,CVE-2024-8175,0.01159,0.78305
2026-02,2026-02-28,CVE-2024-8176,0.00417,0.61326
2026-02,2026-02-28,CVE-2025-0694,0.001,0.27803
2026-02,2026-02-28,CVE-2025-0836,0.00051,0.15651
2026-02,2026-02-28,CVE-2025-10314,6e-05,0.00367
2026-02,2026-02-28,CVE-2025-10492,0.0038,0.59012
2026-02,2026-02-28,CVE-2025-10681,,
2026-02,2026-02-28,CVE-2025-1242,0.00028,0.07759
2026-02,2026-02-28,CVE-2025-1468,0.00112,0.29837
2026-02,2026-02-28,CVE-2025-15080,0.00021,0.05431
2026-02,2026-02-28,CVE-2025-15577,0.00043,0.13119
2026-02,2026-02-28,CVE-2025-1924,0.00011,0.01246
2026-02,2026-02-28,CVE-2025-2595,0.00155,0.36183
2026-02,2026-02-28,CVE-2025-29628,0.00015,0.0271
2026-02,2026-02-28,CVE-2025-29629,0.00027,0.07372
2026-02,2026-02-28,CVE-2025-29631,0.00306,0.53394
2026-02,2026-02-28,CVE-2025-3277,0.00744,0.72709
2026-02,2026-02-28,CVE-2025-34183,0.00264,0.49632
2026-02,2026-02-28,CVE-2025-34184,0.01833,0.82652
2026-02,2026-02-28,CVE-2025-34185,0.00245,0.47514
2026-02,2026-02-28,CVE-2025-34186,0.01669,0.81836
2026-02,2026-02-28,CVE-2025-34187,0.00809,0.73914
2026-02,2026-02-28,CVE-2025-34512,0.0017,0.38148
2026-02,2026-02-28,CVE-2025-34513,0.14506,0.94306
2026-02,2026-02-28,CVE-2025-34517,0.00087,0.24944
2026-02,2026-02-28,CVE-2025-34518,0.00087,0.24944
2026-02,2026-02-28,CVE-2025-40587,0.00016,0.03373
2026-02,2026-02-28,CVE-2025-40936,0.00011,0.01326
2026-02,2026-02-28,CVE-2025-41658,0.00016,0.03405
2026-02,2026-02-28,CVE-2025-41659,0.00042,0.12561
2026-02,2026-02-28,CVE-2025-41691,0.00121,0.31208
2026-02,2026-02-28,CVE-2025-48019,0.00011,0.01254
2026-02,2026-02-28,CVE-2025-48020,0.00011,0.01254
2026-02,2026-02-28,CVE-2025-48021,0.00011,0.01254
2026-02,2026-02-28,CVE-2025-48022,0.00011,0.01254
2026-02,2026-02-28,CVE-2025-48023,0.00011,0.01254
2026-02,2026-02-28,CVE-2025-59375,0.00051,0.15664
2026-02,2026-02-28,CVE-2025-66594,0.00055,0.17259
2026-02,2026-02-28,CVE-2025-66595,0.00025,0.06601
2026-02,2026-02-28,CVE-2025-66597,0.00023,0.06012
2026-02,2026-02-28,CVE-2025-66598,0.0002,0.04933
2026-02,2026-02-28,CVE-2025-66599,0.00055,0.17259
2026-02,2026-02-28,CVE-2025-66600,0.00058,0.17913
2026-02,2026-02-28,CVE-2025-66601,0.00058,0.17913
2026-02,2026-02-28,CVE-2025-66602,0.00054,0.16727
2026-02,2026-02-28,CVE-2025-66603,0.00058,0.17913
2026-02,2026-02-28,CVE-2025-66604,0.00023,0.06012
2026-02,2026-02-28,CVE-2025-66605,0.00055,0.17259
2026-02,2026-02-28,CVE-2025-66606,0.00062,0.19241
2026-02,2026-02-28,CVE-2025-66607,0.00058,0.17913
2026-02,2026-02-28,CVE-2025-66608,0.0008,0.23501
2026-02,2026-02-28,CVE-2025-6965,0.00072,0.21927
2026-02,2026-02-28,CVE-2026-0629,0.0002,0.04921
2026-02,2026-02-28,CVE-2026-0667,,
2026-02,2026-02-28,CVE-2026-1226,0.00026,0.06903
2026-02,2026-02-28,CVE-2026-1227,0.00021,0.05388
2026-02,2026-02-28,CVE-2026-1241,0.00073,0.22002
2026-02,2026-02-28,CVE-2026-1301,0.0005,0.15392
2026-02,2026-02-28,CVE-2026-1341,0.0002,0.05009
2026-02,2026-02-28,CVE-2026-1358,0.00154,0.36085
2026-02,2026-02-28,CVE-2026-1361,0.00012,0.01813
2026-02,2026-02-28,CVE-2026-1495,0.00016,0.03582
2026-02,2026-02-28,CVE-2026-1507,0.00072,0.21805
2026-02,2026-02-28,CVE-2026-1632,0.00157,0.36518
2026-02,2026-02-28,CVE-2026-1633,0.00061,0.18979
2026-02,2026-02-28,CVE-2026-1670,0.00052,0.15952
2026-02,2026-02-28,CVE-2026-1762,0.00031,0.08716
2026-02,2026-02-28,CVE-2026-1763,0.00026,0.06901
2026-02,2026-02-28,CVE-2026-1772,0.00029,0.082
2026-02,2026-02-28,CVE-2026-1773,0.00055,0.17201
2026-02,2026-02-28,CVE-2026-20733,0.00043,0.1304
2026-02,2026-02-28,CVE-2026-20742,0.00197,0.41546
2026-02,2026-02-28,CVE-2026-20761,0.00334,0.55754
2026-02,2026-02-28,CVE-2026-20764,0.00107,0.28917
2026-02,2026-02-28,CVE-2026-20781,0.00132,0.32885
2026-02,2026-02-28,CVE-2026-20791,0.00043,0.1304
2026-02,2026-02-28,CVE-2026-20792,0.00057,0.17777
2026-02,2026-02-28,CVE-2026-20797,0.00055,0.17125
2026-02,2026-02-28,CVE-2026-20895,0.00036,0.10358
2026-02,2026-02-28,CVE-2026-20902,0.00197,0.41546
2026-02,2026-02-28,CVE-2026-20910,0.00197,0.41546
2026-02,2026-02-28,CVE-2026-21389,0.00197,0.41546
2026-02,2026-02-28,CVE-2026-21410,0.00384,0.59223
2026-02,2026-02-28,CVE-2026-21654,0.00355,0.57376
2026-02,2026-02-28,CVE-2026-21656,0.00079,0.23295
2026-02,2026-02-28,CVE-2026-21657,0.00079,0.23295
2026-02,2026-02-28,CVE-2026-21658,0.00591,0.68838
2026-02,2026-02-28,CVE-2026-21659,0.00517,0.66285
2026-02,2026-02-28,CVE-2026-21660,0.00017,0.03632
2026-02,2026-02-28,CVE-2026-21718,0.00068,0.20945
2026-02,2026-02-28,CVE-2026-22877,0.00091,0.25602
2026-02,2026-02-28,CVE-2026-22878,0.00057,0.17756
2026-02,2026-02-28,CVE-2026-22885,0.00052,0.16069
2026-02,2026-02-28,CVE-2026-22890,0.00043,0.1304
2026-02,2026-02-28,CVE-2026-22923,6e-05,0.00348
2026-02,2026-02-28,CVE-2026-23702,0.00107,0.28917
2026-02,2026-02-28,CVE-2026-23715,7e-05,0.00415
2026-02,2026-02-28,CVE-2026-23716,5e-05,0.00252
2026-02,2026-02-28,CVE-2026-23717,5e-05,0.00252
2026-02,2026-02-28,CVE-2026-23718,5e-05,0.00252
2026-02,2026-02-28,CVE-2026-23719,5e-05,0.00252
2026-02,2026-02-28,CVE-2026-23720,5e-05,0.00252
2026-02,2026-02-28,CVE-2026-24445,0.00057,0.17777
2026-02,2026-02-28,CVE-2026-24452,0.00107,0.28917
2026-02,2026-02-28,CVE-2026-24455,0.00022,0.05473
2026-02,2026-02-28,CVE-2026-24517,0.00222,0.44548
2026-02,2026-02-28,CVE-2026-2459,0.00027,0.07372
2026-02,2026-02-28,CVE-2026-2460,0.0003,0.08283
2026-02,2026-02-28,CVE-2026-24663,0.01355,0.7987
2026-02,2026-02-28,CVE-2026-24689,0.00222,0.44548
2026-02,2026-02-28,CVE-2026-24695,0.00222,0.44548
2026-02,2026-02-28,CVE-2026-24731,0.00132,0.32885
2026-02,2026-02-28,CVE-2026-24789,0.0008,0.23643
2026-02,2026-02-28,CVE-2026-24790,0.00073,0.22055
2026-02,2026-02-28,CVE-2026-25037,0.00107,0.28917
2026-02,2026-02-28,CVE-2026-25084,0.00088,0.25151
2026-02,2026-02-28,CVE-2026-25085,0.00066,0.20253
2026-02,2026-02-28,CVE-2026-25105,0.00107,0.28917
2026-02,2026-02-28,CVE-2026-25109,0.00222,0.44548
2026-02,2026-02-28,CVE-2026-25111,0.00222,0.44548
2026-02,2026-02-28,CVE-2026-25113,0.00057,0.17777
2026-02,2026-02-28,CVE-2026-25114,0.00057,0.17777
2026-02,2026-02-28,CVE-2026-25195,0.00222,0.44548
2026-02,2026-02-28,CVE-2026-25196,0.00107,0.28917
2026-02,2026-02-28,CVE-2026-25197,,
2026-02,2026-02-28,CVE-2026-25655,7e-05,0.0043
2026-02,2026-02-28,CVE-2026-25656,7e-05,0.0043
2026-02,2026-02-28,CVE-2026-25711,0.00036,0.10358
2026-02,2026-02-28,CVE-2026-25715,0.00069,0.21035
2026-02,2026-02-28,CVE-2026-25721,0.00107,0.28917
2026-02,2026-02-28,CVE-2026-25774,0.00043,0.1304
2026-02,2026-02-28,CVE-2026-25778,0.00036,0.10358
2026-02,2026-02-28,CVE-2026-25851,0.00132,0.32885
2026-02,2026-02-28,CVE-2026-25945,0.00057,0.17777
2026-02,2026-02-28,CVE-2026-26048,0.00029,0.08142
2026-02,2026-02-28,CVE-2026-26049,0.00029,0.07868
2026-02,2026-02-28,CVE-2026-26290,0.00036,0.10358
2026-02,2026-02-28,CVE-2026-26305,0.00076,0.22752
2026-02,2026-02-28,CVE-2026-27028,0.00177,0.39074
2026-02,2026-02-28,CVE-2026-27647,0.00036,0.10358
2026-02,2026-02-28,CVE-2026-27652,0.00036,0.10358
2026-02,2026-02-28,CVE-2026-27767,0.00132,0.32885
2026-02,2026-02-28,CVE-2026-27772,0.00132,0.32885
2026-02,2026-02-28,CVE-2026-27773,0.00043,0.1304
2026-02,2026-02-28,CVE-2026-28766,,
2026-02,2026-02-28,CVE-2026-28767,,
2026-02,2026-02-28,CVE-2026-3037,0.00107,0.28917
2026-02,2026-02-28,CVE-2026-32646,,
2026-02,2026-02-28,CVE-2026-32662,,
2026-03,2026-03-31,CVE-2024-29857,0.00191,0.40899
2026-03,2026-03-31,CVE-2024-30171,0.00105,0.28585
2026-03,2026-03-31,CVE-2024-30172,0.00077,0.22947
2026-03,2026-03-31,CVE-2024-41996,0.0045,0.63528
2026-03,2026-03-31,CVE-2025-11126,0.0018,0.39441
2026-03,2026-03-31,CVE-2025-11739,0.00074,0.22193
2026-03,2026-03-31,CVE-2025-11851,0.00026,0.06934
2026-03,2026-03-31,CVE-2025-11852,0.0004,0.1217
2026-03,2026-03-31,CVE-2025-12816,0.00077,0.22896
2026-03,2026-03-31,CVE-2025-13777,0.00034,0.09753
2026-03,2026-03-31,CVE-2025-13778,0.00029,0.08325
2026-03,2026-03-31,CVE-2025-13779,0.00031,0.0874
2026-03,2026-03-31,CVE-2025-13901,0.00067,0.20775
2026-03,2026-03-31,CVE-2025-13902,0.00052,0.16248
2026-03,2026-03-31,CVE-2025-13913,0.00019,0.04951
2026-03,2026-03-31,CVE-2025-13957,0.00445,0.6331
2026-03,2026-03-31,CVE-2025-15284,0.00061,0.19163
2026-03,2026-03-31,CVE-2025-15467,0.00819,0.74308
2026-03,2026-03-31,CVE-2025-2399,0.00069,0.21229
2026-03,2026-03-31,CVE-2025-27769,0.00019,0.04753
2026-03,2026-03-31,CVE-2025-40943,0.00045,0.13698
2026-03,2026-03-31,CVE-2025-53847,,
2026-03,2026-03-31,CVE-2025-55018,0.00077,0.22824
2026-03,2026-03-31,CVE-2025-57176,0.00421,0.61863
2026-03,2026-03-31,CVE-2025-58751,0.01421,0.8052
2026-03,2026-03-31,CVE-2025-58752,0.00016,0.03639
2026-03,2026-03-31,CVE-2025-58754,0.00113,0.29841
2026-03,2026-03-31,CVE-2025-61624,,
2026-03,2026-03-31,CVE-2025-62439,0.0002,0.05105
2026-03,2026-03-31,CVE-2025-62522,0.01106,0.78027
2026-03,2026-03-31,CVE-2025-64157,0.00018,0.04615
2026-03,2026-03-31,CVE-2025-64718,0.00022,0.05761
2026-03,2026-03-31,CVE-2025-64756,0.00044,0.13427
2026-03,2026-03-31,CVE-2025-66030,0.00046,0.1423
2026-03,2026-03-31,CVE-2025-66031,0.00135,0.33212
2026-03,2026-03-31,CVE-2025-66035,0.00098,0.26979
2026-03,2026-03-31,CVE-2025-66412,0.00039,0.11552
2026-03,2026-03-31,CVE-2025-67034,0.00045,0.13749
2026-03,2026-03-31,CVE-2025-67035,0.00053,0.16636
2026-03,2026-03-31,CVE-2025-67036,0.00045,0.13749
2026-03,2026-03-31,CVE-2025-67037,0.00045,0.13749
2026-03,2026-03-31,CVE-2025-67038,0.00069,0.212
2026-03,2026-03-31,CVE-2025-67039,0.00062,0.19427
2026-03,2026-03-31,CVE-2025-67041,0.00052,0.16064
2026-03,2026-03-31,CVE-2025-69277,7e-05,0.00635
2026-03,2026-03-31,CVE-2025-6965,0.0015,0.35472
2026-03,2026-03-31,CVE-2025-70082,0.00078,0.23142
2026-03,2026-03-31,CVE-2025-70614,0.00032,0.0903
2026-03,2026-03-31,CVE-2025-7783,0.00076,0.2278
2026-03,2026-03-31,CVE-2025-9230,0.00034,0.09982
2026-03,2026-03-31,CVE-2025-9232,0.00036,0.1045
2026-03,2026-03-31,CVE-2025-9670,0.00058,0.18149
2026-03,2026-03-31,CVE-2026-1286,0.00292,0.5244
2026-03,2026-03-31,CVE-2026-1579,,
2026-03,2026-03-31,CVE-2026-1775,0.00019,0.04897
2026-03,2026-03-31,CVE-2026-1874,0.00183,0.39948
2026-03,2026-03-31,CVE-2026-1875,0.00183,0.39948
2026-03,2026-03-31,CVE-2026-1876,0.00183,0.39948
2026-03,2026-03-31,CVE-2026-20748,0.00047,0.14603
2026-03,2026-03-31,CVE-2026-20882,0.0009,0.25529
2026-03,2026-03-31,CVE-2026-22552,0.00155,0.36183
2026-03,2026-03-31,CVE-2026-22610,0.00016,0.03615
2026-03,2026-03-31,CVE-2026-2273,0.00026,0.06994
2026-03,2026-03-31,CVE-2026-24060,0.00016,0.03453
2026-03,2026-03-31,CVE-2026-2417,0.0012,0.30998
2026-03,2026-03-31,CVE-2026-24696,0.00084,0.24563
2026-03,2026-03-31,CVE-2026-24858,0.01784,0.82651
2026-03,2026-03-31,CVE-2026-24912,0.00047,0.14439
2026-03,2026-03-31,CVE-2026-25086,0.0002,0.05171
2026-03,2026-03-31,CVE-2026-25192,0.00157,0.36436
2026-03,2026-03-31,CVE-2026-25569,0.00014,0.02572
2026-03,2026-03-31,CVE-2026-25570,0.00014,0.02572
2026-03,2026-03-31,CVE-2026-25571,0.00014,0.02646
2026-03,2026-03-31,CVE-2026-25572,0.00014,0.02646
2026-03,2026-03-31,CVE-2026-25573,0.00023,0.05957
2026-03,2026-03-31,CVE-2026-25605,0.00015,0.03241
2026-03,2026-03-31,CVE-2026-26051,0.00208,0.4315
2026-03,2026-03-31,CVE-2026-26288,0.00155,0.36125
2026-03,2026-03-31,CVE-2026-27027,0.0006,0.18852
2026-03,2026-03-31,CVE-2026-27649,0.00047,0.14439
2026-03,2026-03-31,CVE-2026-27663,0.00016,0.03354
2026-03,2026-03-31,CVE-2026-27664,0.00038,0.11497
2026-03,2026-03-31,CVE-2026-27764,0.00047,0.14439
2026-03,2026-03-31,CVE-2026-27770,0.00067,0.20777
2026-03,2026-03-31,CVE-2026-27777,0.00067,0.20777
2026-03,2026-03-31,CVE-2026-27778,0.0009,0.25529
2026-03,2026-03-31,CVE-2026-28204,0.00051,0.15902
2026-03,2026-03-31,CVE-2026-28252,0.00035,0.10137
2026-03,2026-03-31,CVE-2026-28253,0.00064,0.1977
2026-03,2026-03-31,CVE-2026-28254,0.00039,0.11608
2026-03,2026-03-31,CVE-2026-28255,0.00045,0.13721
2026-03,2026-03-31,CVE-2026-28256,0.00048,0.14851
2026-03,2026-03-31,CVE-2026-29796,0.00117,0.30495
2026-03,2026-03-31,CVE-2026-3094,0.00016,0.03661
2026-03,2026-03-31,CVE-2026-31904,0.00091,0.25717
2026-03,2026-03-31,CVE-2026-3356,,
2026-03,2026-03-31,CVE-2026-3437,0.00016,0.03535
2026-03,2026-03-31,CVE-2026-3587,0.00119,0.30802
2026-03,2026-03-31,CVE-2026-3611,0.00212,0.43686
2026-03,2026-03-31,CVE-2026-4681,0.00497,0.6575
2026-04,2026-04-30,CVE-2020-26146,0.00567,0.68577
2026-04,2026-04-30,CVE-2021-3712,0.00523,0.66969
2026-04,2026-04-30,CVE-2022-0778,0.05863,0.9059
2026-04,2026-04-30,CVE-2022-31765,0.00504,0.66185
2026-04,2026-04-30,CVE-2022-36323,0.00542,0.67769
2026-04,2026-04-30,CVE-2022-36324,0.01536,0.8142
2026-04,2026-04-30,CVE-2022-36325,0.00434,0.6291
2026-04,2026-04-30,CVE-2023-39417,0.00677,0.71586
2026-04,2026-04-30,CVE-2024-0985,0.00774,0.73683
2026-04,2026-04-30,CVE-2024-24487,0.00653,0.70994
2026-04,2026-04-30,CVE-2024-3596,0.16876,0.9498
2026-04,2026-04-30,CVE-2024-7348,0.00764,0.73508
2026-04,2026-04-30,CVE-2025-10371,0.00061,0.18919
2026-04,2026-04-30,CVE-2025-13926,0.00093,0.25811
2026-04,2026-04-30,CVE-2025-14815,0.00013,0.02287
2026-04,2026-04-30,CVE-2025-14816,0.00013,0.02287
2026-04,2026-04-30,CVE-2025-2884,0.00072,0.21609
2026-04,2026-04-30,CVE-2025-3756,0.00025,0.06834
2026-04,2026-04-30,CVE-2025-40745,0.00022,0.06221
2026-04,2026-04-30,CVE-2025-5873,0.00173,0.38385
2026-04,2026-04-30,CVE-2025-65856,0.00633,0.70458
2026-04,2026-04-30,CVE-2025-6965,0.01018,0.77292
2026-04,2026-04-30,CVE-2025-70994,0.00033,0.09639
2026-04,2026-04-30,CVE-2025-7741,0.00021,0.0589
2026-04,2026-04-30,CVE-2026-1354,0.00022,0.06157
2026-04,2026-04-30,CVE-2026-20766,0.00037,0.10874
2026-04,2026-04-30,CVE-2026-2399,0.00024,0.06493
2026-04,2026-04-30,CVE-2026-2400,0.0005,0.15348
2026-04,2026-04-30,CVE-2026-2401,0.00013,0.01988
2026-04,2026-04-30,CVE-2026-2402,0.00058,0.1788
2026-04,2026-04-30,CVE-2026-2403,0.00051,0.15845
2026-04,2026-04-30,CVE-2026-24032,0.00048,0.14866
2026-04,2026-04-30,CVE-2026-2404,0.00053,0.16565
2026-04,2026-04-30,CVE-2026-2405,0.00047,0.14195
2026-04,2026-04-30,CVE-2026-25654,0.0005,0.15349
2026-04,2026-04-30,CVE-2026-25720,0.00041,0.12246
2026-04,2026-04-30,CVE-2026-25775,0.0008,0.23449
2026-04,2026-04-30,CVE-2026-27668,0.00044,0.13194
2026-04,2026-04-30,CVE-2026-27841,0.00013,0.02312
2026-04,2026-04-30,CVE-2026-27843,0.00077,0.22719
2026-04,2026-04-30,CVE-2026-28747,0.00015,0.02967
2026-04,2026-04-30,CVE-2026-31927,0.00053,0.16545
2026-04,2026-04-30,CVE-2026-32324,9e-05,0.00866
2026-04,2026-04-30,CVE-2026-32644,0.00022,0.06224
2026-04,2026-04-30,CVE-2026-32648,0.00037,0.10797
2026-04,2026-04-30,CVE-2026-32649,0.00078,0.23062
2026-04,2026-04-30,CVE-2026-32650,0.00028,0.08019
2026-04,2026-04-30,CVE-2026-32955,0.00048,0.1476
2026-04,2026-04-30,CVE-2026-32956,0.00057,0.17658
2026-04,2026-04-30,CVE-2026-32957,0.00062,0.19165
2026-04,2026-04-30,CVE-2026-32958,0.0003,0.08645
2026-04,2026-04-30,CVE-2026-32959,0.00014,0.02786
2026-04,2026-04-30,CVE-2026-32960,0.00017,0.04478
2026-04,2026-04-30,CVE-2026-32961,0.00027,0.07536
2026-04,2026-04-30,CVE-2026-32962,0.00062,0.19165
2026-04,2026-04-30,CVE-2026-32963,0.00032,0.09194
2026-04,2026-04-30,CVE-2026-32964,0.00056,0.17313
2026-04,2026-04-30,CVE-2026-32965,0.00038,0.11162
2026-04,2026-04-30,CVE-2026-33093,0.00037,0.10797
2026-04,2026-04-30,CVE-2026-33569,0.00013,0.02155
2026-04,2026-04-30,CVE-2026-33892,0.00099,0.26869
2026-04,2026-04-30,CVE-2026-35061,0.00056,0.17346
2026-04,2026-04-30,CVE-2026-35064,0.00057,0.17578
2026-04,2026-04-30,CVE-2026-35503,0.00069,0.21024
2026-04,2026-04-30,CVE-2026-35546,0.00078,0.22918
2026-04,2026-04-30,CVE-2026-35682,0.00271,0.50497
2026-04,2026-04-30,CVE-2026-3893,0.00063,0.19295
2026-04,2026-04-30,CVE-2026-39462,0.00046,0.14084
2026-04,2026-04-30,CVE-2026-40066,0.00028,0.07794
2026-04,2026-04-30,CVE-2026-40431,0.00024,0.0652
2026-04,2026-04-30,CVE-2026-40434,0.00023,0.06486
2026-04,2026-04-30,CVE-2026-40461,0.00035,0.10157
2026-04,2026-04-30,CVE-2026-40620,0.00076,0.22508
2026-04,2026-04-30,CVE-2026-40623,0.00035,0.10112
2026-04,2026-04-30,CVE-2026-40630,0.00104,0.28067
2026-04,2026-04-30,CVE-2026-4436,0.00063,0.19522
2026-04,2026-04-30,CVE-2026-4832,0.00078,0.23032
2026-04,2026-04-30,CVE-2026-5387,0.00054,0.16729
2026-04,2026-04-30,CVE-2026-5726,8e-05,0.00734
2026-04,2026-04-30,CVE-2026-6074,0.002,0.41923
2026-04,2026-04-30,CVE-2026-6284,0.00014,0.0286
2026-04,2026-04-30,CVE-2026-6375,0.00066,0.20121
2026-04,2026-04-30,CVE-2026-6376,0.00072,0.2173
2026-04,2026-04-30,CVE-2026-6807,5e-05,0.00256
2026-05,2026-05-31,CVE-2022-2347,0.00035,0.10645
2026-05,2026-05-31,CVE-2023-27043,0.00161,0.36682
2026-05,2026-05-31,CVE-2023-3019,0.00014,0.02635
2026-05,2026-05-31,CVE-2024-22365,0.00088,0.25117
2026-05,2026-05-31,CVE-2024-3447,0.00015,0.03626
2026-05,2026-05-31,CVE-2024-4367,0.38342,0.97309
2026-05,2026-05-31,CVE-2024-47704,0.00023,0.06745
2026-05,2026-05-31,CVE-2024-54017,0.00038,0.11667
2026-05,2026-05-31,CVE-2024-57256,0.00063,0.19848
2026-05,2026-05-31,CVE-2024-57258,0.00043,0.1333
2026-05,2026-05-31,CVE-2024-8176,0.00803,0.74406
2026-05,2026-05-31,CVE-2025-0395,0.00073,0.22235
2026-05,2026-05-31,CVE-2025-11482,0.00091,0.25724
2026-05,2026-05-31,CVE-2025-12659,0.00022,0.06413
2026-05,2026-05-31,CVE-2025-14831,0.00059,0.18563
2026-05,2026-05-31,CVE-2025-22871,0.00302,0.53744
2026-05,2026-05-31,CVE-2025-31257,0.00807,0.74477
2026-05,2026-05-31,CVE-2025-3576,0.0026,0.49478
2026-05,2026-05-31,CVE-2025-38724,0.00028,0.08565
2026-05,2026-05-31,CVE-2025-39682,0.00011,0.01568
2026-05,2026-05-31,CVE-2025-39697,0.00017,0.04242
2026-05,2026-05-31,CVE-2025-39757,0.00022,0.06456
2026-05,2026-05-31,CVE-2025-39760,0.00026,0.07955
2026-05,2026-05-31,CVE-2025-39766,0.00023,0.06744
2026-05,2026-05-31,CVE-2025-39806,0.00019,0.05699
2026-05,2026-05-31,CVE-2025-39817,0.00018,0.04864
2026-05,2026-05-31,CVE-2025-39825,0.00015,0.03232
2026-05,2026-05-31,CVE-2025-39841,0.00018,0.04864
2026-05,2026-05-31,CVE-2025-39849,0.00023,0.06786
2026-05,2026-05-31,CVE-2025-39864,0.00018,0.04864
2026-05,2026-05-31,CVE-2025-40300,0.00035,0.10669
2026-05,2026-05-31,CVE-2025-40833,0.00052,0.16715
2026-05,2026-05-31,CVE-2025-40936,7e-05,0.0064
2026-05,2026-05-31,CVE-2025-40946,0.00021,0.06079
2026-05,2026-05-31,CVE-2025-40947,0.00256,0.49141
2026-05,2026-05-31,CVE-2025-40948,0.00049,0.15683
2026-05,2026-05-31,CVE-2025-40949,0.00228,0.45554
2026-05,2026-05-31,CVE-2025-43368,0.00073,0.22233
2026-05,2026-05-31,CVE-2025-46836,0.00171,0.38036
2026-05,2026-05-31,CVE-2025-47219,0.00157,0.36176
2026-05,2026-05-31,CVE-2025-48989,0.01022,0.77533
2026-05,2026-05-31,CVE-2025-49794,0.00445,0.637
2026-05,2026-05-31,CVE-2025-49796,0.01777,0.83007
2026-05,2026-05-31,CVE-2025-53057,0.00068,0.2105
2026-05,2026-05-31,CVE-2025-53066,0.00049,0.15693
2026-05,2026-05-31,CVE-2025-55752,0.00215,0.4398
2026-05,2026-05-31,CVE-2025-55754,0.00135,0.33099
2026-05,2026-05-31,CVE-2025-59375,0.00078,0.23227
2026-05,2026-05-31,CVE-2025-6020,0.00072,0.22093
2026-05,2026-05-31,CVE-2025-6021,0.02116,0.84403
2026-05,2026-05-31,CVE-2025-6052,0.00284,0.52007
2026-05,2026-05-31,CVE-2025-61748,0.00027,0.0813
2026-05,2026-05-31,CVE-2025-61795,0.00129,0.32006
2026-05,2026-05-31,CVE-2025-69421,0.00128,0.31771
2026-05,2026-05-31,CVE-2025-7425,0.00192,0.40955
2026-05,2026-05-31,CVE-2025-8916,0.00092,0.25819
2026-05,2026-05-31,CVE-2025-9230,0.00037,0.11459
2026-05,2026-05-31,CVE-2025-9231,0.00034,0.10506
2026-05,2026-05-31,CVE-2025-9232,0.00053,0.17025
2026-05,2026-05-31,CVE-2025-9714,0.00011,0.01342
2026-05,2026-05-31,CVE-2025-9820,0.00014,0.02702
2026-05,2026-05-31,CVE-2026-0256,0.00057,0.17975
2026-05,2026-05-31,CVE-2026-0257,0.41505,0.97477
2026-05,2026-05-31,CVE-2026-0258,0.00065,0.20439
2026-05,2026-05-31,CVE-2026-0261,0.00114,0.29799
2026-05,2026-05-31,CVE-2026-0262,0.00067,0.20961
2026-05,2026-05-31,CVE-2026-0264,0.00095,0.26403
2026-05,2026-05-31,CVE-2026-0265,0.00028,0.08491
2026-05,2026-05-31,CVE-2026-0300,0.04536,0.89341
2026-05,2026-05-31,CVE-2026-21661,0.00015,0.03438
2026-05,2026-05-31,CVE-2026-21925,0.00055,0.1737
2026-05,2026-05-31,CVE-2026-21932,0.00056,0.17681
2026-05,2026-05-31,CVE-2026-21933,0.00016,0.03878
2026-05,2026-05-31,CVE-2026-21945,0.00089,0.25361
2026-05,2026-05-31,CVE-2026-21947,0.00065,0.20244
2026-05,2026-05-31,CVE-2026-22924,0.00051,0.16228
2026-05,2026-05-31,CVE-2026-22925,0.00052,0.16671
2026-05,2026-05-31,CVE-2026-24515,7e-05,0.00561
2026-05,2026-05-31,CVE-2026-25210,8e-05,0.00713
2026-05,2026-05-31,CVE-2026-25786,0.00057,0.18196
2026-05,2026-05-31,CVE-2026-25787,0.00057,0.18196
2026-05,2026-05-31,CVE-2026-25789,0.00141,0.33951
2026-05,2026-05-31,CVE-2026-26289,0.00033,0.10168
2026-05,2026-05-31,CVE-2026-2673,0.00023,0.06784
2026-05,2026-05-31,CVE-2026-27446,0.00156,0.36056
2026-05,2026-05-31,CVE-2026-27662,0.00033,0.10211
2026-05,2026-05-31,CVE-2026-28387,0.00044,0.14044
2026-05,2026-05-31,CVE-2026-28388,0.00045,0.14116
2026-05,2026-05-31,CVE-2026-28389,0.00113,0.29596
2026-05,2026-05-31,CVE-2026-28390,0.0014,0.33751
2026-05,2026-05-31,CVE-2026-31789,7e-05,0.00671
2026-05,2026-05-31,CVE-2026-31790,0.00042,0.13091
2026-05,2026-05-31,CVE-2026-32776,6e-05,0.00408
2026-05,2026-05-31,CVE-2026-32777,6e-05,0.00321
2026-05,2026-05-31,CVE-2026-32778,6e-05,0.00408
2026-05,2026-05-31,CVE-2026-33570,0.00022,0.06566
2026-05,2026-05-31,CVE-2026-33862,0.00033,0.09976
2026-05,2026-05-31,CVE-2026-33893,0.00052,0.16672
2026-05,2026-05-31,CVE-2026-35504,0.00012,0.01945
2026-05,2026-05-31,CVE-2026-35555,0.00024,0.07284
2026-05,2026-05-31,CVE-2026-40175,0.00063,0.19818
2026-05,2026-05-31,CVE-2026-40425,0.00021,0.06325
2026-05,2026-05-31,CVE-2026-41125,0.00021,0.06288
2026-05,2026-05-31,CVE-2026-41551,0.00059,0.18652
2026-05,2026-05-31,CVE-2026-42929,0.00014,0.02911
2026-05,2026-05-31,CVE-2026-4293,0.0004,0.12406
2026-05,2026-05-31,CVE-2026-42941,0.00014,0.02911
2026-05,2026-05-31,CVE-2026-42951,0.00015,0.0356
2026-05,2026-05-31,CVE-2026-44411,0.00016,0.04024
2026-05,2026-05-31,CVE-2026-44412,0.00016,0.04024
2026-05,2026-05-31,CVE-2026-44611,0.00011,0.01566
2026-05,2026-05-31,CVE-2026-4827,0.00066,0.20634
2026-05,2026-05-31,CVE-2026-5386,0.0005,0.16
2026-05,2026-05-31,CVE-2026-6332,0.00012,0.01941
2026-05,2026-05-31,CVE-2026-6411,0.0002,0.05847
2026-05,2026-05-31,CVE-2026-6824,0.00036,0.11015
2026-05,2026-05-31,CVE-2026-6865,0.00061,0.19331
2026-05,2026-05-31,CVE-2026-6866,0.00059,0.18731
2026-05,2026-05-31,CVE-2026-7310,0.00015,0.03235
2026-05,2026-05-31,CVE-2026-7786,0.00041,0.12922
2026-05,2026-05-31,CVE-2026-8108,5e-05,0.00293
2026-05,2026-05-31,CVE-2026-8153,0.01532,0.81622
2026-05,2026-05-31,CVE-2026-8598,0.0008,0.23655
2026-05,2026-05-31,CVE-2026-8602,0.0007,0.215
2026-05,2026-05-31,CVE-2026-8603,0.00345,0.57284
2026-05,2026-05-31,CVE-2026-8604,0.00017,0.04577
2026-05,2026-05-31,CVE-2026-8605,0.00049,0.1556
2026-05,2026-05-31,CVE-2026-9037,0.00031,0.09544
2026-05,2026-05-31,CVE-2026-9038,0.00023,0.06868
2026-05,2026-05-31,CVE-2026-9039,0.00018,0.05308
2026-06,2026-06-30,CVE-2025-10966,0.00373,0.29094
2026-06,2026-06-30,CVE-2025-11001,0.27017,0.97792
2026-06,2026-06-30,CVE-2025-11694,0.0017,0.0667
2026-06,2026-06-30,CVE-2025-13036,0.0029,0.20619
2026-06,2026-06-30,CVE-2025-13162,0.00083,0.00337
2026-06,2026-06-30,CVE-2025-13465,0.01535,0.7169
2026-06,2026-06-30,CVE-2025-1352,0.00614,0.44871
2026-06,2026-06-30,CVE-2025-13601,0.00306,0.22208
2026-06,2026-06-30,CVE-2025-1376,0.00287,0.20396
2026-06,2026-06-30,CVE-2025-14272,0.00235,0.14238
2026-06,2026-06-30,CVE-2025-14771,0.00347,0.26601
2026-06,2026-06-30,CVE-2025-14772,0.00292,0.2086
2026-06,2026-06-30,CVE-2025-14773,0.00181,0.07841
2026-06,2026-06-30,CVE-2025-14774,0.0018,0.07776
2026-06,2026-06-30,CVE-2025-15467,0.47621,0.98698
2026-06,2026-06-30,CVE-2025-31115,0.00618,0.45087
2026-06,2026-06-30,CVE-2025-36539,0.00345,0.26399
2026-06,2026-06-30,CVE-2025-39913,0.00171,0.06727
2026-06,2026-06-30,CVE-2025-40248,0.00195,0.09401
2026-06,2026-06-30,CVE-2025-40251,0.00123,0.02378
2026-06,2026-06-30,CVE-2025-40254,0.00199,0.09876
2026-06,2026-06-30,CVE-2025-40258,0.00165,0.06023
2026-06,2026-06-30,CVE-2025-40271,0.00544,0.41493
2026-06,2026-06-30,CVE-2025-40280,0.00199,0.09815
2026-06,2026-06-30,CVE-2025-40281,0.00199,0.09815
2026-06,2026-06-30,CVE-2025-44019,0.00364,0.28288
2026-06,2026-06-30,CVE-2025-46394,0.00149,0.04491
2026-06,2026-06-30,CVE-2025-49794,0.00669,0.473
2026-06,2026-06-30,CVE-2025-49795,0.00475,0.37512
2026-06,2026-06-30,CVE-2025-49796,0.01437,0.69824
2026-06,2026-06-30,CVE-2025-53816,0.00635,0.45832
2026-06,2026-06-30,CVE-2025-53817,0.00614,0.44906
2026-06,2026-06-30,CVE-2025-55188,0.0069,0.4812
2026-06,2026-06-30,CVE-2025-6052,0.00419,0.33556
2026-06,2026-06-30,CVE-2025-60876,0.00258,0.17065
2026-06,2026-06-30,CVE-2025-6141,0.00162,0.05747
2026-06,2026-06-30,CVE-2025-6170,0.0019,0.0881
2026-06,2026-06-30,CVE-2025-66035,0.00572,0.42953
2026-06,2026-06-30,CVE-2025-66382,0.00183,0.08108
2026-06,2026-06-30,CVE-2025-66412,0.00377,0.2956
2026-06,2026-06-30,CVE-2025-69720,0.00414,0.33081
2026-06,2026-06-30,CVE-2025-7039,0.0037,0.28874
2026-06,2026-06-30,CVE-2025-7064,0.00116,0.01912
2026-06,2026-06-30,CVE-2025-71190,0.00183,0.0809
2026-06,2026-06-30,CVE-2025-8732,0.00135,0.03289
2026-06,2026-06-30,CVE-2025-9086,0.01301,0.66879
2026-06,2026-06-30,CVE-2025-9230,0.01744,0.7496
2026-06,2026-06-30,CVE-2025-9231,0.02234,0.80579
2026-06,2026-06-30,CVE-2025-9232,0.02016,0.78482
2026-06,2026-06-30,CVE-2026-0646,0.00343,0.26166
2026-06,2026-06-30,CVE-2026-0647,0.00435,0.34766
2026-06,2026-06-30,CVE-2026-10557,0.00353,0.27236
2026-06,2026-06-30,CVE-2026-10763,0.00347,0.26573
2026-06,2026-06-30,CVE-2026-11317,0.00302,0.21749
2026-06,2026-06-30,CVE-2026-12390,0.00148,0.0441
2026-06,2026-06-30,CVE-2026-12578,0.00388,0.30639
2026-06,2026-06-30,CVE-2026-12818,0.00253,0.16481
2026-06,2026-06-30,CVE-2026-12819,0.0031,0.22731
2026-06,2026-06-30,CVE-2026-12897,0.00134,0.03222
2026-06,2026-06-30,CVE-2026-12921,0.0014,0.03769
2026-06,2026-06-30,CVE-2026-13207,,
2026-06,2026-06-30,CVE-2026-1484,0.00304,0.21989
2026-06,2026-06-30,CVE-2026-1489,0.00325,0.24299
2026-06,2026-06-30,CVE-2026-1840,0.00726,0.49455
2026-06,2026-06-30,CVE-2026-21404,0.00122,0.02283
2026-06,2026-06-30,CVE-2026-22610,0.00444,0.35427
2026-06,2026-06-30,CVE-2026-22976,0.00118,0.02026
2026-06,2026-06-30,CVE-2026-22977,0.00123,0.02462
2026-06,2026-06-30,CVE-2026-23038,0.00222,0.12678
2026-06,2026-06-30,CVE-2026-23111,0.00344,0.26289
2026-06,2026-06-30,CVE-2026-23231,0.00812,0.52362
2026-06,2026-06-30,CVE-2026-24349,0.00057,7e-05
2026-06,2026-06-30,CVE-2026-24515,0.0017,0.06666
2026-06,2026-06-30,CVE-2026-25210,0.00193,0.0912
2026-06,2026-06-30,CVE-2026-26157,0.00682,0.47811
2026-06,2026-06-30,CVE-2026-26158,0.0016,0.05566
2026-06,2026-06-30,CVE-2026-28701,0.00839,0.53225
2026-06,2026-06-30,CVE-2026-28742,0.0033,0.24778
2026-06,2026-06-30,CVE-2026-31431,0.96775,0.99879
2026-06,2026-06-30,CVE-2026-31928,0.0045,0.35871
2026-06,2026-06-30,CVE-2026-33560,0.00341,0.2593
2026-06,2026-06-30,CVE-2026-35535,0.00173,0.0704
2026-06,2026-06-30,CVE-2026-3784,0.00302,0.21757
2026-06,2026-06-30,CVE-2026-40624,0.00616,0.45016
2026-06,2026-06-30,CVE-2026-40702,0.00378,0.29603
2026-06,2026-06-30,CVE-2026-41918,0.00194,0.09267
2026-06,2026-06-30,CVE-2026-42932,0.00233,0.14096
2026-06,2026-06-30,CVE-2026-42945,0.61469,0.99052
2026-06,2026-06-30,CVE-2026-42947,0.00312,0.22892
2026-06,2026-06-30,CVE-2026-43284,0.93235,0.99821
2026-06,2026-06-30,CVE-2026-44622,0.00248,0.15969
2026-06,2026-06-30,CVE-2026-46333,0.01241,0.65455
2026-06,2026-06-30,CVE-2026-46746,0.00451,0.35967
2026-06,2026-06-30,CVE-2026-46747,0.00242,0.15245
2026-06,2026-06-30,CVE-2026-46748,0.00206,0.10681
2026-06,2026-06-30,CVE-2026-46749,0.00121,0.02232
2026-06,2026-06-30,CVE-2026-48192,,
2026-06,2026-06-30,CVE-2026-50005,0.00197,0.09645
2026-06,2026-06-30,CVE-2026-50040,,
2026-06,2026-06-30,CVE-2026-50099,0.00171,0.06743
2026-06,2026-06-30,CVE-2026-50101,0.00281,0.19794
2026-06,2026-06-30,CVE-2026-50108,0.00306,0.22226
2026-06,2026-06-30,CVE-2026-50110,,
2026-06,2026-06-30,CVE-2026-50176,0.00391,0.30891
2026-06,2026-06-30,CVE-2026-50244,0.00221,0.12568
2026-06,2026-06-30,CVE-2026-50245,0.00156,0.05196
2026-06,2026-06-30,CVE-2026-54479,0.00246,0.15786
2026-06,2026-06-30,CVE-2026-55721,,
2026-06,2026-06-30,CVE-2026-55975,0.00653,0.46612
2026-06,2026-06-30,CVE-2026-56413,,
2026-06,2026-06-30,CVE-2026-56414,0.004,0.3188
2026-06,2026-06-30,CVE-2026-56415,,
2026-06,2026-06-30,CVE-2026-7368,0.00259,0.17176
2026-06,2026-06-30,CVE-2026-8805,0.00379,0.29731
2026-06,2026-06-30,CVE-2026-8806,0.00367,0.28508
2026-06,2026-06-30,CVE-2026-9307,0.00298,0.21413
2026-06,2026-06-30,CVE-2026-9650,0.00247,0.15872
2026-06,2026-06-30,CVE-2026-9651,0.00106,0.01323
2026-06,2026-06-30,CVE-2026-9716,0.00253,0.16482
2026-06,2026-06-30,CVE-2026-9717,0.01002,0.5852
2026-06,2026-06-30,CVE-2026-9718,0.00242,0.15209
2026-07,2026-07-31,CVE-2018-25032,0.52063,0.98846
2026-07,2026-07-31,CVE-2020-7921,0.0066,0.48002
2026-07,2026-07-31,CVE-2020-7923,0.01275,0.67049
2026-07,2026-07-31,CVE-2020-7924,0.00691,0.49261
2026-07,2026-07-31,CVE-2020-7929,0.01289,0.6736
2026-07,2026-07-31,CVE-2021-20328,0.00432,0.35541
2026-07,2026-07-31,CVE-2021-20330,0.01037,0.60527
2026-07,2026-07-31,CVE-2021-32036,0.01034,0.60459
2026-07,2026-07-31,CVE-2021-32040,0.0197,0.78425
2026-07,2026-07-31,CVE-2022-37434,0.15502,0.9647
2026-07,2026-07-31,CVE-2022-37660,0.00361,0.28819
2026-07,2026-07-31,CVE-2022-48174,0.0313,0.86566
2026-07,2026-07-31,CVE-2023-28531,0.02267,0.81282
2026-07,2026-07-31,CVE-2023-45853,0.03179,0.86769
2026-07,2026-07-31,CVE-2023-51384,0.00426,0.35052
2026-07,2026-07-31,CVE-2024-26783,0.00242,0.15529
2026-07,2026-07-31,CVE-2024-27056,0.0024,0.15208
2026-07,2026-07-31,CVE-2024-28956,0.00371,0.29812
2026-07,2026-07-31,CVE-2024-36903,0.0023,0.13955
2026-07,2026-07-31,CVE-2024-36927,0.00166,0.06219
2026-07,2026-07-31,CVE-2024-3980,0.00611,0.45806
2026-07,2026-07-31,CVE-2024-3982,0.00217,0.1226
2026-07,2026-07-31,CVE-2024-42079,0.00268,0.18808
2026-07,2026-07-31,CVE-2024-46786,0.00224,0.13133
2026-07,2026-07-31,CVE-2024-47736,0.00182,0.08041
2026-07,2026-07-31,CVE-2024-47809,0.00219,0.12541
2026-07,2026-07-31,CVE-2024-4872,0.00496,0.3982
2026-07,2026-07-31,CVE-2024-49968,0.00245,0.15855
2026-07,2026-07-31,CVE-2024-49994,0.00239,0.15077
2026-07,2026-07-31,CVE-2024-49998,0.00174,0.07058
2026-07,2026-07-31,CVE-2024-50014,0.00222,0.12952
2026-07,2026-07-31,CVE-2024-50063,0.00232,0.14207
2026-07,2026-07-31,CVE-2024-50298,0.00218,0.12323
2026-07,2026-07-31,CVE-2024-53170,0.0024,0.15259
2026-07,2026-07-31,CVE-2024-54458,0.00229,0.13885
2026-07,2026-07-31,CVE-2024-56631,0.00285,0.20813
2026-07,2026-07-31,CVE-2024-56703,0.00207,0.11003
2026-07,2026-07-31,CVE-2024-56719,0.00209,0.11237
2026-07,2026-07-31,CVE-2024-57979,0.00256,0.17199
2026-07,2026-07-31,CVE-2024-58011,0.00211,0.11476
2026-07,2026-07-31,CVE-2024-58058,0.00192,0.09156
2026-07,2026-07-31,CVE-2024-7940,0.00546,0.42724
2026-07,2026-07-31,CVE-2024-7941,0.00316,0.23992
2026-07,2026-07-31,CVE-2025-10585,0.0543,0.91907
2026-07,2026-07-31,CVE-2025-11698,0.00303,0.22694
2026-07,2026-07-31,CVE-2025-12011,0.00303,0.22694
2026-07,2026-07-31,CVE-2025-12012,0.00303,0.22693
2026-07,2026-07-31,CVE-2025-13223,0.04915,0.91237
2026-07,2026-07-31,CVE-2025-14847,0.83007,0.99643
2026-07,2026-07-31,CVE-2025-15467,0.47621,0.98727
2026-07,2026-07-31,CVE-2025-21676,0.00423,0.34838
2026-07,2026-07-31,CVE-2025-21682,0.00217,0.12221
2026-07,2026-07-31,CVE-2025-21731,0.00219,0.12521
2026-07,2026-07-31,CVE-2025-21760,0.33417,0.9821
2026-07,2026-07-31,CVE-2025-21764,0.00258,0.17445
2026-07,2026-07-31,CVE-2025-21780,0.00258,0.17459
2026-07,2026-07-31,CVE-2025-21796,0.00625,0.46494
2026-07,2026-07-31,CVE-2025-21846,0.00222,0.12944
2026-07,2026-07-31,CVE-2025-21861,0.00212,0.11684
2026-07,2026-07-31,CVE-2025-21864,0.00219,0.12491
2026-07,2026-07-31,CVE-2025-21867,0.00186,0.08441
2026-07,2026-07-31,CVE-2025-21887,0.00189,0.08879
2026-07,2026-07-31,CVE-2025-21919,0.00198,0.09907
2026-07,2026-07-31,CVE-2025-21959,0.004,0.32795
2026-07,2026-07-31,CVE-2025-21999,0.002,0.10069
2026-07,2026-07-31,CVE-2025-22005,0.00187,0.08551
2026-07,2026-07-31,CVE-2025-22056,0.00258,0.17493
2026-07,2026-07-31,CVE-2025-23136,0.00188,0.08722
2026-07,2026-07-31,CVE-2025-26465,0.07449,0.93834
2026-07,2026-07-31,CVE-2025-32462,0.03665,0.88518
2026-07,2026-07-31,CVE-2025-38232,0.00142,0.03984
2026-07,2026-07-31,CVE-2025-38591,0.00193,0.09264
2026-07,2026-07-31,CVE-2025-39953,0.0014,0.03819
2026-07,2026-07-31,CVE-2025-39955,0.00147,0.04431
2026-07,2026-07-31,CVE-2025-39964,0.00252,0.1667
2026-07,2026-07-31,CVE-2025-40135,0.00536,0.42174
2026-07,2026-07-31,CVE-2025-40300,0.00331,0.25697
2026-07,2026-07-31,CVE-2025-40945,0.00112,0.0157
2026-07,2026-07-31,CVE-2025-5222,0.00315,0.23889
2026-07,2026-07-31,CVE-2025-5914,0.00326,0.25104
2026-07,2026-07-31,CVE-2025-61984,0.00284,0.20698
2026-07,2026-07-31,CVE-2025-61985,0.00118,0.01983
2026-07,2026-07-31,CVE-2025-68261,0.00466,0.37985
2026-07,2026-07-31,CVE-2025-68264,0.00189,0.08801
2026-07,2026-07-31,CVE-2025-68337,0.00466,0.37986
2026-07,2026-07-31,CVE-2025-68349,0.00601,0.45373
2026-07,2026-07-31,CVE-2025-68724,0.00125,0.02576
2026-07,2026-07-31,CVE-2025-68725,0.00168,0.06428
2026-07,2026-07-31,CVE-2025-68764,0.00126,0.02691
2026-07,2026-07-31,CVE-2025-68782,0.00501,0.40139
2026-07,2026-07-31,CVE-2025-68788,0.00177,0.07519
2026-07,2026-07-31,CVE-2025-68816,0.00177,0.07458
2026-07,2026-07-31,CVE-2025-68820,0.00177,0.07458
2026-07,2026-07-31,CVE-2025-71075,0.00126,0.02645
2026-07,2026-07-31,CVE-2025-71085,0.00239,0.15076
2026-07,2026-07-31,CVE-2025-71097,0.00114,0.01749
2026-07,2026-07-31,CVE-2025-71098,0.00114,0.01749
2026-07,2026-07-31,CVE-2025-71104,0.00095,0.00755
2026-07,2026-07-31,CVE-2025-71113,0.00123,0.02446
2026-07,2026-07-31,CVE-2025-71114,0.00123,0.02474
2026-07,2026-07-31,CVE-2025-71120,0.00413,0.34013
2026-07,2026-07-31,CVE-2025-71131,0.00239,0.15076
2026-07,2026-07-31,CVE-2025-71190,0.00187,0.08652
2026-07,2026-07-31,CVE-2025-9230,0.01744,0.75533
2026-07,2026-07-31,CVE-2025-9231,0.02234,0.81021
2026-07,2026-07-31,CVE-2025-9232,0.02251,0.81152
2026-07,2026-07-31,CVE-2026-0266,0.00129,0.02944
2026-07,2026-07-31,CVE-2026-0272,0.00261,0.17849
2026-07,2026-07-31,CVE-2026-0273,0.01339,0.68482
2026-07,2026-07-31,CVE-2026-10573,0.00253,0.16835
2026-07,2026-07-31,CVE-2026-10577,0.00303,0.2272
2026-07,2026-07-31,CVE-2026-10714,0.00113,0.01682
2026-07,2026-07-31,CVE-2026-11889,0.00192,0.09119
2026-07,2026-07-31,CVE-2026-11917,0.00324,0.24936
2026-07,2026-07-31,CVE-2026-12352,0.00259,0.17584
2026-07,2026-07-31,CVE-2026-12562,0.00278,0.20097
2026-07,2026-07-31,CVE-2026-12659,0.0032,0.24491
2026-07,2026-07-31,CVE-2026-12705,0.00098,0.0093
2026-07,2026-07-31,CVE-2026-12927,0.00201,0.10199
2026-07,2026-07-31,CVE-2026-12948,0.00269,0.18966
2026-07,2026-07-31,CVE-2026-13584,0.00114,0.01708
2026-07,2026-07-31,CVE-2026-13743,0.00116,0.01884
2026-07,2026-07-31,CVE-2026-13768,0.00582,0.44531
2026-07,2026-07-31,CVE-2026-14227,0.00222,0.1293
2026-07,2026-07-31,CVE-2026-14480,0.0044,0.36203
2026-07,2026-07-31,CVE-2026-15352,0.00429,0.35331
2026-07,2026-07-31,CVE-2026-16002,0.00257,0.17404
2026-07,2026-07-31,CVE-2026-16347,0.00233,0.14377
2026-07,2026-07-31,CVE-2026-16581,0.00225,0.13337
2026-07,2026-07-31,CVE-2026-18064,0.00339,0.265
2026-07,2026-07-31,CVE-2026-20744,0.00562,0.43525
2026-07,2026-07-31,CVE-2026-21653,0.00229,0.13852
2026-07,2026-07-31,CVE-2026-21655,0.00165,0.06134
2026-07,2026-07-31,CVE-2026-21662,,
2026-07,2026-07-31,CVE-2026-22184,0.00381,0.30879
2026-07,2026-07-31,CVE-2026-22977,0.00126,0.02709
2026-07,2026-07-31,CVE-2026-22980,0.0013,0.03038
2026-07,2026-07-31,CVE-2026-22992,0.00275,0.19662
2026-07,2026-07-31,CVE-2026-23003,0.00468,0.38072
2026-07,2026-07-31,CVE-2026-23005,0.00199,0.09973
2026-07,2026-07-31,CVE-2026-23011,0.00187,0.08611
2026-07,2026-07-31,CVE-2026-23038,0.00245,0.15895
2026-07,2026-07-31,CVE-2026-23060,0.00123,0.0247
2026-07,2026-07-31,CVE-2026-23083,0.00129,0.02972
2026-07,2026-07-31,CVE-2026-23084,0.00123,0.02409
2026-07,2026-07-31,CVE-2026-23086,0.00142,0.04011
2026-07,2026-07-31,CVE-2026-23095,0.00239,0.15076
2026-07,2026-07-31,CVE-2026-23103,0.00107,0.01318
2026-07,2026-07-31,CVE-2026-23110,0.00095,0.008
2026-07,2026-07-31,CVE-2026-23111,0.00481,0.38964
2026-07,2026-07-31,CVE-2026-23154,0.00115,0.01776
2026-07,2026-07-31,CVE-2026-23204,0.00122,0.02374
2026-07,2026-07-31,CVE-2026-23231,0.00788,0.5264
2026-07,2026-07-31,CVE-2026-23243,0.00131,0.03075
2026-07,2026-07-31,CVE-2026-27135,0.00775,0.52199
2026-07,2026-07-31,CVE-2026-28698,0.00259,0.17554
2026-07,2026-07-31,CVE-2026-31431,0.94545,0.99846
2026-07,2026-07-31,CVE-2026-34490,,
2026-07,2026-07-31,CVE-2026-34495,,
2026-07,2026-07-31,CVE-2026-34496,0.00205,0.10654
2026-07,2026-07-31,CVE-2026-34497,,
2026-07,2026-07-31,CVE-2026-3497,0.0218,0.8056
2026-07,2026-07-31,CVE-2026-38056,,
2026-07,2026-07-31,CVE-2026-38057,0.00226,0.1339
2026-07,2026-07-31,CVE-2026-38058,,
2026-07,2026-07-31,CVE-2026-38059,0.00431,0.3546
2026-07,2026-07-31,CVE-2026-40355,0.00611,0.45794
2026-07,2026-07-31,CVE-2026-40430,0.00232,0.14224
2026-07,2026-07-31,CVE-2026-41989,0.00182,0.08103
2026-07,2026-07-31,CVE-2026-42933,0.00285,0.20754
2026-07,2026-07-31,CVE-2026-42952,0.00403,0.3315
2026-07,2026-07-31,CVE-2026-42953,0.0014,0.03874
2026-07,2026-07-31,CVE-2026-42958,0.00128,0.02892
2026-07,2026-07-31,CVE-2026-43284,0.93235,0.99825
2026-07,2026-07-31,CVE-2026-43500,0.92855,0.9982
2026-07,2026-07-31,CVE-2026-44955,0.00206,0.10875
2026-07,2026-07-31,CVE-2026-46333,0.01501,0.71732
2026-07,2026-07-31,CVE-2026-49033,0.0013,0.03069
2026-07,2026-07-31,CVE-2026-49035,0.00369,0.29667
2026-07,2026-07-31,CVE-2026-50032,0.00263,0.18015
2026-07,2026-07-31,CVE-2026-50039,0.00267,0.18713
2026-07,2026-07-31,CVE-2026-50044,0.00084,0.00359
2026-07,2026-07-31,CVE-2026-50103,0.00165,0.06127
2026-07,2026-07-31,CVE-2026-5121,0.01073,0.61587
2026-07,2026-07-31,CVE-2026-54429,0.00163,0.05944
2026-07,2026-07-31,CVE-2026-54477,0.00271,0.19139
2026-07,2026-07-31,CVE-2026-54798,0.0024,0.15197
2026-07,2026-07-31,CVE-2026-54799,0.00127,0.02769
2026-07,2026-07-31,CVE-2026-54800,0.00146,0.04345
2026-07,2026-07-31,CVE-2026-54801,0.0034,0.26618
2026-07,2026-07-31,CVE-2026-55726,0.00394,0.32138
2026-07,2026-07-31,CVE-2026-55985,0.00149,0.04673
2026-07,2026-07-31,CVE-2026-56451,0.00305,0.22885
2026-07,2026-07-31,CVE-2026-56758,0.00181,0.07923
2026-07,2026-07-31,CVE-2026-57896,0.00106,0.0128
2026-07,2026-07-31,CVE-2026-5846,0.00163,0.05941
2026-07,2026-07-31,CVE-2026-60063,0.00107,0.01311
2026-07,2026-07-31,CVE-2026-60073,0.00167,0.06355
2026-07,2026-07-31,CVE-2026-60134,0.00315,0.23892
2026-07,2026-07-31,CVE-2026-60135,0.00213,0.11786
2026-07,2026-07-31,CVE-2026-60140,0.00106,0.0128
2026-07,2026-07-31,CVE-2026-61378,0.00113,0.01645
2026-07,2026-07-31,CVE-2026-61389,0.00107,0.01311
2026-07,2026-07-31,CVE-2026-61884,0.00664,0.48164
2026-07,2026-07-31,CVE-2026-61886,0.00231,0.14039
2026-07,2026-07-31,CVE-2026-61892,0.00274,0.19613
2026-07,2026-07-31,CVE-2026-61893,0.00264,0.18145
2026-07,2026-07-31,CVE-2026-63033,0.00264,0.18145
2026-07,2026-07-31,CVE-2026-63035,0.00572,0.44036
2026-07,2026-07-31,CVE-2026-63362,0.01528,0.72196
2026-07,2026-07-31,CVE-2026-63550,0.00249,0.16329
2026-07,2026-07-31,CVE-2026-63559,0.00434,0.35688
2026-07,2026-07-31,CVE-2026-65421,0.00175,0.07197
2026-07,2026-07-31,CVE-2026-65423,0.00605,0.45541
2026-07,2026-07-31,CVE-2026-66349,0.00181,0.07922
2026-07,2026-07-31,CVE-2026-66360,0.00278,0.20122
2026-07,2026-07-31,CVE-2026-66364,0.00175,0.07198
2026-07,2026-07-31,CVE-2026-66369,0.00175,0.07197
2026-07,2026-07-31,CVE-2026-66720,0.00175,0.07197
2026-07,2026-07-31,CVE-2026-7891,0.00273,0.19524
2026-07,2026-07-31,CVE-2026-8085,0.0018,0.07854
2026-07,2026-07-31,CVE-2026-8312,0.0018,0.07855
2026-07,2026-07-31,CVE-2026-8313,0.0018,0.07855
2026-07,2026-07-31,CVE-2026-8314,0.0018,0.07854
2026-07,2026-07-31,CVE-2026-9108,0.00109,0.01454
2026-07,2026-07-31,CVE-2026-9128,0.00096,0.00854
2026-07,2026-07-31,CVE-2026-9140,0.00253,0.16834
2026-07,2026-07-31,CVE-2026-9292,0.00329,0.25456
2026-07,2026-07-31,CVE-2026-9636,0.0014,0.03809
2026-07,2026-07-31,CVE-2026-9653,0.00178,0.0758
2026-08,2026-08-31,CVE-2019-11043,0.9978,0.99955
2026-08,2026-08-31,CVE-2025-71409,0.002,0.0983
2026-08,2026-08-31,CVE-2025-71410,0.00198,0.09655
2026-08,2026-08-31,CVE-2025-71411,0.00198,0.09655
2026-08,2026-08-31,CVE-2025-71412,0.00184,0.08084
2026-08,2026-08-31,CVE-2025-71413,0.00198,0.09654
2026-08,2026-08-31,CVE-2025-7639,0.00333,0.25904
2026-08,2026-08-31,CVE-2026-13336,,
2026-08,2026-08-31,CVE-2026-13337,,
2026-08,2026-08-31,CVE-2026-13348,,
2026-08,2026-08-31,CVE-2026-18411,0.00209,0.10982
2026-08,2026-08-31,CVE-2026-18717,0.00216,0.11858
2026-08,2026-08-31,CVE-2026-18965,0.00442,0.36886
2026-08,2026-08-31,CVE-2026-19188,0.01935,0.78622
2026-08,2026-08-31,CVE-2026-19670,0.00185,0.08145
2026-08,2026-08-31,CVE-2026-19671,0.00326,0.25101
2026-08,2026-08-31,CVE-2026-23573,0.00385,0.31471
2026-08,2026-08-31,CVE-2026-27871,0.00177,0.07339
2026-08,2026-08-31,CVE-2026-27875,0.00065,0.00019
2026-08,2026-08-31,CVE-2026-3014,0.00782,0.53449
2026-08,2026-08-31,CVE-2026-34491,0.00295,0.21598
2026-08,2026-08-31,CVE-2026-34492,0.00267,0.18511
2026-08,2026-08-31,CVE-2026-50058,0.00113,0.01592
2026-08,2026-08-31,CVE-2026-50059,0.00113,0.01592
2026-08,2026-08-31,CVE-2026-50060,0.00113,0.01592
2026-08,2026-08-31,CVE-2026-50061,0.00113,0.01586
2026-08,2026-08-31,CVE-2026-50062,0.00113,0.01585
2026-08,2026-08-31,CVE-2026-50063,0.00113,0.01585
2026-08,2026-08-31,CVE-2026-50064,0.00113,0.01585
2026-08,2026-08-31,CVE-2026-55676,0.00317,0.24083
2026-08,2026-08-31,CVE-2026-57262,0.00112,0.01484
2026-08,2026-08-31,CVE-2026-57263,0.00084,0.00306
2026-08,2026-08-31,CVE-2026-58115,0.00654,0.48816
2026-08,2026-08-31,CVE-2026-59086,0.00117,0.01866
2026-08,2026-08-31,CVE-2026-59693,0.00167,0.06185
2026-08,2026-08-31,CVE-2026-59700,0.00113,0.01585
2026-08,2026-08-31,CVE-2026-59701,0.00113,0.01586
2026-08,2026-08-31,CVE-2026-59769,0.00331,0.25698
2026-08,2026-08-31,CVE-2026-59839,0.00251,0.16341
2026-08,2026-08-31,CVE-2026-63133,0.00264,0.18032
2026-08,2026-08-31,CVE-2026-63134,0.00264,0.17998
2026-08,2026-08-31,CVE-2026-63177,0.00189,0.08542
2026-08,2026-08-31,CVE-2026-64629,0.00113,0.01586
2026-08,2026-08-31,CVE-2026-64887,0.00113,0.01571
2026-08,2026-08-31,CVE-2026-65309,0.00152,0.04703
2026-08,2026-08-31,CVE-2026-65310,0.00318,0.24216
2026-08,2026-08-31,CVE-2026-65311,0.00269,0.18656
2026-08,2026-08-31,CVE-2026-65313,0.00176,0.07238
2026-08,2026-08-31,CVE-2026-67560,0.00334,0.26015
2026-08,2026-08-31,CVE-2026-67578,0.00301,0.22225
2026-08,2026-08-31,CVE-2026-68967,0.00257,0.17083
2026-08,2026-08-31,CVE-2026-69108,0.00109,0.01373
2026-08,2026-08-31,CVE-2026-69109,0.00472,0.38943
2026-08,2026-08-31,CVE-2026-69658,0.00239,0.14819
2026-08,2026-08-31,CVE-2026-71187,0.00521,0.42135
2026-08,2026-08-31,CVE-2026-71396,0.00236,0.14451
2026-08,2026-08-31,CVE-2026-73125,0.0053,0.4268
2026-08,2026-08-31,CVE-2026-73809,0.00167,0.06186
2026-08,2026-08-31,CVE-2026-73819,,
2026-08,2026-08-31,CVE-2026-73839,0.00153,0.04756
2026-08,2026-08-31,CVE-2026-75112,0.00113,0.01567
2026-08,2026-08-31,CVE-2026-75548,0.00171,0.06655
2026-08,2026-08-31,CVE-2026-75813,0.00255,0.16868
2026-08,2026-08-31,CVE-2026-75814,0.00176,0.07224
2026-08,2026-08-31,CVE-2026-75925,,
2026-08,2026-08-31,CVE-2026-75960,0.0035,0.27781
2026-08,2026-08-31,CVE-2026-76060,0.02315,0.82215
2026-08,2026-08-31,CVE-2026-76133,,
2026-08,2026-08-31,CVE-2026-76179,0.00434,0.36261
2026-08,2026-08-31,CVE-2026-76940,0.00357,0.28565
2026-08,2026-08-31,CVE-2026-76943,0.00674,0.49626
2026-08,2026-08-31,CVE-2026-76945,0.00364,0.29326
2026-08,2026-08-31,CVE-2026-77966,,
2026-08,2026-08-31,CVE-2026-77975,,
2026-08,2026-08-31,CVE-2026-77977,0.00229,0.13473
2026-08,2026-08-31,CVE-2026-78037,0.0122,0.66562
2026-08,2026-08-31,CVE-2026-78239,0.00552,0.4395
2026-09,2026-09-17,CVE-2024-42384,0.00481,0.40434
2026-09,2026-09-17,CVE-2024-42385,0.00095,0.00768
2026-09,2026-09-17,CVE-2024-42386,0.00378,0.31519
2026-09,2026-09-17,CVE-2024-42391,0.00283,0.20959
2026-09,2026-09-17,CVE-2024-42392,0.00234,0.14482
2026-09,2026-09-17,CVE-2025-12768,0.00285,0.21084
2026-09,2026-09-17,CVE-2026-12661,0.00149,0.04444
2026-09,2026-09-17,CVE-2026-12663,0.00105,0.0122
2026-09,2026-09-17,CVE-2026-15688,0.00119,0.01982
2026-09,2026-09-17,CVE-2026-16675,0.00105,0.01193
2026-09,2026-09-17,CVE-2026-19471,0.00258,0.17674
2026-09,2026-09-17,CVE-2026-19472,0.00289,0.21561
2026-09,2026-09-17,CVE-2026-58113,0.00218,0.1239
2026-09,2026-09-17,CVE-2026-62645,0.00348,0.28275
2026-09,2026-09-17,CVE-2026-62646,0.00315,0.24451
2026-09,2026-09-17,CVE-2026-62647,0.00337,0.27014
2026-09,2026-09-17,CVE-2026-62648,0.00327,0.25903
2026-09,2026-09-17,CVE-2026-62649,0.00327,0.25903
2026-09,2026-09-17,CVE-2026-62650,0.00319,0.24961
2026-09,2026-09-17,CVE-2026-62652,0.00206,0.10973
2026-09,2026-09-17,CVE-2026-62653,0.00183,0.08109
2026-09,2026-09-17,CVE-2026-62654,0.0011,0.01445
2026-09,2026-09-17,CVE-2026-66372,0.00196,0.09614
2026-09,2026-09-17,CVE-2026-66887,0.00197,0.09719
2026-09,2026-09-17,CVE-2026-66890,0.00197,0.09719
2026-09,2026-09-17,CVE-2026-68070,0.00272,0.19654
2026-09,2026-09-17,CVE-2026-68950,0.00224,0.13155
2026-09,2026-09-17,CVE-2026-68953,0.00374,0.31111
2026-09,2026-09-17,CVE-2026-73807,0.00651,0.49602
2026-09,2026-09-17,CVE-2026-77393,0.00506,0.42062
2026-09,2026-09-17,CVE-2026-77960,,
2026-09,2026-09-17,CVE-2026-78012,0.00475,0.40055
2026-09,2026-09-17,CVE-2026-78225,0.00413,0.35128
2026-09,2026-09-17,CVE-2026-80465,0.00176,0.07347
2026-09,2026-09-17,CVE-2026-81821,0.00106,0.01233
2026-09,2026-09-17,CVE-2026-81822,0.00083,0.00291
2026-09,2026-09-17,CVE-2026-81823,0.00224,0.13193
2026-09,2026-09-17,CVE-2026-81824,0.00211,0.11554
2026-09,2026-09-17,CVE-2026-81855,0.00485,0.40702
2026-09,2026-09-17,CVE-2026-81861,0.00384,0.322
2026-09,2026-09-17,CVE-2026-82567,0.00343,0.27732
2026-09,2026-09-17,CVE-2026-82684,0.00464,0.39243
2026-09,2026-09-17,CVE-2026-82712,0.00248,0.16366
2026-09,2026-09-17,CVE-2026-85083,0.00294,0.22069
2026-09,2026-09-17,CVE-2026-86520,,
2026-09,2026-09-17,CVE-2026-86689,,
2026-09,2026-09-17,CVE-2026-90443,0.00319,0.24915
2026-09,2026-09-17,CVE-2026-90444,0.00234,0.14507
2026-09,2026-09-17,CVE-2026-90445,0.00347,0.28222
2026-09,2026-09-17,CVE-2026-90446,0.00207,0.11074
2026-09,2026-09-17,CVE-2026-90447,0.00268,0.19136
2026-09,2026-09-17,CVE-2026-90448,0.00207,0.11074
2026-09,2026-09-17,CVE-2026-90449,0.0031,0.23935
2026-09,2026-09-17,CVE-2026-90450,0.00219,0.12549
2026-09,2026-09-17,CVE-2026-90451,0.00328,0.25993
2026-09,2026-09-17,CVE-2026-90452,0.00091,0.00544
2026-09,2026-09-17,CVE-2026-90453,0.00225,0.13379
2026-09,2026-09-17,CVE-2026-90454,0.00207,0.11073
2026-09,2026-09-17,CVE-2026-90455,0.00219,0.12592
2026-09,2026-09-17,CVE-2026-90456,0.00253,0.17024
2026-09,2026-09-17,CVE-2026-90457,0.00092,0.00589
2026-09,2026-09-17,CVE-2026-9621,0.00312,0.24079
2026-09,2026-09-17,CVE-2026-9622,0.00312,0.24078
2026-09,2026-09-17,CVE-2026-9624,0.00312,0.24077
2026-09,2026-09-17,CVE-2026-9625,0.00312,0.2408
2026-09,2026-09-17,CVE-2026-9633,0.00091,0.00573
2026-09,2026-09-17,CVE-2026-9634,0.00091,0.00573
2026-09,2026-09-17,CVE-2026-9637,0.00312,0.24078
